author,rating,title,content
,"1,5",,"Répétition en boucle: les votes ,les jeux et entre temps des longueurs interminables, la série s'enferme dans la répétition, elle n'arrive pas à évoluée, elle stagne, inutile de poursuivre avec une suite, car ça devient vraiment lourd!"
,"3,5",,"Une saison en demi teinte. Un début très lourd et long à redémarrer, avec vraiment un sentiment de répétition et de lassitude. Mais bon la série reste efficace et nous entraîne très vite dans ses rouages notamment grâce à de nouveaux jeux. Mais comment clore une histoire et finir une nouvelle session de jeu aussi rapidement ? Et c’est là le gros problème, beaucoup d’incohérences s’enchaînent, les situations dramatiques se superposent tellement qu’on en perd l’émotion et le finale est vraiment plus que bâclé. C’est dommage. Je reste convaincu que « Squid Game » aurait pu s’arrêter après une seule saison, car elle se suffisait largement à elle même. À trop vouloir en rajouter, les créateurs ont gâché leur œuvre. La série n’en restera pas moins mémorable pour sa critique acerbe de la nature humaine et de son avidité financière ultra présente dans la société actuelle."
,"0,5",,"Une saison nullissime qui n'a plus que son nom pour convaincre ceux qui se raccrochent au souvenir d'un Squid Game révolutionnaire et dynamique et à qui veulent croire que la magie opère toujours !Personnellement la Saison 2 m'avait déjà beaucoup déçu, mais cette saison 3 est clairement pathétique !  
spoiler: 
Elle ne surprend plus, c'est du réchauffé, il n'y plus aucun personnage charismatique, que des guignols sans intérêt comme l'autre illuminée qui parle avec ses dieux, la mamie lourdingue ou tous ces trop nombreux gnangnans qui pleurnichent sans arrêt ! Tout est trop mou et grotesque, ça joue mal, c'est trop prévisible, il n'y a plus aucune émotion qui passe et les trop rares jeux sont nuls. On s'ennuie ferme ! 

Bref, je n'ai eu qu'une envie tout au long de ces interminables épisodes, c'est d'appuyer sur le bouton ""avance rapide"" pour enfin arriver à la fin et ne plus jamais regarder cette bouse !!"
,"2,5",,"Je ne comprends comment après avoir tracé si finement les contours d'une telle histoire pendant les 2 saisons précédentes, on puisse se vautrer si violemment dans la conclusion du récit. Quelle évolution au final par rapport au final de la saison 1? La seule morale se résumant à la phrase finale de Seong, suivi d'un super plan sur les bouches des VIP pour montrer l'énorme impact émotionnel de son choix. On passera sur l'IA dégueulasse du bébé (je passe pour le chien), qui en plus est considéré comme central a l'histoire, donc censé declencher l'empathie du spectateur? (c'est pas le cas tout le monde s'en fout).Sur la forme pourtant la saison démarrait bien sur 2 épisodes et demi, avant que l'envie d'appuyer sur avance rapide se précipite sur nous en raison de longueurs insupportables (le dernier jeu quelle purge, ""alors on va voter pour savoir qui vote pour savoir quel jeu on fait pour savoir qui éliminer"", a l'aide)Quel gachis"
,"0,5",,Scénario écrit avec les pieds. On se fait prendre pour des idiots pour les scénaristes. Beaucoup de scènes absurdes qui cassent les règles établies par ces derniers. Des notes de piano pour essayer de nous faire ressentir des émotions ça ne suffit pas.
,"0,5",,"ATTENTION SPOILERS : Je suis un très grand fan de Squid Game et j'ai adoré la deuxième saison, plus douce dans certaines relations de personnages et avec plus d'espoirs de survie. Et pendant 6 mois à attendre, je me suis attaché à ces personnages avec l'espoir que certains d'entre eux puissent survivre. Puis la saison 3 à débarqué et en 4 épisodes, on perd tous ceux pour qui on avait de l’espoir dans un amas de violence gratuite et parfois exagérer. La morale de Gi-Hun n’a aucun sens par ailleurs, il refuse de tuer les finalistes qui n’on été que des monstres jusqu’ici, mais étrangler à mort son coéquipier (Kang Dae-Ho) ça ne le dérange pas plus que cela. Il n’y a par ailleurs aucun révélation ou moments choques, tous était déjà présenté dans la saison 2 (ah oui, si, le pote de Thanos vote X à un moment…) ça doit être ça qui m’a le plus choqué et ça dure 2 seconde. Bref, trop déçu par cette saison qui ne mérite pas l’attente et l’envie de tout les fans de la série. Cependant les jeux restent toujours très intenses notamment la corde à sauter."
,"0,5",,"Nul vraiment... autant que la saison 2 m’avait déçu, mais celle là c’est encore pire.. des dialogues insupportables et interminables , le 456 un zombie totalement obséder par la vengeance, il est ridicule dans ces actions, 
spoiler: 
il veux se faire justice et veux sauver tout le monde mais meurt comme les autres ...
Le pink soldat fille veux sauver à tout prix le candidat 246 parce sa fille est morte , et que ce gars qu’elle ne connaît même pas a une fille malade, et qu’au final n’obtiendra rien pour soigner sa fille 
, même en étant sauver ... les insupportable personnages qui ne font que parler et répéter les mêmes choses en boucle .. 
spoiler: 
policiers qui certe trouve l’île, trop tard et a une confrontation de seulement quelques secondes avec son frère.. 
les vips insupportables tellement fakes dans leurs dialogues et leurs jeux d’acteur..En bref j’ai avancé beaucoup de scènes ou ça ne fesais que parler et des scènes exagérés... à oublier de suite tous squid game sauf pour le recruteur gong yoo, le front man et un peu le policier ... sinon à chier..
spoiler:"
,"3,0",,"Un final un poil décevant. Les épisodes sont parfois longs, les réactions des personnages les font passer pour des neuneus, et le scénario s'étiole à petit feu. Ce qui faisait la force de la première saison devient ici le point faible. Au niveau de l'interprétation, il n'y a plus que 456 qui maintient le niveau..."
,"4,0",,"""Squid Game"" s’est imposée comme le survival game le plus marquant de ces dernières années. Porté par un concept original et un univers devenu culte, la série captive par son intensité, ses rebondissements et ses personnages marquants. Elle a réussi à marquer les esprits avec son suspense, ses rebondissements et l’intensité de ses jeux qui rendent l’expérience totalement addictive. Si la suite pouvait sembler risquée après le succès planétaire de la première saison, elle est parvenue à prolonger intelligemment l’histoire. La montée en puissance des moyens de production, l’introduction de nouveaux personnages et des jeux toujours plus spectaculaires permettent de maintenir l’intérêt sur la durée. Brutale, visuellement saisissante et émotionnellement prenante, ""Squid Game"" est devenue l’une des séries réussies et incontournables de Netflix, marquant aujourd'hui parfaitement le monde de la pop culture.-17/20Critique sur Squid Game (série complète)Terminée le 03 juillet 2025, vue sur Netflix"
,"2,5",,Le drama coréen à rallonge dans toute sa splendeur. Un peu mieux que la saison 2 mais tellement loin de la saison 1.
,"4,0",,"Cette ultime saison de ""Squid Game"" s'inscrit dans la continuité directe de la précédente avec trois derniers jeux encore plus mortels. Dans cette dernière ligne droite, la tension est forcément constante avec six épisodes intenses, stressants, déchirants, et surtout toujours aussi addictifs. La série réussit encore à surprendre, même si certaines facilités scénaristiques ou incohérences peuvent gêner. On aurait aimé un peu plus de profondeur sur certains personnages, notamment du côté de l’antagoniste principal, un peu trop en retrait vu son rôle central cette saison. Mais malgré cela, ""Squid Game"" reste une série à la fois brutale et grandiose qui passionne toujours autant avec ses jeux, son visuel soigné, et son rythme qui ne faiblit jamais. Le final, bien qu'un peu rapide, offre une conclusion satisfaisante à la série et on espère que l’univers pourra s’étendre à travers d’autres formats ou projets à l’avenir.-17/20Critique sur Squid Game (saison 3)Vue du 29 juin au 03 juillet 2025 sur Netflix"
,"3,5",,"3,5/5 Bien. Franchement, ça part très très bien, les premiers épisodes de cette partie 3 sont les plus prenants de la série, les plus intéressants et on attend beaucoup du dénouement. On enchaîne les épisodes rapidement, on veut savoir et au final, entre moral et continuité des choses dans la fatalité, on finit guère mieux qu'avant... Pour le coup on attendrait une suite pour finir ces jeux là (si tant est que ce soit possible). Donc super au départ et déçu par la fin. Compte tenu de tout le background créé pour le scénario de cette suite, on s'attendait à ce qu'il soit vraiment utilisé et on termine sur une sensation de n'avoir qu'effleurer l'organisation globale des jeux. Arf, c'est dommage !"
,"2,0",,"Squid Game Saison 1 pépite Saison 2 extra….Que dire de la saison 3 un vrai désastre…..Les VIP américains sont caricaturaux, mal écrits, et cassent complètement l’ambiance intense et minimaliste qui faisait la force de la série. Leur présence n’a aucun intérêt réel et ne fait qu’alourdir le récit.Il y a beaucoup trop de dialogues inutiles et pas assez de jeux : on perd l’essence même de Squid Game. Le suspense et la tension, qui faisaient vibrer les deux premières saisons, ont été sacrifiés pour du bla-bla creux.Le personnage de Gi-hun (456) est totalement à côté de son arc de vendetta. Sa promesse de détruire l’organisation est oubliée au profit d’un développement mou, sans enjeu clair.La Garde 011 (No-eul), trop mise en avant, finit par tourner en rond, et on ne sait même pas où est sa fille, pourtant élément central de sa motivation. Résultat : frustration.Quant au choix de faire mourir le personnage transgenre, c’est une énorme déception. Elle avait une vraie présence, un parcours touchant, et méritait d’aller beaucoup plus loin. Sa mort est bâclée, presque gratuite.Et pour finir, l’idée d’américaniser la série avec une version “exportée” est une erreur stratégique. On perd l’identité coréenne, la critique sociale subtile, au profit d’un projet creux et formaté.En résumé : la saison 3 trahit l’esprit des deux premières. Il aurait mieux valu s’arrêter à la saison 2 plutôt que d’en faire une version affadie et confuse"
,"2,0",,"Un beau gâchis que cette 3eme saison !Et quel ennui ! Tout est trop long et étiré sans raison.Les différents personnages n'ont aucun charisme, et les jeux s'enchaînent sans aucune réelle surprise ni suspens quand a leur déroulement. L'issue est déjà connue avant même la fin.Les 2 sous intrigues ne sont là que pour rallonger la saison inutilement, et n'apportent rien au récit principal., et n'ont aucun impact.Le montage et la réalisation annihilent chaque retournement de situation.Une série qui aurait dû définitivement s'arrêter après la lère saison.Dommage."
,"1,5",,"Pour moi Squid Game 
spoiler: 
c'est la saison 1 et rien d'autre
. Cette troisième saison c'est celle de trop. Le jeu des acteurs(trices) 
spoiler: 
est creux
. Ils tremblent, s’agitent pour un rien. 
spoiler: 
Aucune scène
 avec des combats de défense avec des arts martiaux, pourtant réputées. Des scènes 
spoiler: 
inter(minables)
 où les acteurs feignent d'avoir peur. Je 
spoiler: 
retiens que
 le nom de cette série, le reste 
spoiler: 
j'oublie
!"
,"2,0",,"Suite directe de la saison 2, Squid Game S3 est la partie la moins intéressante de la série.Les jeux sont pas à la hauteur des précédents, et un élément vient tout spoiler et tout gâcher au milieu de la saison, 
spoiler: 
la naissance du bébé. On comprend directement où on veut nous amener et on sait que le scénario va préserver le bébé jusqu'à sa victoire. Le scénario sert bien le propos, jusqu'à faire prendre des décisions stupides aux protagonistes.
La partie avec le commando en bateau ne sert à rien.Et pourquoi faire 
spoiler: 
un bébé en CGI, le rendu est dégueulasse.
La fin tease un Squid Game aux USA, avec Kate Blanchett qui s'est perdue manifestement.
Une fin pas du tout à la hauteur de la première saison, qui aurait du rester unique."
,"2,5",,"Une dernière saison tiré par les cheveux ..Entre le bébé,  le dernier jeu tellement mauvais et qui est tellement prévisible à deviner ..Certains moments sont toute de même pas mal mais encore une fois la première saison aurait du être la dernière"
,"1,5",,Terriblement decu de cette saison soporifique.. Tout ca pour ca... Dommage car la saison 1 etait bonne.
,"5,0",,"Une des meilleures séries de tous le temps!Une histoire traitant incroyablement bien et profondément les thèmes sociétaux comme la violence, l'argent, le vote démocratique, le capitalisme, à travers ces jeux d'enfant où la mort attend chaque perdant.La réalisation est excellente, les acteurs jouent magnifiquement bien.Ces 3 saisons sont un pur chef d'oeuvre artistique!À voir absolument!"
,"5,0",,"Toujours aussi intense, violente et captivante, cette dernière saison, en fait la seconde partie de la saison 2, vous clouera devant votre télévision et ce  à chaques épisodes. Extrêmement bien réalisé et écrit,  avec des décors somptueux (en particulier le 1er jeu de cette saison), Squid Game aura marqué bien des esprits dans le monde entier et ces derniers épisodes finissent comme la 1ère saison avait commencé ! Avec brio ! Wooo."
,"5,0",,"Je pense que la plupart des gens sont incapables de comprendre cette série, allégorie du capitalisme etc Ils mettent 1 ou 0 tout simplement car ils ne comprennent rien et feraient sûrement des gens qui votaient pour rejouer si ils étaient dedans."
,"3,5",,"Clap de fin pour Squid Game : une dernière saison en demi-teinteLa série sud-coréenne Squid Game, phénomène mondial lors de sa première saison, tire sa révérence avec une troisième et ultime salve d’épisodes. Après une saison 2 qui avait laissé les fans sur leur faim, cette conclusion tente de redresser la barre.Si l’intrigue retrouve par moments le souffle haletant des débuts, quelques longueurs viennent freiner le rythme. Le final, quant à lui, reste trop prévisible pour créer un véritable choc.Mais la force de la série réside toujours dans ses personnages, oscillant entre haine, dégoût, pitié et empathie. Un miroir cru mais captivant de la nature humaine.En dépit de ses faiblesses, Squid Game clôt son aventure en rappelant que derrière le jeu, c’est toujours l’homme qui est mis à nu."
,"3,0",,"J'ai bien apprécié la saison 3 tant attendue qui clôture cette série marquante de façon plutôt correcte. Elle est, certes, moins prenante que la saison 1 qui restera, d'après moi, la meilleure de toute mais elle est, heureusement, un cran au-dessus de la saison 2. Ici, l'accent semble être particulièrement mis sur l'émotion. En effet, on assiste à quelques scènes tristes et déchirantes. Et par ailleurs, on découvre, non sans effroi, encore et toujours des personnages avides d'humanisme mais nous avons notre personnage principal qui nous rappelle qu'il existe encore des personnes humaines dans ce monde de dépravés. Il existe quelques incohérences, par moment, je pense que les téléspectateurs auraient préféré que les choses se déroulent autrement. Mis à part ces détails, les décors, l'histoire, la mise en scène...tout a, une fois de plus, été bien pensé."
,"3,5",,"Incroyablement DÉÇU De cette fin de série plus précisément de la fin qui est beaucoup trop facile et pas à la hauteur de Squid Game saison 1 . Des épisodes lent , des épreuve longue , des votes qui ralentissent le rythme déjà pas ouf. Et une dernière épreuve juste bâclé des joueur nul et LE joueur cacher . Pour conclure une saison inutile qui à mon avis vas faire redescendre la popularité de cette série qui avait une immense influence et énormément de potentiel. 
spoiler: 
Malgré le teaser de Squid game américain."
,"4,5",,"Après une première saison hors du commun (qui aurait pu se suffire à elle-même) et une saison deux en demi-teinte, cette partie finale m'a conquise ! Les marqueurs du premier volet sont de nouveaux au coeur de l'intrigue avec des dilemmes tous plus sordides les uns que les autres et des émotions fortes qui ne nous laissent pas souffler. Quelques incohérences 
spoiler: 
autour du bébé, comment peut-on accoucher en dix minutes ? Et d'un enfant qui ne pleure quasi jamais ou juste pour servir l'intensité dramatique ?)
, des choix scénaristiques pour rendre la fin plausible et acceptable. La fin, justement. Les critiques sont très variées, ce qui est compréhensible car aucune fin n'aurait de toute façon été parfaite.  Pour ma part, j'ai trouvé cet épilogue à la hauteur de la série. 
spoiler: 
De façon indirecte, le héros parvient à détruire les jeux de Corée et par son sacrifice pour sauver l'enfant, montre que l'humanité peut survivre à toutes ces horreurs. 
Bref, une excellente série dont je suivrai l'éventuel spin-off !"
,"3,0",,"Dernier opus dans la lignée des précédents, si il n apporte pas grand chose au mystère de l organisation criminelle il poursuit les sessions sadiques du jeu mortel avec toujours un certain talent. C est juste moins original et ça apporte un point final semble t il à la série."
,"4,0",,"Voici une série sud-coréenne qui sort vraiment du lot. Quoi qu'on en dise, elle a un côté addictif. Certes elle joue peut-être sur un voyeurisme un peu morbide, mais le résultat est là : ce fut un véritable carton !. Toutes les saison ne se valent pas: pour moi, la première saison est la plus captivante, tandis que la deuxième est la moins marquante des trois, pour ce qui est de la saison finale, elle se situe quelque part entre les deux autres. Vu la fin de la dernière saison, un remake américain semble très probable. 8/10"
,"2,0",,"Saison 1 je donne 4/5Saison 2 je donne 4/5Jusque là c'était une tuerie cette série.C'est tellement dommage de bousiller une œuvre comme ca avec une saison 3 pareille. Alalala j'ai les nerfs, tellement de choses illogique, trop de mauvais choix. Ils ont gâché la série."
,"3,5",,"Pour le lecteur pressé, en moins de 3 minutes :  Pour découvrir ma critique vidéo complète, copier/coller ""cinéma sans fard + SQUID GAME + SAISON 3"" sur YouTube ! Et s'abonner à cette chaîne Youtube où je publie régulièrement ces articles, pour n'en rater aucun !Et si le sang ne servait plus à survivre, mais à comprendre ?Dans Squid Game 3, signé Hwang Dong-Hyuk, le jeu est déjà terminé. Ou plutôt : il s’éternise, dans la tête d’un Gi-hun reconverti en revenant politique. Ce n’est plus une série. C’est une rechute.Le réel n’a plus de sol. Netflix devient l’arène globale. Et la Corée du Sud ? Un théâtre post-mortem de l’avidité occidentale.On attendait une escalade, on reçoit un enfoncement. Plus lent. Plus trouble. Moins spectaculaire, plus cancéreux. Comme si Squid Game avait avalé Mr. Robot, digéré Snowpiercer, puis vomi un Gi-hun spectral, rouge sang mais intérieur.Chaque épisode est un silence étiré jusqu’à la strangulation narrative.Il ne s’agit plus de jouer pour survivre. Mais de rejouer pour comprendre. La mise en abyme du trauma, le recyclage du désespoir. Hwang ne réinvente rien, mais radicalise tout. Les jeux sont connus, les règles aussi. Mais le regard, lui, s’est fissuré. Tout est plus psychologique, plus politique, plus étouffé. Moins jouissif. Volontairement.On pensait bingewatcher. On finit en apnée.Le synopsis disait tout : Gi-hun ne veut plus fuir. Il veut détruire. Mais qui ? Le maître du jeu ? Le système ? Lui-même ? Personne ne sort indemne de cette saison, pas même la narration. Parce qu’ici, le scénario est moins un escalier qu’un labyrinthe. On tourne en boucle, volontairement. On rejoue les épreuves, mais comme des fantômes.Pas de climax. Juste une répétition mortuaire du spectacle.La mise en scène est clinique. Froide. Mais éclatée. L’esthétique reste pastel, rouge, verte, mais le cadre est plus flottant. Les focales tremblent. On ressent moins l’adrénaline que la fièvre.La lumière ? Blafarde. Chirurgicale. Comme si chaque scène était disséquée au scalpel du regard du spectateur. On ne regarde plus. On est pris dans le formol de l'image.Les acteurs sont des survivants déconnectés. Lee Jung-jae, en Gi-hun, ne joue plus : il pourrit à l’écran. Littéralement. Son visage devient une carte mentale de la douleur. Les autres ? Des marionnettes, volontaires ou pas. Rien n’est laissé au hasard, même l’épuisement.Il n’y a plus de dynamique. Juste des frottements, des corps qui refusent le contact. Des regards fuyants, des gestes morts. La série respire la déconnexion.Côté son : les silences sont la musique. Les respirations étouffées, les bruits d’équipements, les haut-parleurs saturés : tout sonne faux. Et c’est voulu. Même la bande originale semble désaccordée. Plus de thème iconique. Juste une nappe de malaise.Alors, message ou mirage ? Cette saison est un doigt pointé vers l’Occident. Mais sans slogans. Juste un vide. Une machine qui tourne à vide. Une satire sans réplique. Pas besoin. Tout est là : dans les regards absents, les choix absurdes, la mort devenue procédure.C’est brillant, mais ça ne veut pas plaire.Note ? 16 sur 20. Parce que c’est du sabotage poétique. Une saison contre Netflix, diffusée sur Netflix. Le public cible ? Les insomniaques politiques. Les survivants culturels. Les ados lucides et les adultes lessivés.Squid Game 3, ce n’est plus un jeu. C’est une maladie chronique du capitalisme. Et elle est contagieuse."
,"4,0",,"J’ai trouvé la série Squid Game incroyable, vraiment. Partit de rien et réalisé avec pas grand chose, le réalisateur Coréen peut être fier de son travail. Les 3 saisons sont sensiblement équivalentes en termes d’écriture et de techniques, c’est maîtrisé et ça fait du bien."
,"4,0",,"Merci pour cette 3eme saison qui réussit à nous surprendre. On est dans une série du 21eme siècle, sans faux semblant et deus ex machina ridicules. En haleine tout le long, on bascule entre cynisme et humanisme, espoir et désespoir. Beau final"
,"4,0",,"Très bonne saison 3, bien accrocheuse. Ça reprend la ou ça c'est arrêté,  ce n'est pas répétitif, c'est bien."
,"0,5",,"Saison 3 médiocre alors la saison 1 était bien malgré des épisodes parfois lourds comme les dernièrs épisodes, la saison 2 à été en chute libre mais la 3 ?!? La saison 3 était prévisible mais en plus cela ne concluait même pas la série squid game. Ce que je m'attendais comme fin digne de ce nom c'est l'inspecteur qui arrête son frère alors peu importe qu'il l'amène en prison ou le tue sur le coups et qu'il lui demande des explications sur pourquoi il a fait, même à nous cela n'a pas été expliqué. A en croire la série il était contraint d'être organisateur aucun sens ça pue l'excuse mal fichue. Je m'attendais egalement que les vip soit arrêté, j'ai vue série ou anime déprimant qui se finissait mal comme japan skins 2020, Elfen lied ou the things mais là c'est simple c'est une conclusion sans conclusion. Les fils de p*** de vip s'en sort et pars tranquillou comme si de rien n'était. Si la série veut montrer que c'est pas toujours les gentils qui l'emporte je suis pas contre mais il faut que ce soit fait correctement comme par exemple que les finaliste prennent à revers les organisateurs de jeux et refont une embuscade comme pouir la saison 2 mais cette fois ils reussissent avec l'aide de numéros, de l'imspecteur et de ceux qui les accompagnaient pour tuer l'organisateur et les vip pour avoir une fin satisfaisante même si ça se finit avec lers fameuse fin ""ouverte"" avec d'autres jeux organisé ailleurs. Mais non aucune interaction entre eux des plots. On sait même pas à quoi ils ont servis dans la série. La série ne se conclut même pas il y a un après mais non la saison 3 est bien la dernière. Pour un battle royal, squid game n'atteint même pas la cheville de battlre royal de Alice in borderland que j'attends avec impatience."
,"4,0",,"Très bonne saison finale pour une série géniale. La fin est logique, je ne vois pas comment ils auraient pu finir autrement. C est un peu en dessous des deux autres saisons car on connaît bien la recette a force. N empêche que ça fonctionne toujours bien et que le tout est bouclé. Après pour la suite version américaine je pense que ça sera de trop. La saison 1 se suffisait déjà a elle même mais ça m a fait plaisir d avoir du rab !"
,"1,0",,"Alors, par où commencer ?Je m'attendais pas à une saison incroyable cette fois-ci, car la deuxième saison était ridicule 廊.Gi-hun est juste INSUPPORTABLE, dès la début de la deuxième saison d'ailleurs, il se prend trop pour un héros, qui pense pouvoir sauver le monde de la capitalisation etc.Hyun-Ju et la grande-mère qui pleurniche h24 passent leur temps à vouloir 
spoiler: 
protéger Jun-Hee
, je comprend pas, c'est quoi l'intérêt de défendre et risquer sa vie pour 
spoiler: 
une fille enceinte qu'elles connaissent pas ?
 Et on pense que c'est fini mais enfaite, 
spoiler: 
ça continue jusqu'au dernier épisode de la série !!!!
Et le vrai scandale arrive...
spoiler: 
la mère qui tue son fils
, non mais sérieusement ?Ce que je comprend pas c'est le fait que 
spoiler: 
le bébé a été annoncé "" joueur officiel"" dans le jeu, mais dans ce cas, c'est très prévisible que c'est le bébé qui va gagner et non quelqu'un d'autre !
En résumé : cette saison s'est concentré sur 
spoiler: 
""qui va sa sacrifier pour sauver un bébé qu'on connait pas ?""
Franchement c'est honteux, la saison est bâclée très rapidement, on nous impose des personnages ""drogués"" et ridicules et le jeu d'acteur n'est absolument pas réussi.Le seul moment que j'ai aimer c'est 
spoiler: 
la rencontre finale entre In-Ho et Gi-Hun, je m'attendais pas à ce que Gi-Hun rencontre enfin le chef des jeux.
 C'était fort !Si vous voulez noter la qualité de cette saison, revoyez la premiere saison d'abord, vous verrez qu'il y a une ÉNORME différence entre les deux et c'est hallucinant.Bref, 
spoiler: 
choisir la compassion envers un bébé plutôt que la victoire
 n'est pas logique dans le monde dans lequel on vit, c'est pas réaliste du tout et c'est dommage !"
,"1,0",,Une saison des plus énervante ! Avoir envie d'arrêter avant la fin ! Les personnages sont rendus tellement bêtes ! A croire que tous les personnages sont arriérés. Décevant et sans intérêt ! Une perte de temps
,"3,0",,"N'écoutez pas ceux qui vous diront que la saison est ""nulle"", les jeux sont toujours présent et la finalité est attendue et au rdv. Série à succès devant se ""magner"" de faire une suite pour continuer à être bankable par Netflix après la première saison. On notera les épisodes longuets sur la recherche de l'île pour au final pas grand chose et surtout la dichotomie du dernier jeu où personne ne réagirait comme ça pour la survie.. L'américanisation à son paroxysme jusqu'à la fin pour laisser entrevoir une reprise made in USA. On a envie de dire la série se finit quand même sans trop de longueurs et NON on ne veux pas de réadaptation américaine pour faire du gain ^^"
,"3,5",,"Cette troisième et apparemment dernière  saison conclut la saga dystopique sur une tonalité aussi sombre qu’émotionnellement complexe. Elle poursuit immédiatement après les événements de la saison 2, en suivant Seong Gi-hun (Lee Jung‑jae) dans sa mission tragique et déterminée de vengeance et de justice, plongée dans un cycle de jeux toujours plus cruels et symboliques  Squid Game Saison 3 offre une conclusion intense, visuellement riche et émotionnellement chargée, fidèle aux thèmes fondateurs de la série. Malgré des faiblesses narratives et des choix stylistiques discutables, elle réussit à boucler le parcours de Gi-hun avec gravité et fracas."
,"1,5",,"J'ai adoré la saison 1, vraiment apprécié la saison 2 (alors que beaucoup l'ont critiqué), et j'ai supporté le début de la saison 3. Mais... Que dire... Les incohérences dans le scénario et dans le comportement des personnages se sont succédé et ont atteint un niveau de ridicule absolu. Il y a tellement de mauvais choix qu'on voit très bien à quel point ça n'a aucun sens. Au final, on obtient un final ridicule, dénué de sens, sans morale et surtout sans réel intérêt. Je classe cette fin avec celle de la série Lost dans les fautes professionnelles, et c'est bien dommage car la série méritait mieux..."
,"4,0",,"Merci pour cette fin. Je ne suis absolument pas deçu comme certain. La fin est logique, le dilemme est fort et puissant. La symbolique également. Légèrement déçu quand même que certaine question reste sans réponse. J’avais mis 4,5 à la fin de la saison 1 , je lui mettrais donc la note final de 4 pour ce petit détail. En tous cas cette série mérite largement sont succès, c’est sombre , violent , on pousse la folie et l’avarice des personnages à sont paroxysmes entrainant des comportements inhumains. Ou on ne cesse de ce dire mais qu’est-ce que ferais si j’étais à leur place ?!?!? Serait-je un joueur sanguinaire qui ferais tout pour gagner l’argent grassement promis ou l’inverse. Bref ça pousse à ce poser certaines question sur la nature humaine et ses limites. Et si on fait le parrallèle entre cette séries et la vie , où l’on utilise des humain en les poussant dans leur retranchement pour divertir les plus riche c’est un peu ce qui ce passe avec les grandes entreprise qui dirige le monde. Elle cherche toujours à s’enrichir de plus en plus en bafouant certaine condition humaine, en poussant les ouvriers à la limite de la santé mentale ou physique tous ça pour enrichir le portefeuille de gens qui ont déjà les poches pleine à craquer. Et leur permettre de ce divertir comme bon leur semble grâce aux larmes et à la sueur du petit peuple qui eux n’auront jamais un compte en banque qui represente le PIB d’un pays à lui seul. Conclusion une série parfaite pour celle et ceux qui arrive à être aspirés et prit dans le jeux comme si on y étaient."
,"2,5",,"J'ai bien envie de dire que sur ces 3 saisons, il y en a 2 qui sont en trop. Et au vu de la scène finale de la saison 3, on va encore en bouffer pendant longtemps du Squid Game. Du reboot, des prequels, des sequels... Bref, c'est pas fini. Avec un bon concept à l'origine (qui évidemment s'essouffle très vite et ne peut pas tenir 3 saisons), on arrive à une série dont l'intérêt premier disparaît au fur et à mesure. Bien que la fin dans son ensemble soit plutôt bonne, ça reste une franche déception. Comme 99% des séries qui veulent tirer sur la corde. Il aurait fallu s'arrêter à la saison 1. Tant pis.La série dénonçait le surcapitalisme à l'origine. Un bien beau message qui n'a plus aucun sens désormais."
,"0,5",,"Après une saison 1 captivante par la découverte du jeu et une saison 2 qui tenait encore debout grâce au lore du frère et du maître du jeu, cette saison 3 est une véritable catastrophe.Netflix a clairement voulu traire la vache à lait, quitte à tuer l’essence même de la série.Le schéma est simple (et lassant) : 
spoiler: 
attachez-vous à un personnage… il mourra dans l’épisode suivant.
L’émotion est forcée, appuyée, presque artificielle. Oui, on est ému… mais pas parce que c’est bien écrit. Parce qu’on nous pousse à l’être, et c’est gonflant.Il y avait pourtant matière à approfondir : la création du jeu, les implications des maîtres du jeu, leur succession… Mais non. On survole les concepts 
spoiler: 
sûrement pour nous pousser à regarder des préquels déjà dans les cartons
.Quel plaisir, vraiment, de finir la saison 2 sur un cliffhanger... 
spoiler: 
pour enchaîner avec d'autres cliffhangers en guise de ""fin de série""/saison 3.
 Super.En bref : une saison racoleuse, qui trahit l’univers de départ. Et le pire ? 
spoiler: 
C’est que personne n’en redemande… mais ils vont sûrement continuer quand même.
Une véritable dégringolade. 
spoiler: 
J’espère sincèrement que le projet s’arrêtera là."
,"2,0",,"Bon ba , un peu mieux que la saison 2 , mais c'est tout raté, bâclé Je suis super déçu Pour pas spoiler j'en dirais pas plus mais c'est tout raté, tout bâclé"
,"3,0",,"Saison 3 pas mal avec des rebondissements, des personnages intéressants mais surtout un message très bien amené. Malgré tout, il y a BEAUCOUP TROP de personnages on n'arrive pas bien à s'attacher à eux c'est très dommage, surtout qu'il y avait pas mal de personnages au potentiel gâché. Le héros n'évolue pas malheureusement mais reste fidèle quand même à ses convictions. Final sympa avec un bonne épilogue ça aurait pu être pire mais ça aurait pu être bien mieux. Ça reste un copier coller de la saison 1 dans beaucoup de choses. J'ai quand même apprécié cette série et j'avoue que j'ai ressenti des petits frissons à la fin. L'idée de faire la même mais chez les states est débile ça part trop loin."
,"1,0",,"Décevant à mort. J'ai attendu avec impatience la fin uniquement pour pouvoir passer à autre chose. Les personnages tout juste passables en saison 2 sont absents et remplacés par des personnages mal écrits, clichés et lourds avec une faux aspect comique. L'émotion ne passe absolument pas, la musique tente de nous sensibiliser mais n'est en rien subtile. Le scénario est plus que prévisible et là où l'histoire est censée être un petit peu subtile et étonnante, la mise en scène nous prend pour des idiots incapables de comprendre ce qu'il se passe, via des gros plan, ou alors les personnages qui nous explique ce qui est entrain de se jouer.Absolument ridicule, niais et scenaristiquement 0.J'en ai fini avec les séries Netflix !"
,"0,5",,"La saison 3, comme la 2, donne l’impression d’un gros réchauffé. Le scénario peine à convaincre, l’intensité de la saison 1 a totalement disparu. Dommage, ça tourne en rond"
,"1,0",,Nul vraiment !! La saison de trop. Autant la saison 2 (déjà en dessous des attentes ) a réussi a s’en sortir mais là c’est vraiment très médiocre.
,"2,0",,"La saison 2 et 3 de Squid Game ne forme qu’une saison, une saison qui n’était pas prévue à l’origine et cela se voit. On reprend une partie du casting de la saison 1 et on y ajoute des acteurs qui interprètent bien. Le gros problème est le scénario : c’est beaucoup trop tiré par les cheveux, il y a des répétitions avec la S01, un sentiment de stagnation. Mention spéciale au final qui est vraiment ridicule (particulièrement la dernière scène). J’ai envie de conclure par : tout ça pour ça, la première saison se suffisait à elle-même."
,"4,0",,"Contrairement au plus grand nombre, j'ai trouvé cette saison magistrale, surprenante, moins lassante et tirée en longueur que certains passages des saisons précédentes. Certains sujets philosophiques originaux ont tissé l'intrigue tout au long des épisodes.Vraiment top."
,"2,5",,"c'est vraiment dommage de finir une série légendaire de cette manière, la saison 3 est catastrophique sur plusieurs plans, c'était lent, mal rythmé, le dénouement de l'histoire était brouillon, j'avais adoré les deux premières saisons mais cette dernière elle m'a vraiment déçu"
,"3,5",,"Trois saisons (2021 à 2025, soit 22 épisodes). Série terminée.Endettés jusqu’au cou, des individus acceptent de participer à des jeux enfantins dont l’issue s’avère fatale. Bien rythmée et incroyablement violente, cette série sud-coréenne traite de manière étonnante la notion de survie. L’originalité du scénario est de rendre l’histoire à la fois ludique et sordide. En effet, dans une société guidée par l’argent, où les plus fortunés ne savent plus quoi faire pour se distraire et les plus pauvres sont prêts à tout pour devenir riche, l’histoire reste extrêmement dérangeante. Après un succès commercial inattendu, on reprochera aux auteurs de s’être engagés dans une suite redondante. Sous couvert de nouveaux personnages assez caricaturaux, l’intrigue reprend les mêmes ingrédients sans véritable créativité. Bref, une fiction accrocheuse en raison de son caractère machiavélique et pour laquelle on éprouve un plaisir coupable à dénombrer des innocents s’entretuer."
,"1,0",,"Catastrophique, même pas de fin alors qu’on attendait un épilogue, le final ressemble à un teaser pour une saison 4 qui aura pas lieu. Quel flop"
,"3,0",,"Bonjour,Dur de faire une bonne fin a une série, en résumé Il y a beaucoup trop de dialogues inutiles et pas assez de jeux de défis. On y perd l’adn de Squid Game. Le suspense et la tension, qui faisaient vibrer les deux premières saisons, ont été sacrifiés pour trop de dialogues creux.Le personnage principal de Gi-hun (456) est à côté de sa promesse de détruire l’organisation,  au profit de la vie d un bébé, sans enjeu clair.La Garde 011, trop mise en avant, son histoire tourne en rond, Résultat : frustration.Et pour finir, l’idée d’américaniser le jeu avec une version “exportée” est une porte vers une nouvelle histoire.Dommage cela aurait mérité un meilleur final"
,"0,5",,"NULLLL mais d'une puissance, vraiment rien à voir avec les autres saisons, une saison 3 INUTILE et sans AUCUN SENS"
,"1,5",,"Très mauvais. Saison 3 pas à la hauteur. Les jeux sont mal travaillés, les histoires des personnages sans commentaire… et honnêtement rien ne va. Une finale bien plus moderne et dynamique sûr les valeurs humaines aurait pus être trouvé. Et encore avec 1,5 je suis généreux."
,"3,5",,"Évidemment qu'il ne peut plus y avoir l'effet novateur, surprenant, oppressant de la S01.Évidemment que les jeux paraissent moins cruels, que l'on s'accroche moins aux personnages, que la morale reste discutable, mais j'ai trouvé cette saison très correcte, très agréable et j'ai très apprécié de la regarder. En plus, la porte est ouverte pour un SG made in US, avec Cate Blanchett tout de même !"
,"4,0",,"J'ai beaucoup aimé ce final ! Certes pas inattendue hormis 
spoiler: 
le comportement de 333 qui est finalement un super mauvais père.. j'y ai cru jusqu'au bout
 les jeux d'acteurs, les jeux tout court. Évidemment incomparable au 1er il ne faut pas se voiler la  face mais j'ai aimé les quelques rares remises en question... L'équilibre est bien trouvé entre les différentes émotions et on reste attaché aux personnages forcément. Bref une belle réussite malgré les quelques incohérences 
spoiler: 
relative au bébé 
 je ne m'explique pas les image IA 
spoiler: 
pour le bebe et le chien..  tellement degueu... y avait pas de bébé et aucun rotweiller en Corée ?? un vrai bébé aurait été tellement plus dérangeant et du coup mieux finalement  dans le contexte"
,"2,0",,"Déjà que la fin de la saison 2, je l’ai regardée d’un seul œil, je n’ai pu 3 épisodes de celle-ci, c'est tellement nul que je me demande si ce n’est pas fait exprès pour m’énerver."
,"3,5",,"Cette saison 3 enchaîne directement après les événements de la 2 et l'on suit alors trois destins en parallèle en plus des épreuves à élimination directe ! Bien rythmée, enjeux divers et variés, apparitions de nouveaux personnages (dont le prochain recruteur adepte du ddakji), cette suite se laisse visionner sans déplaisir à vitesse grand V. En plus, les scénaristes se sont même autorisés une porte de sortie au cas où ils voudraient prolonger le plaisir, alors ne boudons pas le nôtre !"
,"2,0",,"C'est loooooong.... Aucune décision des personnages n'est crédible,  est sur joué, ça traîne... Le rythme à baissé par rapport à la saison 1"
,"3,0",,Dernière saison de Squid Game avec la conclusion de la saison 2.Pas vraiment de nouveautés puisque le rythme et le scénario perpétuent la saison 1 et 2 avec des jeux cruels et sanglants.Je ne trouve pas cette fin vraiment abouti. Je suis même assez déçu devant le choix fait pour conclure des personnages forts et intéressants. Je trouve même que la noirceur humaine est un peu trop présente à mon goût.Bref : une jolie série qui se termine sans trop de surprise.
,"3,0",,C'est une saison 2 partie 2 en fait. Sympa à suivre mais des situations totalement invraisemblable dans le comportement des personnages font baisser la note
,"0,5",,"Une saison 3 nullissime qui enterre tous les espoirs de la saison 2. Netflix refait le coup de la saison 2 & 3 de la Casa de Papel ! Tout est allongé accessoirement pour faire patienter avec des personnages complétement inutiles (les riches observateurs), les policiers en bateau, des personnages secondaires inintéressants et/ou débiles (numéro 100 par exemple, Min Su, etc) et des plages de dialogues et d'atermoiements à rendre chèvre  le spectateur. La preuve que la saison 1 suffisait ou encore que les créateurs ont complètement foiré la suite de la saison 2 qui avait des défauts mais un potentiel."
,"3,5",,"Il est temps de noter l’une des séries phénomènes des années 2020. Mon sentiment est assez partagé. Je trouve qu’il y avait matière à faire beaucoup mieux et qu’il y a donc une impression d’inachevée.L’histoire est très intéressante, mais nous n’avons pas le dénouement finale et les explications qui vont avec. De l’action, du suspense et du sang, à travers des épreuves macabres physiquement mais encore plus mentalement. Le casting est intéressant dans son ensemble. Assez surpris et déçu que le héros principal passe presque inaperçu la moitié de la saison trois. La saison trois fait la part belle à d’autres histoires qui sont certes intéressantes, mais que le personnage principal disparaisse à ce point-là au début, pose quand même ce problème. ￼La série emmène sur quelques sujets quelques peu philosophiques, à travers les erreurs de l’être humain et jusqu’où il est prêt à aller pour survivre. En résumé, une bonne série, mais pas une excellente série. ￼"
,"3,5",,"Une série d'anticipation qui passe bien, pour ceux qui apprécient le cinéma sud-coréen dans sa version violence sanglante.Il y a un petit quelque chose qui nous renvoie aux films pour adolescents, tel Hunger Games, avec la vision
spoiler: 
 d'un monde binaire opposant riches sans coeur et pauvres asservis
, évidemment dans un style beaucoup plus trash.La première saison est captivante avec la découverte de ces ""squid games"", ces jeux
spoiler: 
 d'enfants mortels que l'on suit avec la même curiosité morbide que celle de ces milliardaires cachés derrière des masques d'animaux.
Quant aux saisons suivantes, il est visible que les producteurs ont cherché à rebondir sur le succès initial. Pour ceux qui ont accroché, cela continue à se laisser regarder sans déplaisir, même si l'effet de surprise est retombé, le héros devenu 
spoiler: 
dépressif-désabusé
 moins attachant, les personnages plus stéréotypés et avec des réactions parfois incohérentes.Bref une série divertissante, originale par son intrigue, son décor coloré et qui mérite (d'une façon certainement plus relative) une partie de sa percée médiatique."
,"4,0",,"""Squid Game"" se distingue par son jusqu’au-boutisme dans la déshumanisation de ses personnages et par la radicalité assumée de leur destinée. Véritable jeu de massacre, la série nous pervertit par son aspect ludique, exploitant notre regard voyeur et nos penchants pervers : le spectateur observe avec fascination ce qui, sur le papier, relève de la mascarade et de l’absurdité, mais que la faiblesse humaine peut transformer en horreur et en irréparable. Forte de ses origines sud-coréennes et dans la lignée d’un certain cinéma de genre de son pays, ""Squid Game"" ne recule ni devant la violence brute ni devant la cruauté psychologique. Contre toute attente pour une production Netflix, elle semble repousser sans cesse les limites de ce qu’elle inflige, autant à ses personnages qu’à ses spectateurs. H. Dong-hyuk fait preuve d’une audace rare et d’une véritable radicalité, tant dans son scénario que dans sa mise en scène : c’est là la grande force de la série. La première saison captive par son intensité. Les deuxième et troisième saisons, qui forment en réalité un seul ensemble, paraissent certes plus redondantes, mais demeurent fidèles à l’esprit et aux enjeux du premier opus. Tout n’est pas parfait : les scènes consacrées à l’enquête du policier s’étirent parfois inutilement, et certains dialogues entre joueurs manquent de relief. Mais on s’attache malgré tout à ces personnages, dont on pressent mathématiquement la fin tragique sans jamais savoir quand elle surviendra.Audacieuse, violente et d’une brutalité presque hypnotique, ""Squid Game"" entraîne notre regard voyeur vers des territoires où l’on s’étonne de prendre plaisir à observer l’inacceptable."
,"3,5",,"marrant, bien qu’on en parle énormément,  je ne suis pas un fan des séries coréennes,  déjà regardant en VO, c’est une claque, le jeu de certains acteurs est un tantinet exagéré,  on sait pas si on a affaire à des non sens ou c’est le scénario,  mais j’avoue que l’on se prend à  l’histoire qui ne se résume pas uniquement aux extraits qui abreuve les. réseaux sociaux"
,"2,5",,"La saison de trop. La saison 2 se concluait sur un cliffhanger qui laissait espérer que la saison 3 éclaircirait les zones d'ombre de l'histoire (qui tire les ficelles ? Pourquoi le numéro 001 a-t-il pris le risque de participer aux jeux ? Pourquoi le numéro 11 lutte-t-elle contre les prélèvements d'organes ?...). Mais rien de tout ça pour ce final de Squid Game qui reprend son rythme de croisière avec de nouveaux jeux, comme si rien ne s'était passé dans la saison précédente. La fin est tellement prévisible qu'on espère jusqu'au bout que les scénaristes aient prévu autre chose pour nous surprendre. En vain. Dommage car cette série très originale dans sa première saison et surprenante dans la deuxième saison, échoue à se conclure efficacement. Mais elle aura au moins eu le mérite d'inspirer d'autres séries qui ne lui arrivent la plupart du temps pas à la cheville. Game over."
,"2,5",,"La saison 3 de Squid Game m’a franchement déçu. Comme Alice in Borderland, tout finit par se rapatrier aux États-Unis… et honnêtement, ça fatigue. Pourtant, les jeux restent réussis et marquants, c’est d’ailleurs le seul vrai point fort de cette saison. L’arrivée de Jun-ho sur l’île ne sert finalement à rien, et même si la naissance du bébé a plutôt du sens dans la narration, elle ruine complètement la fin selon moi. La mort de Gi-hun face à ce bébé était tellement prévisible depuis que 222 le lui a confié, j’aurais vraiment aimé me tromper et le voir survivre pour mettre fin à toutes les infrastructures s’il en existait plusieurs. Et que dire des VIP… le scénario aurait pu être bien plus marquant si le maître du jeu les avait piégés dans leur propre système avant de faire son mea culpa. Par contre, la petite apparition de Cate Blanchett était une belle surprise."
,"0,5",,"La première saison était pas mal, la deuxième aussi mais la troisième vous n'avez pas su quoi sortir du coup vous nous avez sorti un truc de l'autre monde, un truc avec toujours le même scénario mais encore pire dans cette saison, Déjà"
,"4,0",,"Une très bonne conclusion à la série, à condition 
spoiler: 
que la fin ne soit pas lié au remake américain (c'est-à-dire que, si il existe, ce remake ne continue pas la même histoire, mais revisite plutôt la série en créant un ""univers parallèle"". Sans cela, la conclusion de la série coréenne serait gâchée et perdrais tout son sens selon moi...)."
,"5,0",,"Chapitre 1 : L’histoire de Seong Gi-HunC’est l’histoire de Seong Gi-Hun, un homme en grande difficulté. Il est père d’une petite fille qu’il adore, mais il croule sous les dettes et n’arrive plus à les rembourser. Un jour, il croise un inconnu dans le métro. Celui-ci lui propose un jeu très simple. Seong Gi-Hun accepte et gagne facilement un peu d'argent.Mais ce n’était qu’un avant-goût. L’homme du métro lui propose alors de participer à un jeu mystérieux, dans lequel il pourrait gagner une somme d’argent colossale – suffisamment pour effacer toutes ses dettes. Seong Gi-Hun accepte, sans se douter de ce qui l’attend…Il se retrouve bientôt dans un lieu inconnu, aux côtés de plus de 400 participants. Le but du jeu ? Gagner. Mais ce qu’il ne sait pas, c’est que les perdants y laissent la vie. Le cauchemar ne fait que commencer.Chapitre 2 : Un concept intrigantCe genre de scénario n’est pas nouveau. On se souvient de films comme Running Man, qui explorait déjà des jeux mortels à la télévision. Mais ce qui rend cette série si originale, c’est que les jeux sont inspirés de jeux d’enfants. Ce contraste entre innocence et cruauté crée une atmosphère à la fois troublante et captivante.À cela s’ajoutent de nombreux rebondissements, qui rendent chaque épisode imprévisible et haletant.Chapitre 3 : Les acteursLa série est coréenne, donc la plupart des acteurs sont peu connus du grand public occidental. Cela n’empêche pas leurs performances d’être très solides. Ils incarnent leurs personnages avec justesse, et on s’attache rapidement à certains d’entre eux.Chapitre 4 : Esthétique et ambianceCôté effets spéciaux et décors, la série s’en sort très bien. On n’est évidemment pas sur un budget de film Marvel, mais l’ensemble est crédible, soigné et immersif. L’ambiance visuelle est particulièrement marquante, avec des choix de couleurs et de mises en scène très efficaces.Chapitre 5 : Mon avisCette série, qui compte trois saisons, est une vraie réussite. Elle a d’ailleurs connu un succès mondial, et je comprends pourquoi : aucun moment de répit, de l’action à chaque épisode, des retournements de situation inattendus, et une tension constante.Personnellement, j’ai adoré. Si vous ne l’avez pas encore vue, foncez ! Vous ne serez pas déçus."
,"0,5",,Trop moyennasse cette série manque de recherche les dialogues trop juste limite ados cela aurait pu être beaucoup mieux avec plus de créativités ça baissé de niveaux avec le temps
,"3,5",,"La saison 3 est en fait la continuation de la saison 2 qui est trop verbeuse et ennuyante.Je l'ai trouvé plus aboutie, plus dense que la saison 1.Les personnages sont plus intéressants, plus profonds, et il y a plus d'intrigues, plus de suspense.Il y a aussi plus d'actions.Pour moi, c'est une réussite."
,"5,0",,"Fin logique une saison excellente c’est juste incroyable de faire finalement gagner un bébé plutôt que tout les 
spoiler: 

joueurs depuis le debut de squid game qui aurait dit que le 456 fera au final face à un bébé je trouve que l’idée est exceptionnelle avec beaucoup de messages derrière aussi au final c’est la fille au joueur 456 qui prend le reste de l’argent
spoiler: 

. Le 456 ne pouvait plus vivre de toutes façons avec tout ce qu’il a pu endurer et avec ses remords il s’est sacrifié pour l’avenir d’un innocent les jeux continueront chose qui représente le vrai monde ou nous vivons la cruauté des gens n’a pas de fin malheureusement
spoiler: 

. Bref tellement de chose à dire mais j’ai trouver la série magnifique la fin excellente tellement de messages derrière comprendra qui pourra."
,"0,5",,"La violence, lorsqu'elle est excessive ou non justifiée par le propos de l'œuvre, peut devenir contre-productive. Dans le cas de ""Squid Game"", la saison 1 a brillamment utilisé la violence pour dépeindre une critique sociale acerbe du capitalisme et de la désespérance humaine. Chaque mort, chaque jeu macabre, servait un objectif narratif précis, renforçant le dilemme moral des personnages et la cruauté du système La saison 3 introduit de la violence qui semble ""gratuite"" ou ""inutile"", c'est une dérive qui masque les faiblesses scénaristiques et le manque de profondeur des personnages puisqu'elle n'est plus au service de l'histoire."
,"2,0",,"D’un point de vue visuel, cette nouvelle saison reste fidèle à l’univers de **Squid Game** : l’ambiance, les décors et la mise en scène sont à la hauteur. On y retrouve plusieurs intrigues parallèles, ce qui aurait pu enrichir l’histoire… mais malheureusement, **le scénario est probablement le plus faible de toute la série**.Le héros se retrouve à se battre pour un bébé sorti de nulle part, sans qu’on comprenne vraiment pourquoi ni d'où vient cet enjeu. Le lien entre les deux frères – le policier et le Front Man – n’est quasiment pas exploré :  aucun vrai dialogue, aucune évolution crédible de leur relation. C’est une occasion complètement manquée.On aperçoit aussi la fille du joueur 256, mais là encore, c’est un ajout sans réel impact narratif.Très déçu de cette fin pour une série. Surtout qu'on sent l'envie de préparer une potentielle suite à l'américaine...."
,"1,0",,"Avec plaisir ! Juste une petite précision : je ne peux pas publier directement à ta place sur des plateformes comme Allociné, Netflix, Goog Critique sérieuse sur Squid Game :J’ai rarement été aussi dérangée par une décision scénaristique. Le traitement du personnage numéro 222 dans Squid Game est profondément choquant. Qu’on puisse envoyer une jeune mère, encore en lien direct avec son bébé, dans une épreuve aussi brutale et inhumaine dépasse les limites de l’acceptable — même dans une fiction.Il ne s’agit pas ici de créer un effet dramatique ou de choquer pour faire avancer l’intrigue, mais d’un choix qui manque cruellement d’éthique et de cohérence. Cela banalise la souffrance et instrumentalise la maternité pour créer une émotion facile, au détriment de toute logique morale ou narrative.Je comprends que la série souhaite dénoncer certaines injustices ou dérives sociales, mais il y a des manières plus intelligentes et respectueuses de le faire. Là, ça frôle le sensationnalisme gratuit.Franchement déçue. Ce genre de scène me fait décrocher complètement."
,"3,0",,"spoiler: 

je suis très déçu de toutes les pertes tout au long de cette saison, je m’attendais à ce qu’il y ait enfin plus d’un vainqueur mais non hélas, trop de scénario mal trouvé, beaucoup de perte auraient pu être évité si facilement, on les voit venir de loin.. c’est très dommage
spoiler:"
,"4,5",,"Une série qui devient légendaire en seulement 9 épisodes !! tout est là, scénario, rythme, réalisation, suspense, jeu d'acteur, décor, lumière, aucune erreur on peut dire !! j'ai pas eu un coup de coeur pour une série Netflix depuis orange is the new black !"
,"4,0",,Une saison 2 et 3 pas forcément nécessaire mais qui apporte une vraie bonne fin avec son lot de réponse et de questionnement. Un excellent jeu d'acteur et malheureusement une exploitation de licence qui contredit son message. Mais j'ai vraiment aimé c'était vraiment bien avec beaucoup d'émotion. Seulement c'est long parfois et prévisible.
,"1,0",,Très déçu par cette saison 3. Je pense qu’il aurait fallu condenser la 2 et tout faire sur la 3. Trop de longueurs. On ne s’attache plus aux personnages. Tout ce qui faisait les personnages a disparu. J’étais déjà un peu déçu par la 2 qui faisait un peu office de « je donne une peu pour faire patienter » et finalement on reste sur notre faim. Un final assez décevant. J’ai regardé pour mon mari. Je n’aurais probablement pas regardé la 2e ni la 3e saison.
,"5,0",,"Même si je préfère la saison 1, j'ai beaucoup aimé la saison 2 et la dernière saison. La BO est génial. Je n'ai rien d'autres à ajouté."
,"5,0",,"Je vais remonter la note car je vois qu'il y a beaucoup de bashing sur cette saison, que j'ai beaucoup apprécié contrairement à la plupart. C'était intense, assez inattendu, et il y a de nouveaux jeux, le final est très satisfaisant également. Je pense que les gens ont perdu l'effet nouveauté et donc sont beaucoup moins indulgent avec cette saison 2 et 3, qui sont objectivement de très bonnes suites quoi qu'on en dise."
,"2,5",,"Déçue mais complètement déçue au maximum. Finalement rien n'a servi à rien . Beaucoup trop de compassion pour untel ou untel. Torturer les internautes à ce point, est-ce vraiment le but de la saison finale? Cette saison 3 devrait s'intituler 222 tout simplement, tout tournait autour d'elle et tout a été chaotique à cause d'elle. Et le pire que ce sera l'éternel recommencement... Ils ne vont pas s'arrêter, Cate Blanchet commence déjà le recrutement . GAME OVER."
,"1,0",,"Donc déjà il y a eu plusieurs points catastrophique :1. Il n'y a pas eu développement de charactères, pourquoi chacun en est arrivé là où il est.2. La fin catastrophique, on sent qu'ils ont fini à l'arrache la série.3. La fin n'est pas du tout un dénouement, c'est comme si rien ne change par rapport à la saison 1 ou 2.4. Ils n'expliquent pas ""vraimen""t pourquoi épargner le héro au début de la saison 3. Genre un ""regarde les conséquences de tes actions"" n'est pas du tout une explication.5. La série se résume à re-jouer des jeux à mort jusqu'à la fin.Et encore, on pourrait lister d'une façon surfacique comme en profondeur, il y a des arguments à gogo de pourquoi c'est nulle cette saison cette fois ci. Pour moi c'est un 2/10 juste pour la qualité des jeux choisi et leur déroulement. Sinon rien."
,"5,0",,"Une superbe série pour montrer les problèmes de la société, les personnages sont attachants, les musiques sont marquantes et superbes !"
,"5,0",,"La première saison est INCROYABLE !! Les jeux, les musiques que j'adore, les personnages hyper attachants, le côté comique !"
,"5,0",,"Je ne peux pas être déçu de la s3 car il 
spoiler: 
ne reste aucun survivants
 au contraire c'est réaliste. Forcément
spoiler: 
 un peu triste mais les idées de la société sont bien défendus
. J'ai adoré les moments 
spoiler: 
après la mort de 456 ou on voit les survivants
 je trouve que justement il nous faut plus de série dans ce style qui 
spoiler: 
dénonce la société et ses problèmes !"
,"4,0",,"Le seul problème c'est le policier qu'on voit très peu je trouve, mais sinon la saison est bien dans son ensemble, Thanos est drôle, et n°001 quand il joue est sympa !!"
,"3,0",,"Les jeux et la trame psychologique restent à un niveau ""correct"", par contre les décisions irrationnelles des protagonistes laissent un goût amer à l'ensemble. Passé plusieurs incohérences scénaristiques, on se laisse quand bien même porter vers la fin, histoire d'en connaître le dénouement. J'ai presque regretté les années 70 où certains scénaristes s'étaient risqués à proposer des fins différentes à leur film histoire de réconcilier la majorité des spectateurs.Cette fin là, fruit d'un incroyable concours de circonstances et de mauvais choix des participants, laissera sans aucun doute un sentiment de frustration chez une bonne partie des gens qui ont regardé jusqu'au bout.3 saisons c'est bien, vouloir en faire 10 et plus comme les saw par exemple, finirait inévitablement par tuer le genre..."
,"0,5",,"Saison 3 ? Non saison 2 partie 2 ... pas parce que Netflix a décidé dé couper la saison en deux que ca fait une saison en plus ... Bref toute façon uniquement la 1 était sympathique, original la deux commençais déjà a sentir le fric a plein nez la 2ème partie est catastrophique ... Les acteurs sont toujours horrible, y'a plus de scénario les épisodes sont interminable pour rien, plus de surprise, des jeux nul, des incohérences. $$$"
,"3,0",,"On s'attendait à une fin plus élaborée, clairement. Des débuts engagés de Squid Game (dénonçant l'extrême pauvreté qui touche une grande partie de la population, le désintérêt des riches face à ces prolétaires à la rue, l’appât du gain qui fait faire n'importe quoi...), sa mise en scène clinquante qui nous aguiche l’œil (les jeux comme des cours de récré mortelles, on a adoré le concept), le personnage principal (""le bon gars, le vrai"") dont a vite pitié, quelques seconds rôles attachants (Ali... On ne s'en remet pas), retrouver ""le mec de Busan"" (oui, on a tous eu le même réflexe) pour un petit rôle, un sixième épisode en apogée dramatique de la série... Squid Game a beaucoup d'idées. Mais voilà, après cette vague immense d'atouts, la série semble ne plus savoir trop quoi en faire, et retombe dès l'épisode 7 dans le train-train habituel des films de jeux sadiques où l'on pousse un groupe de personnes à s'entretuer, nous mettant sous le nez des personnages ultra-caricaturaux (le couple du truand et de la folle - élue personnage insupportable de la série -) ou si vicieux que l'on finit par se moquer éperdument de leur sort (l'ami d'enfance du héros), et surtout, une fin à la 
spoiler: 
Saw
. On n'en revient pas d'avoir exactement le même twist, à savoir que 
spoiler: 
le créateur du jeu qui se cache parmi les ""morts"" et se rince l’œil sur le déroulé des épreuves
... On avait déjà à demi compris ce twist, lorsque la série dévoilait trop tôt que 
spoiler: 
le vieux ne gâte pas tant qu'il veut bien le laisser paraître (à la fin de l'épisode six) et qu'il est l'un des uniques personnages dont la mort n'est pas montrée en gros plan en face caméra (cette mise en scène des scènes de tuerie nous agace, on se l'avoue), ce qui interpelle forcément
. Une demi-surprise, donc, pour une déception totale, en revanche. On a aussi failli s'étrangler devant le spectacle navrant des 
spoiler: 
VIP masqués en animaux ""boule à facettes"" qui viennent faire des paris sur les gagnants en gloussant de plaisir à chaque mort
, ce qui ressemble à la ligne directrice des séries ""dark"" Netflix, qui critiquent de façon balourde, n'impressionnent que les jeunes ados (et encore), et font rire les amateurs de scénario plus fins. La fin laisse aussi la porte ouverte à plusieurs saisons, Netflix oblige, ce que l'on ne trouve pas nécessaire dans l'immédiat (à voir s'il l'on parvient à nous prouver le contraire avec une super saison 2, mais on en doute...). Si suite il y a, on préfèrera voir des alliances entre joueurs comme dans les débuts de Squid Game pour déjouer les pièges, plutôt que des gens qui se tirent dans les pattes de façon mesquine et ultra-prévisible, comme dans les films d'épouvante qu'on commence à connaître. On retient surtout le héros (""vraiment, c'est un bon gars""), le pauvre Ali, quelques jeux déchirants (les billes) ou surprenants (les trois premiers), une mise en scène originale, ""le mec de Busan"" et une critique acerbe de la société. Mais les épisodes 7 à 9 commencent une chute vertigineuse (sans besoin de verre faussement trempé) vers une fin des plus faciles, vue et revue si vous connaissez une certaine saga de films d'épouvante, et assez prévisible. You Win, pour cette saison, mais Game over pour la suite."
,"3,0",,"Squid Game s’essouffle rapidement après une première saison réussie. La deuxième saison déçoit par son intrigue confuse, son rythme laborieux et des personnages peu convaincants. La dernière saison tente de redresser la barre, mais sa fin bâclée et sans réel impact laisse un goût amer. Au final, la série peine à retrouver la force et l’originalité qui avaient fait son succès, et déçoit plus qu’elle ne captive désormais."
,"0,5",,"Honnetement je ne comprendrais jamais l'engouement pour cette serie. Le scenario tourne en boucle depuis 3 saison ,la seule est unique chose que l'on peut voir dans cette serie c'est une extreme violence inutile qui construit absolument tout le scenario mais aussi un jeu d'acteur d'une pauvreté affligeante...Absolument tout est ridicul , les acteurs , le scenario,le décor avec un budget au plus bas,l'intrigue si on peut considéré qu'il y en a une...enfin voila encore une serie netflix :)"
,"4,0",,"Sombre – Intense – InégalDes participants désespérés acceptent de jouer à des jeux d’enfance mortels pour remporter une énorme somme d’argent, révélant les aspects les plus sombres de l’humanité.La série est très captivante, avec une tension constante et des rebondissements marquants qui tiennent en haleine. L’univers, à la fois visuellement frappant et oppressant, accentue le sentiment de danger et d’urgence. Les personnages principaux sont attachants et nuancés, chacun avec ses motivations et dilemmes moraux. Quelques longueurs et développements parfois prévisibles expliquent une impression d’inégalités dans le rythme, mais l’ensemble reste puissant et mémorable."
,"0,5",,"Honnêtement, je trouve cette série horrible et honteuse. C'est l'une des séries les plus cruelles de l'histoire ....Je ne comprends pas comment c'est possible d'avoir une imagination aussi noir et dramatique que ça. Chaques choix scenaristiques et tout simplement cruel, je n'ai pas d'autres mots, ca me dégoute"
,"4,0",,"Bonjour, je pensais sincèrement que la série allait finir en queue de poisson, telle  game of thrones...mais j avoue les émotions  dégagées par les personnages, aussi cruels qu ils soient ont rendu l histoire secondaire...oui, l homme peut devenir un monstre quand il s agit de défendre son intérêt...la quietude des ports coréens mélangée aux jeux du cirque orwelien desarconne le spectateur. Être spectateur de personnages,  sans téléphone portable, isolé de tout consummerisme et prêt à mourir pour consommer leur passé,  c'est un cocktail detonant.  Cela donne envie de siroter le whisky du commandant en regardant le coucher de soleil sur Séoul ! Merci...ps: les prekels us je ne les regarderai pas, je tiens à ma santé mentale !"
,"2,5",,"(Je parle de la dernier saison) Une déception par rapport à la toute première saison. Je pensais qu’ils avaient divisé la saison 2 en deux parties justement car il y allait y avoir un retournement de situation ou un final exceptionnel... Mais non. Tout est prévisible. J’ai trouvé les derniers épisodes très lents et on nous obligeait à être triste pour certains persos alors que ce qui rendait la saison 1 tragique c’est justement avec quelle banalité les personnages mourraient. Il y a deux sous-intrigues qui ne servent strictement à rien, on a vraiment un sentiment d’inachevé avec certains personnages qui auraient mérité plus de profondeur. A par pour le personnage principal, tout le monde est soit gentil, soit méchant, il n’y a pas de tiraillement dans les joueurs, ça manque de remise en question. J’ai quand même pris plaisir à regarder bien sûr, mais comparé à la première saison, je trouve ça plus pauvre et plus accessible pour le grand public."
,"5,0",,"Une des meilleures séries de tous le temps!Une histoire traitant incroyablement bien et profondément les thèmes sociétaux comme la violence, l'argent, le vote démocratique, le capitalisme, à travers ces jeux d'enfant où la mort attend chaque perdant.La réalisation est excellente, les acteurs jouent magnifiquement bien.Ces 3 saisons sont un pur chef d'oeuvre artistique!À voir absolument!"
,"2,5",,"La première saison de *Squid Game* a marqué un tournant. Portée par une idée simple mais terriblement efficace – des adultes désespérés forcés de rejouer à des jeux d’enfants mortels pour une énorme somme d’argent – la série interrogeait la violence du capitalisme, la misère humaine, les dérives du spectacle, et surtout la nature profonde de l’homme lorsqu’il est poussé à ses limites. On y trouvait une critique sociale à la coréenne : impitoyable, crue, mais jamais totalement cynique. L’épisode des billes, notamment, mettait en lumière la trahison, l’amitié brisée et l’humanité au bord de l’abîme. Visuellement marquante, émotionnellement forte, cette saison tenait en haleine de bout en bout, avec un univers cohérent et des dilemmes moraux profonds.Mais après avoir vu les saisons 2 et 3, une évidence s’impose : *Squid Game* aurait dû s’arrêter à la première. Ce qui faisait la force de la série – la nouveauté, l’ambiance, l’impact moral – s’efface au profit d’une redite moins inspirée et plus confuse.La saison 2 commence pourtant sur de bonnes bases : on veut savoir comment le héros, marqué par ce qu’il a vécu, va tenter de faire tomber l’organisation. Mais très vite, la série s’égare. Elle se fragmente en trois intrigues principales :
spoiler: 
* Celle des jeux, toujours prenante visuellement, mais qui **n’apporte aucune révélation nouvelle**. On connaît les mécaniques, et l’effet de surprise n’est plus là.
* Celle du policier, qui traînait déjà en longueur en saison 1, devient ici **interminable pour un résultat quasi nul**.
* Celle de la femme nord-coréenne, qui paraît rajoutée artificiellement, sans réel poids narratif.
Le plus gros problème, c’est que tout devient **trop lourd, trop long, et souvent absurde**. Les votes démocratiques, censés apporter du réalisme ou du suspense, cassent le rythme. Certains dialogues frisent la caricature. Et certains personnages semblent tout droit sortis d’un manuel de quotas Netflix, caricaturaux, sans subtilité, juste là pour cocher une case.
spoiler: 
Et puis vient **l’incohérence majeure**, celle qui m’a vraiment sorti de la série : **le retournement total de personnalité du personnage principal entre les épisodes S3E5 et S3E6**. Il ne réagit plus comme avant, comme s’il était devenu un autre homme sans explication. C’est **injustifiable**, et ça détruit la continuité émotionnelle du personnage.
Oui, les jeux restent divertissants. Oui, quelques dilemmes moraux subsistent. Mais la magie a disparu. Ce qui était poignant est devenu mécanique. Ce qui était cruel mais humain est devenu artificiel. Un univers aussi fort ne méritait pas une suite qui se contente de faire ""comme avant"", en moins bien.*Squid Game*, c’est une première saison marquante, forte, qui aurait pu rester comme une œuvre unique, dense et puissante. Les saisons 2 et 3, elles, ressemblent à une exploitation commerciale sans vision."
,"1,0",,"Une saison de trop. Regardé jusqu'au bout mais déçu jusqu'au bout,  rien d'original, des personnages fourbes, pas de crédibilité et une fin plutôt bête. On peut se passer de cette saison sans regrets."
,"3,0",,"1, 2, 3 : suite et fin  La saison 1 avait été sensationnelle, puisqu'elle avait donné lieu au démarrage d'un succès planétaire. La saison 2, en regard, avait semblé bien décevante, pouvant rebuter les plus pessimistes mais laissant aux optimistes l'espoir d'une suite meilleure. La saison 3 remonte en effet la pente, mais pas suffisamment pour susciter l'envie de gravir d'autres sommets. Manque de panache ou trop-plein de déjà-vus ? Le renouvellement n'est que partiel et les personnages, recyclés ou non, ne suffisent pas à créer une impression de nouveauté. On sent que l'on a fait le tour du concept qui, en outre, ne repose que sur un nombre important, voire excessif, de morts gratuites (enfin, façon de parler, puisqu'elles sont occasionnées par la volonté de gagner de l'argent...). Un parti-pris bien sombre sur la noirceur de l'obscure nature humaine : a-t-on besoin de ça, sachant qu'il n'y a finalement aucune vraie morale à la clé ? A moins, bien sûr, que le monde entier veuille s'identifier au héros, seul véritable personnage aux actions louables, quand les centaines d'autres nous prennent aux tripes en s'étripant, vrillent et dévissent dans le sang de leurs vices ? Jamais 2 sans 3, d'accord. Mais maintenant, clap de fin, saison 3 petits tours et puis s'en vont : Squid Game over."
,"2,0",,"Après une bonne première saison qui n'était pas sans défauts mais qui avait une certaine originalité, la deuxième saison est très mauvaise avec ses nouveaux personnages qui frisent le ridicule, son scénario prévisible et des dialogues interminables et compléments stériles pour la plupart. Tout ça n'est pas très étonnant quand on sait qu'à la base la série devait avoir une seule saison. Je crains le pire pour la saison 3."
,"2,0",,"On se doutait que la saison 2 serait moins bonne que la première, l'effet de nouveauté de la saison 1 passée. Je m'attendais quand même à mieux. On perd l'humour, le suspens, l'attachement aux participants, l'émotion de ne pas les voir arriver au bout qui existaient dans la première saison. Cette seconde est beaucoup plus courte et bâclée. Squid Game aurait dû s'arrêter à une seule saison et garder son statut de série culte."
,"4,0",,"Après une première saison époustouflante, Squid Game n'a malheureusement pas su se réinventer. Avec plusieurs points positifs, comme une idée originale, des acteurs superbe ainsi que des décors surprenants, la série sud-coréenne peine à convaincre avec ses saisons suivantes. Une saison 2 décevante qui peine à reprendre avec la sortie de la troisième. Heureusement, la série la plus regarder sur Netflix, propose une fin surprenante et excellente. Ainsi, Squid Game alterne entre haut et bas mais parvient à proposer une fin haletante, entre émotion, rire et action. Elle reste, malgré tout, une très bonne série."
,"2,5",,"Quand une série n'es prévue que pour une saison mais que l'argent prime sur la qualité voilà ce que ça donne. Déjà que la première saison n'était pas spécialement inovante, elle avait au moins le mérite d avoir des personnages plutôt intéressants dans leurs personnalités. Ici 7 épisodes relativement vide, avec une recherche de l'île d'un côté qui n'avance pas et les fameux jeux de l'autre qui sont beaucoup moins inventifs et stressant. Que dire également des participants, tous pratiquement sont dans le surjeux avec des dialogues creux et leurs sorts nous indifère tant ils sont horipilants. Même les votes installent une fausse tension en plus d'avoir un méchant goût de déjà vu, les probabilités d'avoir des scores égaux sont quand même mince mais pas pour les scénaristes, les double jeux de certains personnages manquent de subtilité, Seon Gi-hun bien que moins benêt que la saison 1 ne semble pas très mefian surtout vu son passif avec le joueur 001. La fin est expédié qui ne sert de prétexte qu'à la future saison 3 pour enfin bouclé la boucle d'une série qui n'a déjà plus rien n'a raconté."
,"4,0",,"Saison 3 déjà nettement meilleure que la précédente, je n ai pas fini mais j' y compte bien... Les intrigues longues de la saison 2 se dénouent enfin, et la perversité reste puissante et aussi omniprésente, bien que les dialogues restent nuls on va pas se mentir..."
,"4,5",,"Excellente série pleine de rebondissements, des personnages intéressants, bcp de violence. Cette série coréene se laisse bien voir, une belle surprise"
,"2,5",,"Je m'attendais à un final explosif et quelle ne fut pas ma déception devant cette dernière saison aussi bâclée !Une vraie déception, nourrie par un attachement sincère aux débuts de la série. Ce genre de désillusion est d’autant plus fort quand la première saison pose des bases solides, promettant un développement profond qui s’effondre dans les dernières lignes droites.Un point essentiel : le recours à des artifices émotionnels, comme une ""absence d’humanité"" censée émouvoir ou surprendre, peut vite sonner creux si le scénario manque de cohérence ou de subtilité. Une fin n’a pas besoin d’être ""rose"" pour être forte ; elle doit surtout rester fidèle à la logique de l’univers et de ses personnages.Selon moi la première saison demeure la meilleure de toutes."
,"2,0",,"Squid Game reposait sur un concept fort : la critique sociale poussée à l’extrême à travers un jeu mortel. Mais ce genre d’idée a ses limites narratives, surtout lorsqu’on essaie de l’étirer sur plusieurs saisons. On le constate dans la saison 3 qui tombe dans la SURENCHÈRE assez malaisante.Cela dit, l’ouverture vers une version américaine 
spoiler: 
[Recrutement à  des participants au jeu par Cate Blanchett]
 pourrait redonner un souffle si elle adopte une perspective culturelle vraiment différente (et pas juste un copier-coller). Mais pour moi, le risque de dilution du message est réel. Le plus grand danger, c’est de transformer un choc social en simple franchise commerciale. Cela y ressemble d'ailleurs fortement!!!"
,"4,5",,"Une très bonne série. Des personnages attachants, un jeu d'acteur exceptionnel et un sujet recherché et divertissant. Le contraste jeu et horreur est très bien exploité. Quelques longueurs et moment plutôt attendu mais en terme scénaristique c'est vraiment très bien fait. Plutôt addictive grâce en parti à l'intrigue première à savoir le jeu en lui même, on se perd peut être un peu dans les histoires annexes notamment celle de l'enquête et de la femme se faisant passé pour le personnel.  Un sujet très bien exploité et qui ne sombre pas dans le patos."
,"4,0",,"Une série qui à travers les saisons dénonce davantage la triste réalité de notre société. La saison 1 est convaincante et on peine à imaginer une saison 2. Pourtant la suite gagne en qualité, en profondeur et en cynisme. Cette série est tout simplement parfaite pour évoquer les dessous et travers de notre société. Une série culte."
,"3,0",,"Squid Game était pour moi l’une des séries que j’ai vraiment appréciées, que ce soit pour son histoire, son éthique, la qualité de son casting et, au final, sa moralité.Mais fallait-il vraiment une suite à la saison 1 ? Clairement non.Quand la saison 2 a été annoncée, j’étais à la fois impatient et dubitatif. Le réalisateur lui-même avait précisé qu’il n’avait pas écrit de suite et que, pour lui, ce n’était pas envisageable.Alors quand elle est sortie au 3ᵉ trimestre 2024, j’étais curieux. Mais très vite, j’ai compris que ce n’était pas une vraie suite narrative, mais un simple produit pour surfer sur le succès de la première saison et faire de l’argent.Les nouveaux acteurs sont plus pathétiques les uns que les autres, réduits à des clichés mal écrits. On sent une tentative maladroite de représenter toutes les communautés sans jamais leur donner de vraies personnalités. C’est creux, artificiel, loin de la sincérité des personnages de la saison 1, qui eux, avaient du vécu, des dilemmes, une profondeur humaine.La mise en scène, autrefois soignée, se contente de recycler les anciens codes. Tout est dans la surenchère : plus de violence, plus de bruit, mais au final, beaucoup moins d’impact. On ne ressent plus cette tension constante, cette peur du prochain jeu. On voit juste une volonté de choquer, sans cohérence, sans logique.Quant au message social, il s’est perdu dans des dialogues pseudo-philosophiques, vides de sens. Là où la saison 1 proposait une vraie critique du capitalisme et de la société, la suite se contente de phrases toutes faites sans aucune authenticité. Ce n’est plus une série à message, juste un produit qui répète sans comprendre.Et malgré ça, la fin m’avait quand même hypé pour la suite… alors je l’ai regardée. Et franchement, c’est la saison 2 en pire. Encore plus marquant, plus choquant, mais encore plus creux. Le personnage principal ne sert à rien. Il est là, il subit, il n’évolue pas. On dirait qu’on l’a gardé juste pour le fan service.Et le flic ? Celui qui devait incarner la résistance dans cette tuerie de masse ? Il revient, mais pour quoi ? Trois scènes inutiles, aucun développement, aucune utilité. Son arc est complètement abandonné.La série ne sait plus ce qu’elle veut raconter. Elle recycle, elle exagère, elle tente de provoquer des émotions avec du vide. Ce n’est plus Squid Game, c’est juste une copie clinquante sans âme.Alors avis à ces pseudos fans qui aiment la médiocrité, merci de pas signaler mon avis"
,"0,5",,"Je suis d'accord pour dire que la saison 2 ne sert pas à grand chose. Si l'on fait la conclusion sur ce que l'on à appris ça se résume à strictement rien.Aucune réponse, aucune évolution.. espérons que la série s'arrête avant de faire une saison de trop."
,"5,0",,"Saison 3 (contient quelques éléments de l'intrigue)Après le final aussi grandiose que frustrant de la deuxième saison, les téléréalités honteusement débiles et les gardes roses qui font de la breakdance sur scène signé Netflix, la conclusion de cette série est enfin là.Hwang Dong-hyuk s'en sort assez brillamment avec cette saison quand on voit l'outil capitaliste qu'en fait Netflix détruisant son message. Dans son fond, le discours s'épuise, mais dans sa forme, la réussite est au rendez-vous.Le problème avec Squid Game saison 3 (qui n'est en réalité que la seconde partie de la saison 2), c'est que la série est à l'origine une minisérie.La première saison avait déjà dit tous ce qu'elle avait à dire, que ce soit la critique sociale, celle du capitalisme, le trafic d'organes...C'est ce qui va mener cette saison 3 à aller toujours plus loin, sans vraiment d'utilité et avec une subtilité totalement absente mais sans jamais perdre sa ligne directrice.Le manque de subtilité de ce final est totalement justifiable, quand on voit la lecture qu'ont beaucoup de gens d'une des séries les plus anticapitalistes qui soit, pas aidée par l'objet marketing qu'en fait Netflix, c'est désolant.A l'image de la saison 2, la sous intrigue ""allons chercher l'île"" à des soucis de rythme qui contrastent avec les jeux. Ça fait un peu bouche trou, même si l'histoire maintient une tension qui résiste mieux à la lenteur.Celle du trafic d'organe s'intègre beaucoup mieux, mais n'a plus grand chose à raconter, et ne va servir que de ""prétexte"" pour une autre sous intrigue pas très utile qui là, pourrait porter un regard intéressant sur les 2 Corées, mais n'ose jamais en parler.La saison 2 nous abandonnait sur la rébellion, (l'une de ses séquences les plus marquantes). La saison 3 l'expédie très vite en quelques scènes brutales et froides. La frustration fut donc ma première impression.La série n'ayant plus grand chose à dire et ayant tué les personnages qui apportaient une nouvelle critique dans la saison d'avant, va s'enfermer dans un schéma, où pour ne pas que cela semble répétitif, les enjeux vont être poussés encore plus loin dans des jeux plus complexes, pour plus de brutalité et de dilemmes moraux.Les jeux, le gros point fort de cette saisons sont tous excellents. Le renouvellement est total, imprévisible, et va encore plus loin sur le plan moral. C'est ultraviolent, cruel, froid et très sadique. La violence à excès tue la violence. Son réalisateur en a bien conscience et arrive avec intelligence à se renouveler graphiquement.Les différents jeux poussent les joueurs dans leurs retranchement pour nous livrer des séquences terribles, mettant en lumière les dynamiques de personnages, permettant des moment choques où l'émotion est là et où les morts de sont pas anodines.Le travail sur les décors, la lumière, les textures des différents jeux est une grande réussite visuelle, même si le coté tout CGI du dernier jeu mortel m'a un peu déçu.Le jeu du cache-cache, est sans doute le plus réussi, d'une intensité folle, pseudo métaphore de la guerre de Coréen, qui pousse les gens à se tuer entre eux, plongement dans du sadisme pur, une brutalité frontale. et ça m'a eu. La fin de l'épisode m'a fait pleurer. Je ne m'attendais vraiment pas à ça de la part de Squid Game.La réalisation, toujours aussi pointilleuse, redouble d'originalité pour nous plonger complètement dans les différents jeux, avec des caméras à la première personne, qui jouent beaucoup entre les rapports de force qui s'inversent, jouant sur la plongée/contre plongée, agrémenté de travelings Latéraux lourds de sens.Le montage, très malin, s'amuse à superposer plusieurs époques, plusieurs personnages, le découpage de l'action permet au spectateur d'être dans le combat. La maitrise de la brutalité est terrifiante.Le Sound Design toujours là pour accentuer la brutalité de chaque coup, de chaque tir, de chaque chute.. rend l'effet choque encore plus terrible.Les acteurs et évidement Lee Jung-jae livrent tous une performance irréprochable.Sans spoiler, un élément inattendu et pour cause, complètement invraisemblable va arriver dans les jeux (spoiler il est en CGI moche et pleure beaucoup). Au début l'étonnement du manque d'idée ayant conduit à ça étonne, puis au fur et à mesure, cet élément devient le point clé des derniers épisodes, la preuve que l'humanité est encore présente chez certains, le cœur des enjeux du film où la quasi totalité de la tension repose sur les choix autour de sa personne, et quelle bonne idée !Malgré des grosses ficelles, la finalité arrive toujours à surprendre, on ne s'attend à ça, mais pas de cette manière. Deviner en étant surpris, toutes les séries n'y arrivent pas.la fin du Squid Game risque de beaucoup diviser. La fin facile de la boucle bouclée où Seong Gi-hun devient Frontman n'était pas une option, mais le choix de le dresser comme dernier rempart contre la déshumanité pour en faire une figure Martyr prouve que parfois, ce n'est pas le capitalisme qui gagne. Certains y verrons un message d'espoir d'autres la fatalité réservée au bien dans un monde où l'argent est maitre.Squid Game saison 3, ça ne fait que réitérer le propos tenu pendant la première saison. La considérer comme une suite opportuniste n'est pas véritablement le reflet de ce qu'elle est. C'est un aboutissement graphique en manque de renouvellement dans son fond mais qui arrive à contrebalancer avec ses dynamiques, ses jeux et sa conclusion nécessaire.D'une certaines manière, c'est une mise en abime, nous les VIP qui regardons derrière notre écran les VIP qui regardent derrière leurs vitre les ravages que cause du capitalisme moderne.En réalité ce qui importe c'est le message de la série. Trop d'argent détruit les gens, les poussent à rejeter ceux qui fait d'eux des humains, Ils deviennent des bourreaux pour ne pas être la victime.Squid Game fait un bilan sombre mais nécessaire. Un monde où la rentabilité, l'argent, devient la seule chose recherchée, menant à une marchandisation de la souffrance enrobée par la déconnection des puissants dont il ne reste pas la moindre trace d'humanité.Malheureusement, pour le cinéma c'est toujours le capitalisme qui gagne (hein Cate Blanchette)... Avez vous faire ****** les américains sérieux. Ca pue à trois kilomètre le remake stupide à la Oldboy de Spike Lee. Apprenez à placer votre pays sur une carte avant d'aller pomper les concepts géniaux des Sud-Coréens."
,"5,0",,"spoiler: 
Ok ok merci beaucoup pour cette incroyable série qui est bourré de rebondissement il y a tellement de chose à étudier surtout au niveau des personnages de leurs émotions et surtout de leurs pensé nous pouvons même nous redemander à plusieurs reprises quelle série ont regarde. Nah mais sérieux 222…..
Sans oublier que notre perso principal et notre héros a réussi sa mission et donc le squid game n’existe plus en Corée mais dans les autre pays comme l’Amerique c’est encore une autre histoire surtout quand ont vois qui est le recruteur que absolument personne aurait put trouver dans cette série bref Long vie à cette serie en espérant perdurer entre les générations"
,"5,0",,"cette série est une critique de la société capitaliste, critique des jeux d’argents, laissant le personnage principale se laisser lui même s’adonner à des ce genre de jeux, se retrouvant lui-même le cheval de course sur lequel il a parié.la saison 3 saura vous émouvoir.bref, regardez. Les trois saisons sont toutes plaisantes"
,"1,0",,"Je suis censé regarder une série où les gens souffrent, mais c’est moi qui souffre. Pourtant, depuis le début, il suffisait que j’appuie sur le bouton « éteindre » de ma télécommande pour éviter tout ça.Aidez-moi, ça fait trois saisons que je suis bloqué. Et je ne trouve pas ma télécommande.Mais voyons le bon côté des choses : au moins, j’ai appris quelque chose – « les humains ne sont pas des chevaux ». Une véritable révolution philosophique, méritant que je renie les enseignements de Jésus-Christ.Mais soyons sérieux deux secondes. Qu’est-ce que cette série nous a vraiment prouvé ? Eh bien, elle nous a prouvé que nous devrions être pour le bannissement de la Corée du Sud de tous nos accords commerciaux, après l’affront que cette série nous a fait subir."
,"5,0",,"Excellente série Coréenne. Assez original( sauf sur quelques points), les acteurs sont excellents , je ne les connaissais pas mais les Coréens sont très forts. Les personnages sont très attachants meme le ""gangster"" ce qui renforce l’ambiance et le stress qu’on ressent pendant les jeux. Il y a énormément de secret ce qui nous pousse à faire des théories (j’en ai des bonnes ), on est à la fois enquêteur et joueur ! Bref aller voir la série , en famille ou seul."
,"3,5",,"Incroyablement DÉÇU De cette fin de série plus précisément de la fin qui est beaucoup trop facile et pas à la hauteur de Squid Game saison 1 . Des épisodes lent , des épreuve longue , des votes qui ralentissent le rythme déjà pas ouf. Et une dernière épreuve juste bâclé des joueur nul et LE joueur cacher . Pour conclure une saison inutile qui à mon avis vas faire redescendre la popularité de cette série qui avait une immense influence et énormément de potentiel. Malgré le teaser de Squid game américain."
,"5,0",,Très fort pour du coréen les acteurs au top et niveau émotion parfait mais faut regarder en coréen.Ont dirait une morale style manga.les gens qui ont mis  1 étoiles c'est vraiment ne pas apprécier une bonne œuvre.
,"2,0",,Des répétitions et la fin est vraiment très lente Les deux derniers épisodes sont vraiment décevants
,"0,5",,"Saison 3, surtout la fin, est une insulte pour toute la série... j'espère qu'il vont pas faire de nouvelles saisons..."
,"3,0",,"Toujours aussi sadique, mais la formule s'essouffle un peu.L'effet de surprise de la première saison s'est totalement évaporé. On connaît désormais les rouages de l'organisation, et la découverte macabre des jeux d'enfants laisse place à une mécanique plus prévisible, malgré de nouvelles épreuves. La tension, bien que présente, n'atteint jamais le niveau d'angoisse et de nouveauté qui avait fait le succès de la première saison.Le scénario semble parfois étiré en longueur pour préparer le terrain à la troisième saison déjà annoncée. Certaines intrigues secondaires manquent de consistance et ralentissent le rythme global. On sent que cette saison est une étape de transition plutôt qu'une œuvre se suffisant à elle-même, ce qui peut laisser un sentiment d'inachevé et de frustration.Si la critique sociale est toujours au cœur du propos, elle se fait moins subtile et plus attendue. La dénonciation des inégalités, bien que pertinente, est assénée avec moins de finesse que précédemment. Les nouveaux personnages, bien que charismatiques pour certains, peinent à égaler la profondeur et l'attachement que l'on avait pour le casting originel.★★★ (bon)Cette deuxième saison de Squid Game reste un divertissement efficace et visuellement soigné, mais elle peine à retrouver le génie de son aînée, la faute à un scénario qui manque de prise de risque et un sentiment de déjà-vu persistant."
,"3,0",,"La vengeance de Gi-hun nous laisse sur notre faim.L'infiltration de Gi-hun au cœur de l'organisation est une excellente idée. Le voir tenter de démanteler le système de l'intérieur apporte une tension constante et renouvelle l'intérêt. Son évolution en tant que personnage est le vrai point fort de cette saison, le plaçant face à des dilemmes moraux complexes et prenants.Malgré des moyens visuels encore plus impressionnants, les nouveaux jeux manquent de l'ingéniosité et de la simplicité perverse de la première saison. On sent une certaine redite dans les mécaniques, et l'effet de surprise s'estompe malheureusement. La cruauté est là, mais sans le choc de la découverte.La volonté d'étendre l'univers en se concentrant sur les VIP et les jeux à l'international alourdit l'ensemble. Ces nouvelles intrigues manquent de finesse, tombent parfois dans la caricature et nous éloignent de ce qui faisait le sel de la série : le drame humain des participants au niveau du sol.★★★ (bon)Une suite ambitieuse mais inégale, portée par son personnage principal mais affaiblie par une perte d'originalité et des intrigues secondaires décevantes."
,"4,0",,"Une critique sociale acerbe déguisée en jeu d'enfant mortel.L'idée de départ, mêlant des jeux d'enfants traditionnels à une brutalité sans nom, est tout simplement géniale. Chaque épreuve est une source de tension insoutenable et on se prend vite au jeu, se demandant comment on aurait réagi à la place des personnages. C'est cruel, malin et terriblement efficace.Visuellement, la série est une réussite totale. Les décors colorés et géométriques contrastent parfaitement avec l'horreur des situations. La mise en scène est soignée, les costumes sont iconiques et chaque plan est pensé pour marquer les esprits.Malgré l'action omniprésente, la série prend le temps de développer ses personnages. On s'attache profondément à Gi-hun, Sae-byeok ou même le vieil homme, en découvrant leurs failles et leurs motivations. Leurs dilemmes moraux face à la mort et à l'argent sont poignants et donnent toute sa profondeur à la série.★★★★ (très bien)Une série magistrale qui captive par son concept et sa beauté visuelle, malgré quelques longueurs. Elle pousse à une réflexion sur la société tout en offrant un suspense haletant."
,"5,0",,"Genial genial genial ! J'ai commencé directement à la saison 2 et c'est juste incroyable comme série. Le pitch est dingue, l'ambiance également et la musique"
,"5,0",,Franchement apres la saison 1 je craignais le pire pour la suite. Je craignais une suite a la prison Break ou les auteurs ne savent pas s 'arreter a temps. J'ai eu peur au debut de la saison 2 mais au final l intreigue est encore meilleure que pour la saison 1 et le message envoyé est vraiment magnifique. Contrairement a beaucoup de fans je ne suis absolument  pas déçu par la fin. Je ne regarderais la suite americaine je prefere rester au point ou la serie m'a amené. Il n'y vraiment rien a ajouter.
,"4,5",,"Pas forcément fan de séries, je dois avouer que Squid Game m’a littéralement scotché et que je l’ai dévoré presque d’une traite. L’histoire de cette série phénomène nous raconte le destin précaire de Seong Gi Hun joueur invétéré et fauché en passe de perdre sa fille dans une Corée ou les inégalités se font de plus en plus dures et dégradantes pour les laisser pour compte. Un soir au détour d’un couloir de métro celui-ci fait la rencontre d’un inconnu qui lui propose de participer à un jeu étrange et clandestin ou les participants mourront un à un de façons violentes à travers différentes épreuves et ou le dernier à rester en vie remportera le pactole. Ne voyant pas d’autres solutions pour s’en sortir Seong Gi Hun accepte. Que Squid Game commence ! Bon déjà il est clair que c’est violent et sans concessions aucune et c’est tant mieux. Le héros qui va avec ses compagnons d’infortune (un vieil homme, une jeune rebelle, etc.)  essayer d’aller jusqu’au bout en sachant qu’il ne devra en rester qu’un est vraiment attachant. L’intrigue est bien menée, le suspense est au rendez-vous, et les situations de jeu vraiment éprouvantes pour les protagonistes qui devrons s’unir ou se désunir suivant l’épreuve pour aller le plus loin possible. Visuellement la série est superbe avec des couleurs bigarrées et certaines séquences vraiment spectaculaires et audacieuses. On est à fond derrière le héros et certains de ces compagnons comme beaucoup moins avec d’autre. Autant dire qu’avec 9 épisodes ou la tension monte crescendo à mesure que les participants sont de moins en moins nombreux, la série passe vite. La fin bien que pas si originale que ça surprend quand même et nous fait entrevoir une suite qui espérons le sera du même acabit que celle-là. Vraiment excellent et série de l’année haut la main."
,"3,0",,"La saison 1 était vraiment bonne.Il y a tellement eu de publicité positive pour la 2.Je me suis installée pour la regarder en rafale et à chaque fin d'épisode, j'espérais que le prochain allait enfin être le ouf!.Mais non, j'ai été très très déçue jusqu'à la dernière minute du dernier épisode.Je suis beaucoup moins pressée d'écouter la 3.Je vais regarder les avis, cette fois, avant de la visionner."
,"3,0",,"Cette saison 3 commence plutôt bien, les jeux sont intéressants, les personnages sont violent et avides d'argent. Les 4 premiers épisodes sont sympa à regarder indépendamment de la séries en elle même avec ses combats pour la survie et les trahisons multiples. Cependant on retrouve une lenteur au 5eme épisode alors que c'est presque la fin pour au final bâclé le dernier épisode sur un dénouement rapide et trop facile. 
spoiler: 
Nous savons depuis la saison 1 et 2 que d'autres squid game se déroulent à travers le monde, le final signe la fin du squid game en Corée du Sud pour teaser le nouveau squid game au Etats Unis. Histoire de faire encore des nouveaux jeux et une nouvelle serie.
Déçu du dernier épisode qui ne donne pas une conclusion à la hauteur de la saison 1. Tout est prévisible..."
,"2,5",,"Je ne note pas la saison 1 qui était parfaite en terme ""d'ambiance"", de réflexion.Ensuite la saison 2 et 3 (la 3 étant la suite et fin de la 2) : Le côté cruel, choquant est mis encore plus en avant, au détriment des sentiments d'angoisses et de peur.Depuis la saison 1 nous savons beaucoup de chose concernant ces jeux, et l'effet de surprise est passé.Le personnage principal n'est pas assez utilisé, la rébellion n'en est pas vraiment une, et j'insiste sur le coté caricatural de la cruauté humaine, qui en devient loufoque.Bref ... bonne saison bien sûr , mais qu'apporte t elle par rapport à la 1ère ?et une ouverture sur une suite en plus ....Pourquoi toujours user la corde jusqu'à l'écoeurement ?"
,"4,0",,"Saisons 2 et 3 vraiment super, les acteurs, leur histoire, les jeux beaucoup plus intéressants.Un plus pour la vieille dame qui est incroyable."
,"4,0",,"Jusqu'où irez-vous pour de l'argent ? Seriez-vous prêt à mourir pour rembourser vos dettes ? Vous n'avez plus rien à perdre ?Squid Game ou comment le pouvoir de l'argent peut détruire une vie.Cette série montre clairement son intention de dénoncer les inégalités sociales et le capitalisme. Beaucoup n’ont pas apprécié la série par sa violence. C’est un fait, la série est violente mais c’est par cette violence qu’elle arrive à faire passer un message et à choquer les esprits. Elle se veut comme un électrochoc. On le voit avec Seong Gi-hun (456), il y a un avant/après Squid Game.Attention, il se peut que je dévoile des indices si vous n’avez pas vu la fin !
spoiler: 
Dans la première saison, on prend le temps de s’attacher aux personnages et on veut croire que certains vont s’en sortir. C’est normal, on a l’habitude de voir nos personnages préférés s’en sortir. Mais là, c’est différent. Tout le monde est en danger et peut mourir.
La deuxième et troisième saisons se suivent, je les trouve perverses dans le sens qu’on fait durer le suspense et on joue avec nos émotions. On s’attache plus longtemps aux personnages, on apprend à mieux les connaître et on veut y croire. Seong Gi-hun est revenu pour sauver les participants et arrêter les jeux. Tout est possible dans Squid Game.

Je pourrais également parler des personnages, tous différents, complexes avec une histoire à eux, une raison d’être dans les jeux mais ça serait trop long. J’évoquerai seulement le duo Seong Gi-hun et Hwang In-Ho (frontman) qui est une balance : un coup on penche du côté de Gi-hun, un coup vers In-Ho. Ils sont en équilibre, l’un essayant de ramener l’autre de son côté, le convainquant de son idéologie. Il y a ce « jeu » en parallèle des épreuves pour finalement, la balance bascule complètement d’un côté.
Contrairement aux autres fictions, Squid Game ne fait pas dans la dentelle et n’a pas pour but de donner une fin heureuse à tous. L’argent comporte des risques et nous pousse à faire des choses horribles : « L’homme est un loup pour l’homme ». Squid Game veut démontrer que l’homme est égoïste, ne pense qu’à lui pour survivre. Qu'il n'est qu'un animal en soi.Mais heureusement, nous ne sommes pas tous comme ça. Il existe une part d’humanité en chacun de nous."
,"1,5",,"Certains épisodes ne seraient-ils pas une allégorie de l'opposition des 2 Corée ? À analyser sans doute, mais c'était tellement long et pénible à regarder (première fois que je skip des scènes entières) que je ne me lancerai pas là-dedans."
,"1,5",,"A trop vouloir en attendre, on est déçu.Tous les codes de la première saison sont repris et il n'y a que très très peu d'évolutions... Tous les personnages sont leur propre caricature à l'exception du 001 qui s'en sort très bien. Tout est stéréotype, cliché, tout est remâché sans réellement apporter quelque surprise que ce soit. Bref, Netflix a trop cherché à vouloir satisfaire les millions de fans de la saison 1 (pour générer du cash) et a finalement abouti à une très pâle copie de celle-ci.Très peu, voire aucun intérêt. Vivement la sortie de la saison 3 (tournée en même temps que la 2) que je m'empresse de ne pas la binger :-D"
,"5,0",,"Moins bien que la saison 1 mais meilleur que la saison 2 ! Ce final est absolument incroyable et ce cameo final 
spoiler: 
de Cate Blanchett en nouvelle recruteuse américaine
 est incroyable !!! Je suis cependant un peu déçu de l’arc de 333, j’attendais qu’il ai une redemption et a la place 
spoiler: 
il devient le méchant final
."
,"5,0",,"Un scénario plien de rebondissements de situation.Un jeu d'acteur avec une grande finesseEt une mortalité et philosophie qui laisse a réfléchir au spectateur. Malgré des saines gore et brusque qui peuvent choquer certainene ame, ces scènes là nous permettent de comprendre jusqu'à ou l'humain pourraient aller pour ce divertir et pour gagner de l'argent. De sérieux dilemme sont présents dans la série et vienne rajouté de l'intensité philosophique.Le succès de la série et compréhensible et la série sera a la hauteur de votre attente. On peut remercier le scénariste pour avoir écrit cette œuvre."
,"4,0",,"Sorte du Prix du danger version 2020 ou encore plus proche de Battle Royale de Tashi Kitano, Squid Game alterne entre moments de découverte sur les personnages et des jeux enfantins sanguinolents.  Il faut bien reconnaitre que l'intérêt de cette série rédide dans les jeux où le suspense est à son comble. On en sait jamais sur quoi vont tomber les candidats malheureux. L'atmosphère est superbement mis en scène avec des costumes et des masques. La touche visuel des costumes verts pour les pauvres candidats et les rouges pour la police du jeu, permet de laisser une trace dans notre imaginaire et d'en faire un objet culte (les auteurs ont bien compris l'intérêt des tenues à l'image de ""La Casa del Papel"").Une très bonne série dans le genre survival avec du suspense bien amené."
,"2,5",,La première saison etait un vent frais dans les séries.La 2eme saison était la saison de tropMais que dire de la saison 3 tout bonnement horrible.
,"4,5",,"Pas fan des séries coréennes en général. Je dois avouer que celle la m'a scotché de bout en bout. Incroyablement cruelle, caricaturant la société d'une façon intelligente. Je conseils !"
,"4,0",,"ça y est. j'ai vu les trois saisons. les trois ont été incroyables. rien à dire l'une de mes séries préférées, je vous le conseille fortement sur tous les trois saisons et surtout la deuxième saison"
,"5,0",,"Logique excellente avec tant de messages derrière une fin des jeux inattendue .. un bébé qui rentre dans le ventre de sa maman sort gagnant du jeu qui aurait deviner? 
spoiler: 

 La série est exceptionnelle envoie beaucoup de messages"
,"1,5",,Tellement hâte et finalement tellement déçu.  Aucunes profondeurs des personnes et limites on se fiche de leur sort.Le premier épisode voire le 2 était bon. Les 5 suivants incohérents et débiles.On a eu droit à une fin bâclée comme tout le reste.
,"5,0",,"Serie culte en devenir. J'ai tous retrouver dedans, de l'émotion, du gore, du rire, de l'addiction au nombreux jeux asiatique qui y parcoure les 9 épisodes à regarder sans modération. L'interprétation est sans faille et les décors sont magiquement beau et hypnotique. La violence qui en découle ainsi que la cruauté ressemble à la série des Saw, un peu de Lost par moment. J'ai pu pensé également pourquoi il y aurait plusieurs saison et la derniere minutes semble évidente. Le rebondissement est exemplaire et devrait faire des jaloux sur ces série américaines. La série coréenne promet encore des moments de frissons garenti. Vivement la suite !"
,"4,5",,Les 2 saisons sont incroyables mais la 3 ème saison m'as énormément déçu surtout la fin . Heureusement qu'il y a une suite
,"3,5",,"Je trouve cette saison 3 pas top car il y a plein de défauts la scène personnellement qui m'a fait le plus pleurer spoiler: 
spoiler: 

la mort de 222 sa mort est très compréhensible mais la mort du joueur 456 je ne la comprends  chose qui m'a le plus énervé c'est les vip car il voulait tuer le bébé juste parce que 222 est  bref plein de défauts moi qui attendait mieux"
,"4,0",,"Cette série montre a quel point les gens peuvent être cruels pour gagner de l'argent. Les 3 saisons sont personnellement incroyable. La 1 est la meilleure suivie de la 3 puis de la 2. Mais elles restent toutes extraordinaires. L'histoire est triste et très bien construit et le jeu d'acteur était également très bien. Bref, une série à regarder 朗朗朗"
,"4,0",,"La saison 1 était une pépite rien à redire sur elle . La saison 2 était super aussi et la saison 3 bien mais plusieurs défaut : Tout d’abord pourquoi avoir voulu faire tout une histoire sur le policier et le capitaine pour qu’au final quand le policier arrive les jeux sont déjà terminés . Ils n’ont absolument rien apporté au film et il aurait été bien mieux de consacrer une plus grande partie du temps aux jeux . C’est pareil pour la garde 011 , je ne vois pas pourquoi ils ont passés autant de temps sur elle . Au final , 2 histoires pas forcément nécessaires qui auraient pu être négligées . Ensuite je trouve que les jeux sont très bien surtout celui du saut à la corde seulement celui du cache cache est un peu cruel : tuer des gens ce n’est pas un jeu pour enfant , ils auraient dû plutôt faire que ce soit les gardes qui tuent les bleues  lorsqu’ils sont trouvés et si les rouges ne trouvaient personnes à la fin ils étaient tués par le jeux .Enfin j’imagine que cela permettait d’éliminer pas mal de joueurs et de montrer la cruauté de certains (comme le joueur 33 qui continue à tué après avoir gagné ) . Beaucoup se plaignent de la fin du fait que le joueur 456 se soit suicidé pur le bébé ou qu’ils auraient espéré une fin ou tout le monde ne meurt pas , mais personnellement je trouve cette fin très bien pour squid Game : si le joueur 456 avait tué le bébé ça ne lui ressemblerait pas , et on voit qu’au final les riches ( vip et maîtres du jeu ) gagner toujours , ce qui est très réaliste .De plus c’était une fin original contrairement à la plupart des films . La saison 3 était globalement une bonne saison"
,"2,0",,"Ben..... beau déçu.... peut-être que j'en attendais trop. J'ai regardé une dizaine de fois la saison1 (en fr, en eng et j'ai même tenté la VO mais ce fût un échec cuisant LOL), alors forcément je m'attendais à une saison2 qui envoie avec DES JEUX!.Et ça partait bien
spoiler: 
 avec la roulette russe. 
Mais après que du blablabla à rallonge sur les problèmes de vie récurrents des protagonistes. Au final sur 7 épisodes, 
spoiler: 
il n'y aura eu que 2 jeux, certes sympa, mais où les perdants se font éliminer en se faisant tirer dessus.... Au moins dans la saison1 avec le tir à la corde ou le pont de verre, il y avait du panache, ça faisait ""peur"" de se retrouver à leur place.
Nous aurons bien compris l'effet vengeance contre les gros riches sans scrupules, l'histoire n'est pas mauvaise, les acteurs/trices tiennent leur rôle, notamment le joueur 001, mais ça ne m'a pas emballé plus que tant car tout est prévisible.Ca se finit sur un cliffhanger nullissime, pour nous forcer à attendre et regarder la future saison3 mais à mon avis et ce n'est que mon avis, tout aurait pu être fait correctement en 9 épisodes. Sur ce, on verra bien, normalement entre l'été et l'automne prochain cette dernière saison."
,"1,0",,"A t-on encore besoin de dire que cette saison 2 était complètement inutile ? La saison 1 se suffisait assez elle même! Mais bon, on se dit ok, on va quand même la regarder et là déception totale!En fait tout le scenario en lui même est bourré d'incohérences, sans parler du fait que la ligne directrice pour faire cette saison 2 est plutôt invraisemblable (le gars qui veut jouer au héros et démanteler toute une organisation.... Mais eh... t'es pas John Wick, t'es pas Robert McCall tu t'attends à quoi?) Sans vouloir revenir sur chaque épisode, le fait le plus incohérent de la saison d'après moi c'est le raisonnement de Seong :
spoiler: 
Dans le ""jeu spécial"" ou il sait que ce sera la nuit du massacre, il prend la décision de ne pas attaquer en 1er parce que blablabla on n'est pas comme eux, et si on prend les armes et qu'on va chercher le big boss le jeu s'arrête on sort tous... Au final son raisonnement était bête dès le départ (d'après moi) car, non seulement à cause de ça, une bonne majorité de personne qui avait choisie de sortir sont mortes, massacrées par ceux qui veulent rester, donc au final il y a quand même eu sacrifice de personnes (et les bonnes personnes en plus). 
Vu qu'il devait forcément avoir un bain de sang, pourquoi ne pas justement attaquer les ronds pour avoir l'avantage et sortir du jeu par le vote? Ca aurait fait moins de dégâts, et encore une fois, ce ne sont pas les bonnes personnes qui auraient été sacrifiées! Parce qu'en faisant le choix de laisser les croix mourir pour prendre les armes, si le plan réussissaient, ce sont les personnes qui ne veulent pas sortir du  jeu en étant prêtes à mourir dedans qui auraient été sauvées!
De plus, il pensait vraiment y arriver ? Genre, il pensait qu'à une 10aine il aurait pu monter jusqu'à chez le big boss sachant qu'il y a plus d'une centaine de gars entraînés et chargés à blocs?
Pfffff que des décisions soulantes qui n'ont pas de sens, et le dernier épisode je n'en parle même pas.... Tout ça pour nous dire qu'il y aura une saison 3? Pfffff inutile"
,"4,0",,"Une série marquante par son thème et ses personnages. Le héros est charismatique et les seconds rôles parfois attachants, parfois détestables. J'aurais aimé un dénouement différent 
spoiler: 
(que l'organisation soit complètement démantelée à la fin de la saison 3 et suite à la mort du personnage principal)
, cependant cette série réussi l'exploit de ne pas baisser en qualité au cours des saisons ce qui me donne envie de la revoir.Pas convaincue qu'un spin-off américain soit intéressant, car l'une des forces de la série est aussi de se dérouler au cœur de la société coréenne et fait écho à son histoire par la présence de personnages issus de la Corée du Nord.Je me laisserai cependant probablement tenter par un éventuel spin-off relatant les évènements survenus entre la saison 1 et la saison 2."
,"5,0",,"Il ne faut pas se fier aux commentaires rabat-joie qui dénigrent la 2ème et la 3ème saisons et qui chipotent sur des détails. Ces saisons sont excellentes et je les ai préférées à la saison 1. Dans chaque saison, la tension monte au fur et à mesure des épisodes, jusqu'à l'apothéose. Les 2ème et 3ème saison reprennent les éléments qui ont fait le succès de la 1ère tout en apportant des nouveautés, par exemple des nouveaux jeux et des nouveaux personnages (exemple : le Maître du jeu) et 
spoiler: 
une révolte armée pour sortir du jeu
. Cette série est incontournable pour tous les amateurs de séries psychologiques et de survie, et qui s'intéressent à la nature humaine : elle montre comment chacun réagit en cas de crise ou face à l'adversité, et ce que chacun est prêt à faire pour gagner de l'argent ou survivre.La 3ème saison est aussi une réflexion sur le dépassement de soi, l'altruisme, la transmission de la vie et la parentalité. La fin de cette saison est magnifique. 
spoiler: 
Le réalisateur a annoncé qu'il n'y aurait pas de 4ème saison et c'est dommage, d'autant plus que la fin de la 3ème saison est ouverte."
,"4,5",,"Oui l'effet surprise de la première saison s'estompe à partir de la deuxième saison.On reste tout de même accroché à connaitre la fin, à suivre les péripéties des personnages et on vit sous tension chaque jeu. Concernant les critiques sur le jeu des acteurs dans la saison 2 et 3 et le supposé, surjeux, je ne suis pas d'accord, on avait aussi ça dans la saison 1. Cela fait partie de l'acting coréen, on aime ou l'on n'aime pas, mais c'est comme ça !Merci pour toutes les émotions vécues et d'avoir eu l'occasion de voir cet ovni télévisuel. J'espère que les suites qui s'annoncent seront à la hauteur."
,"0,5",,"Grand fan de la saison 1, c’est une immense déception. Sauf l’épisode 1 qui est excellent. Le reste est bourré d’incohérence, de personnages qui surjouent en permanence (rappeur, mère et son fils etc..) sans parler du cahier des charges netflix qui n’apporte rien au scénario mais ouf! Les quotas sont remplis. Les jeux sont nuls, les musiques rendent le tout encore pire. Seul le joueur 001 rend le tout interressant dans cette histoire qui ne tient pas la route"
,"5,0",,ses  parfait  stresse action suspense tout se sui et plaît au gens   les persso bien écrit les êpreuve bine réfléchir
,"3,0",,"La saison 1 était tellement spectaculaire que les saisons 2 et 3 partaient déjà avec un handicap. C'est vrai que la s 3 n' est pas une franche réussite. Elle a révélé néanmoins l'acteur principal que j' ai trouvé excellent, et la morale, un peu manichéenne, n' en est que plus valorisée par l' attitude humaine qu' il a  tout au long de ces saisons. L' humiliation des pauvres mener à son paroxysme par une élite dirigeante est le reflet bien évidemment exagéré de nos sociétés occidentales. À moins que de tels jeux soient réellement organisés. Là est toute la question ?"
,"4,0",,"J'ai bien aimé la 1ère saison, bien écrit, mise en scène superbe. La 2ème saison je l'ai trouvé tout aussi bien, bonne mise en scène. Mais la 3ème saison... je la trouve moyenne car les épisodes sont d'une lenteur pas agréable et Gi-Hun fait des actions qu'on ne comprend pas."
,"1,0",,"Une véritable déception cette seconde saison. Contrairement à la première qui jouait sur les côtés sombres des gens, rien de tel dans cette nouvelle saison. 
spoiler: 
Les jeux sont totalement secondaires et inintéressants. Contrairement à la première saison où ils étaient variés et permettaient aux téléspectateurs de trembler avec les joueurs.
Cette seconde saison est très verbeuse, les épisodes sont longs et mous. Les personnages sont caricaturaux et assez peu crédibles. Le cliffhanger de la fin est trop gros et je ne suis pas certaine qu'il me suffise pour regarder une troisième saison qui n'annonce rien de bon."
,"2,0",,"J’ai tant attendu cette nouvelle saison et je suis tant déçu ! Cette saison 2 est ennuyeuse et somnolente. Il y a de nouveaux jeux plus ou moins réussi, mais la trame reste la même avec un aperçu des coulisses. Il y a certains personnages intéressant, mais le personnage principal est encore plus pitoyable dans ces 7 nouveaux épisodes. Heureusement qu’il y a l’agent double pour redonner un peu de piment à cet univers cruel. Une suite à ce chef d’œuvre n’était vraiment pas nécessaire."
,"2,5",,Je aurais aimer une meilleure fin et aussi il aurais pu avoir plus de jeux et plus de episodes mais jai aimer les personnages
,"5,0",,"Très très bonne série. Un mélange de thriller, suspense, drame et surtout action, dans le gore. La série est une pépite et la fin est très recherché. Un chef d'oeuvre. Je vous le conseille vivement si vous avez pas vu, vous passez à côté de quelque chose. Le cinéma coréen nous surprend de plus en plus, en référence à Parasite, Le dernier train de Busan et péninsule."
,"4,0",,j'ai plutôt bien aimer cette série il y a une histoire intéressante des personnage très développeren bref je recommande
,"5,0",,"Pour ma part c'est la meilleure série que j'ai vu elle m'a tenue en haleine du premier au dernier épisode.Mentions spéciales à 199, 240, 120 et 388 qui auront marqué ma vie à tout jamais."
,"4,0",,"Squid game souffre de nombreux défauts, comme son absence d originalité dans les dialogues ( mais seulement dans les dialogues ), le fait que l'on n'arrive plus, à force, à s attacher à des personnages qui de toutes façons vous très certainement mourir... Mais squid game regorge aussi de qualité, comme la cruauté vicieuse des jeux, la beauté de certains déguisements, sa musique enfantine... Squid game est spécial, ça c est sûr, est c'est cela sa grande force, de surprendre, non pas grâce à des cliffangers, mais grâce à la complexité cruelle des jeux... Violent !"
,"4,0",,"Squid Game, c’est vraiment une série qui m’a retourné. Dès le premier épisode, tu sens que tu vas pas juste regarder un simple jeu mortel, mais vivre quelque chose de beaucoup plus profond. C’est intense, parfois choquant, mais surtout hyper prenant.Les personnages sont super bien écrits. On s’attache vite à Gi-hun avec ses galères, ses failles, ses bons côtés. Et même les autres, que tu peux aimer ou détester, ils sont jamais juste « bons » ou « méchants », ils sont humains, comme toi, comme moi. Chacun a ses raisons, et ça te pousse à réfléchir : jusqu’où tu irais pour survivre ?Visuellement, c’est une claque. Les décors, les couleurs vives, les tenues des gardes… c’est presque enfantin, et en même temps ultra malsain. Ce contraste donne un style unique à la série, et ça te met encore plus mal à l’aise… dans le bon sens. Et la musique te reste en tête longtemps après avoir fini la série.Mais ce que j’ai vraiment aimé, au-delà du suspense, c’est le message. Derrière chaque jeu, il y a une vraie critique du monde dans lequel on vit : les inégalités, le poids des dettes, la pression sociale…Malhereusement, ce qui, pour moi fait perdre une étoile, c'est les ²"
,"5,0",,J’ai adoré mais désoler gi-hun méritait sa happy ending tout le monde la méritait.. on doit avoir un autre épisode vraiment je veux pas finir sur sa..
,"4,0",,"Le jeux d’acteur, l’intrigue et la saison deux est littéralement la meilleure saison ! On s’accroche aux personnages. Et le message transmis fait écho"
,"5,0",,"Décors et images sublimes. Melange de battle royal et de la serie le prisonnier.. univers décalé, sanglant ultra violent du cinéma asiatique. Suspense et intrigue."
,"3,5",,"On a clairement l’impression que les saisons 2 et 3 ne forment qu’une seule saison coupée artificiellement en deux. Le rythme est étiré, les intrigues s’enchaînent sans réelle cohérence, et au final, ça donne une suite précipitée, probablement poussée par le buzz énorme de la saison 1.Là où la première saison avait un vrai impact émotionnel, une tension sociale bien construite et des personnages marquants, les saisons suivantes donnent l’impression qu’on a surtout voulu capitaliser sur le phénomène, au détriment de la qualité.Résultat : on reste avec un goût d’inachevé, voire de gâchis. C’est dommage, car Squid Game avait tout pour devenir une série culte. Mais à trop vouloir en faire, ils ont dilué ce qui faisait sa force."
,"0,5",,"Je pense que c'est une reprise des Hunger games mais avec plus de personnes, de vrais jeux, et de l'argent à gagner. Je ne recommande pas cette série."
,"1,0",,"J'ai apprécié les deux premières saisons, mais je suis rendu au quatrième épisode de la saison 3 et je ne crois pas aller plus loin, car c'est d'une violence inouïe et aucune histoire qui vaille la peine de continuer."
,"0,5",,"Ennuyeux, inintéressant, jeux d acteurs moyen, à huis clos donc décors presque inexistant, morts et pleurs répétés font la structure archétypes de la plupart des épisodes. On y retrouvera rien de nouveau dans cette série qui est un survival game (très à la mode ces dernières années) en série."
,"0,5",,"Serie nullisime, des épisodes très longs et ennuyeux.Une perte de temps complète!"
,"2,0",,"Je suis terriblement dessus par cette saison,c'était vraiment pas a la hauteur des deux autre saison. La fin est désastreuse pas dans le sense où tout le monde mort mais plutôt dans le sens que ce n'est pas bien écrit. Les fans de la série ont élaboré des théories très intéressantes mais jai l'impression que les réalisateur et netflix n'ont peut-être pas voulu rendre les choses prévisibles mais de là a sacrifier des intrigue intéressantes qui aurait pu pousser la saison vers un grand succès...je suis confus"
,"4,0",,"Serie super sympa, dommage saison 3 tres violente et donc a ne pas regarder avec des personnes sensibles"
,"0,5",,"7 épisodes très longs, sans intensité. Une nouvelle histoire qui ne fait que répéter la première. Des jeux d’acteurs très mauvais, presque loufoques. Ça crie en permanence. Rien n’est vraiment bien fait. En tant que spectateurs, on a l’impression d’être pris pour des idiots. Passez votre chemin, il y a tellement mieux à voir."
,"5,0",,"Excellente série. Le premier épisode étant assez flou, on ne sait pas vraiment dans quoi on s'embarque pour par la suite se retrouver happé et incapable d'en arrêter le visionnage. Les épisodes et les jeux s'enchaînent sans qu'on ne puisse décrocher, parfois hors d'haleine, toujours en voulant connaitre la suite. Les personnages sont super ( ce sur quoi je n'aurais pas parié de prime abord), leur psychologie est développée et approfondie de façon intéressante, avec leur zone d'ombre et de lumière. Ils sont réels, ce ne sont pas des caricatures comme on peut le voir bien souvent dans d'autres programmes. La photographie est magnifique, rien a y redire , il y a un travail monstre à ce niveau. Les plans de caméra sont excellents et arrivent parfois à magnifier même les moments les plus glauques.Il y a vraiment une attention particulière qui est apportée à tous les éléments qui composent cette série, ça se sent, ça se constate et franchement après avoir regardé un nombre incalculable de série Netflix bâclées celle-ci ressort comme un chef-d'oeuvre de détail et de soin."
,"5,0",,franchement je suis très surpris cette série est juste incroyable. bravo au coréens et si une suite est à prévoir j'espère que ce sera tout aussi palpitant ! je recommande
,"5,0",,"Vrai fana des films de Corée du Sud qui excellent dans les thrillers chocs, tant à l'image que dans les scénarios, à la violence assumée comme à la stylistique impeccable, voici qu'ils savent aussi produire de vraies séries marquantes, à l'instar de ""Kingdom"". ""Squid Game"" est une pépite tant sur la forme que sur le fond social, en offrant une dystopie inscrite dans le présent d'une Corée où la pauvreté et l'endettement plombent le PIB du pays. Les riches et les pauvres sont souvent abordés dans le cinéma coréen ( voir l'excellente palme d'or  ""Parasite"" ). La violence atteint ici son paroxysme dans des jeux que les enfants connaissent, d'où des situations terrifiantes. Une vraie réussite assumée à ne pas mettre entre toutes les mains..."
,"2,0",,"Série ultra violente, malsaine et sur jouée. Mais malheureusement à l'image de notre société.. Sans intérêt."
,"0,5",,"On parle d'une scène où 
spoiler: 
un personnage donne son arme chargée à son pire ennemi… et ce dernier choisit de se tirer dessus plutôt que de retourner l'arme contre celui qu'il a passé deux ou trois ans à traquer !  Ensuite, il rend l'arme au type qu'il cherchait, et ce dernier, à son tour, préfère se suicider plutôt que d'abattre son ennemi et de s'enfuir…
Franchement, on peut dire ce qu'on veut, mais c'était juste RIDICULE et STUPIDE !藍Et le pire, c'est le nombre d'intrigues qu'ils auraient pu exploiter : qui sont les VIP ? Pourquoi organisent-ils ces jeux ? Y a-t-il d'autres jeux similaires dans le monde ? Comment tout a vraiment commencé ?À la place, on nous sert 
spoiler: 
un épisode 1 DÉBILE où on voit un gars écraser des pâtisseries devant des sans-abri, en plein jour, comme un malade mental, et avec des témoins autour ! (Super discret, bravo ). Et pour couronner le tout, on a droit à un simple remake de la saison 1…
Et les dialogues carrément éclatés au sol ""t'as quel âge toi?"" ""moi chui plus vieux que toi!"" 
Franchement, si c'était pour produire une telle daube, ils auraient mieux fait de s'arrêter à la saison 1."
,"5,0",,"J'ai mis 5 pour remonter la note, parce que après cette saison 2 rafraîchissante, squid game entre définitivement dans la légende en confirmant avec cette saison 2. Cette série est un classique comme l'on peut l'être les géants des séries, game of thrones ou autre breaking bad. Ce n'est pas la plus parfaite des séries, mais c'est celle qui a mis sur la carte les séries asiatiques.  Hâte de découvrir la dernière saison en 2025,c'était un grand spectacle."
,"1,0",,"Je n'ai pas compris l'engouement autour de cette série, aucun personnage n'est attachant, ils sont tous très caricaturaux et s'enfoncent dans leur caricature. On devine rapidement le gagnant des jeux. Je passe aussi les scènes de génocide toutes plus gorgées de sang les unes que les autres ... oui c'est bon on a compris que vous vouliez mettre plein de sang partout et dans tous les sens ce n'est pas la peine d'y passer plus de 5 minutes par épisode. Les premiers episodes se laissent regarder si vraiment on s'ennuie mais la fin ne fait que rendre cette série encore plus mauvaise. Aucune élaboration sur pourquoi ces jeux ont été mis en place, même la saga SAW était plus élaborée de ce point de vue là. Bref passer votre chemin sauf si vous adorez voir des bains de sang (et là c'est vous le psychopathe)"
,"4,0",,"Visuellement recherché, très ludique, rythmé et avec une galerie de personnages intéressants (parce que jamais parfaits). Avec Squid Game, les coréens mettent encore la barre haute avec cette série !"
,"4,0",,"hormis les deux premiers épisodes ou c'était vraiment très tres très lent, cette deuxième saison tiens ses promesses, les nouveaux jeux sont excellents et le suspense est au rendez vous. dans cette nouvelle saison on a découvert un peu les coulisses des maîtres du jeu, l'épisode 7 est une vraie surprise, hâte de voir la suite."
,"1,0",,"Comme beaucoup d'autres, je ne parviens pas à comprendre ce qui a séduit tant de gens dans cette série. Je suis plutôt fan du cinéma Coréen, mais après deux épisodes extrêmement ennuyeux, je ne pense pas que j'aurai le courage de poursuivre. Le jeu des acteurs est médiocre, le scénario prévisible, le montage est mou, le tout est bavard, les personnages stéréotypés, la critique sociale niveau rédaction de 3e, le thème déjà vu et revu, battle royale, hunger games etc. Je ne comprends pas..."
,"1,0",,"Encore un show fast-food à consommer par les amateurs de mauvais goût. Je concède que sur le papier certaines idées scénaristiques sont bonnes, mais comme la mise en scène est malaisante : le surjeu est tout bonnement insupportable (surtout de la part du 1er rôle), on ne croit pas une seconde à l'ambiance de terreur qui devrait pourtant régner, les tortionnaires sont réduits à de simples playmobils sans émotion,... Le grand succès de ces séries à consommer (Casa de Papel, Squid Game, ...) en dit long sur le mauvais goût de la population. A bon entendeur."
,"0,5",,C'est incroyablement lent ! Au bout du 3 ème épisodes j'étais mitigé de continuer ou pas. La seul et unique raison de la oir regardé c'est .. la saison 1.Il y a de nombreuse scène qui dure 30 sec a 1 min sur des plan qui n'apporte strictement rien tous ça pour faire 7 épisodes d une heure.[spoiler]le capitaine du navire des le début je l'ai vu venir. Mais comment un policier vendu comme avoir un bon instinct en saison 1 ne se pose t'il pas plus de question sur celui qui l'a trouvé. Et sur celui qui malgré 2 ans de recherche ne lui apporte pas du tout une piste.  En plus genre tous va changer car aujourd'hui il possède un drone .. non mais sérieusement genre pendant deux ans il a pas pu s'en acheter un ? Il dispose aujourd'hui d'une somme considérable d'argent pour enquêter et il peut pas se louer un avion ou a minima louer une dizaine de bateau avec un drone chacun ? Et côté héro avec tous son argent il recherche le mec dans le métro au lieu de lister les personne susceptible d'être sélectionné pour le jeu. Ou alors tous simplement rechercher l'arène de jeu pour retrouver les personne. Je ne comprend pas pourquoi il s'entête a retrouver le gars du métro. [spoiler]Enfin disons que tous cela est pour le déroulement du scénario et qu'il faut accepter de ne pas être logique. Je ne retrouve pas l'essence de squid game. Personnellement j'apprécierais cette série car c'était pas du scénario d'action avec des scène de tire. Je m'arrête là. Le plus important a été dit a ma première phrase. C'est incroyablement lent !
,"3,5",,"Plutôt bien réalisé et interprété mais bénéficiant d'un engouement démesuré au vue de ce que propose la série.  Pour quiconque aurai déjà vue 13 beleoved, Battle royale ou même l'aseptisée Hunger game la série n'est au finale qu'un simple Battle royale de plus, aux idées plus ou moins bonnes. Les personnages ne sont pas si développer que çà, au final on a des centaines de participants mais niveau émotionnel c'est souvent le néant ce qui fait que la plupart du temps la disparition d'intel ou intel laisse de marbre.  De plus la vraisemblance du projet est tout de même mise à rude épreuve, même si les participants ont pour la plupart des problèmes d'argent ou sont mal intégrés à la société c'est difficile de croire que personne ne va se mettre à les recherchés au moins quelque un sur la les centaines! Surtout que malgré tout la plupart ont des familles. Et il n'y""a pas de véritable fin ou révélation, hormis la mégalomanie d'un 
spoiler: 
vieillard qui voulait rejouer à ces jeux d'enfants tout en dénonçant la société.
. Le changement de personnalité du perso a la fin est la bienvenue le rendant beaucoup plus mature.  Une série correcte donc qui se laisse agréablement suivre malgré son démarrage un peu lent mais qui n'es pas franchement novateur ni original."
,"3,5",,Saison 2 plus rythmée et moins longue que la saison 1... Plus axée thriller que drame... Certaines surprises sont agréables notamment concernant le joueur numéro 001... Néanmoins j'ai l impression qu'il manque des épisodes surtout vers la fin... En effet cette saison 2 se finit en queue de poisson... Le sentiment qu'ils ont coupé la saison 2 en 2 saisons... Pas assez de jeux et aussi certains personnages sont des caricatures comme le rappeur par ex... Bref la flemme de attendre la saison 3 pour connaître la suite alors qu'ils auraient pu tout mettre dans la saison 2... Frustré au final...
,"4,0",,"quelques longueurs et quelques maladresses sur certains moments du scénario mais la franchise reste très bonne, toujours aussi gore et d'une perversité extrême!"
,"5,0",,"Il n'y a rien d'étonnant à ce que beaucoup soient déçus. Mais là on n'est plus dans le jeu bête et méchant, même s'ils sont toujours aussi sinistres.L'intention du réalisateur se dévoile. Et son intention c'est une critique violente de nos systèmes capitalistes et de ses ravages sociaux.Le poid de la dette comme instrument d'asservissement total, l'exploitation de la bienveillance,  la culture de la naïveté,  la désinformation,  la manipulation,  l'espionnage et la trahison,  toutes les techniques capitalistes d'asservissement des populations sont reremarquablement mise en scène dans cette saison 2. Le vote démocratique mis en place pour continuer ou non ces jeux terrifiants posent également des questions sur l'acceptation complice, l'avidité et l'illusion. Numéro 1 est une caricature réussie du contrôle et de la manipulation impityoable des populations mise en place par les pouvoirs financiers.Alors bien sûr il est est dommage que ces aspects échappent à certains,  habitués qu'ils sont à ce qu'on leur serve une soupe plus simple et seulement bien sanglante. Mais je pense que c'est justement là la démarche du réalisateur, utiliser une forme d'addiction aux scènes violentes pour y introduire progressivement quelques rouages qui mènent à la réflexion.De ce ce point de vue cette approche  est génialissimement subversive."
,"5,0",,"une suite incroyable ! tout aussi palpitant que la première Saison, une fin de saison par contre qui est horrible nous allons devoir attendre la saison 3 avec impatiente"
,"4,0",,"petite pépite coréenne, une série prenante et attachante sur les personnages  un scénario bien ficelé. le seul bémol la tenue des geôliers  qui ressemble trop à celle de casa de papel"
,"5,0",,"Cette série est un ovni ! La Corée nous en met plein la vue ! Géniale ! Haletante ! Suspens, gore, mystère, leçon de société, tout y est ! Foncez ! Vivement une saison 2!"
,"4,0",,"Ce n'est peut-être pas la série du siècle et elle ne méritait pas le matraquage qui a été fait, mais elle ne mérite pas non plus les réactions épidermiques de rejet lues ci et là... La série est bien écrite, bien interprétée et développe bien la psychologie des personnages. Alors oui, il y a quelques longueurs et les VIP ne sont pas franchement convaincants mais la série sait ménager ses effets et est vraiment addictive."
,"4,0",,"""Squid Game"", le nouveau survival game coréen de Netflix réunit tous les ingrédients d’une excellente série à succès. Dotée d’un concept original et d’une intrigue à la fois haletante et palpitante, cette première saison de neuf épisodes est une totale réussite. Chargée de rebondissements et d’événements inattendus, la série se réussit dans sa construction et propose un divertissement addictif et vraiment surprenant, sans pour autant tomber dans le gore. Hormis son dénouement prévisible, ses problèmes de rythme dus aux longueurs et à ses quelques épisodes assez creux, la réalisation est en revanche remarquable. L’esthétique, les décors et les personnages sont vraiment impressionnants qu’on accroche dès le début ! Bien que l’intrigue trouve son dénouement à la fin de sa première saison, une suite ne serait évidemment pas de refus.-16/20Critique sur Squid Game (saison 1)Vue du 18 au 23.09.2021 sur Netflix"
,"2,5",,"Encore une série très sur-côtée ! Tout est prévisible au possible, l'idée n'est pas si originale que ça et la fin est vraiment mauvaise... Cependant le jeu d'acteur et la qualité visuelle sont excellents ! On se laisse prendre au fur et à mesure des épisodes mais au final on savait très bien ce qui allait se passer quand, comment et pourquoi et c'est bien dommage. On est bien loin des gros drames coréens ! Ici c'est soft, un peu débile et souvent insupportable mais tout cela reste regardable."
,"4,5",,"Disons le tout de suite, je suis fan depuis 30 ans des productions asiatiques d'extrême orient, que cela soit des films ou des séries. Avant même s'avoir entendu parlé du buzz créé par cette série, son origine et son pitch m'a terriblement plu en pensant évidemment avant tout à Battle Royale ou la série Liar Game. Bref, je me lance dedans sans hésitation et.... Je n'ai pas pu décrocher jusqu'au dernier épisode. Tout est dit, c'est intense, créatif, accrocheur et terriblement addictif. Je ne souhaite pas forcément qu'il y ait une autre saison car il est parfois bon d'avoir des zones d'ombres qui laissent le téléspectateur à ses idées propres et également bon parfois de n'avoir qu'un seul et unique jet qui se suffit à lui-même sans risquer l'essoufflement que l'appât du gain créé trop souvent."
,"5,0",,"SQUID GAME est le succès surprise de NetFlix pour l'année 2021 ! Toutefois, à y regarder de plus près, tous les ingrédients sont présents pour attirer le spectateur même non habitué aux us et coutumes des coréens. La tension, le jeu des acteurs (notamment du ""héros""), l'histoire, tout concorde pour un crescendo qui, malgré des twists un peu prévisible, monte au fil des épisodes. Une grande première saison qui permet d'espérer pour une suite d'un acabit aussi bon au vu du final. Tout est maintenant entre les mains des décisionnaires de SQUID GAME pour offrir un nouvel électro choc !"
,"5,0",,Original et terrifiant. Une magnifique satire de la société visuellement incroyable !N'hésitez plus !
,"4,5",,"Si vous avez adoré la saison 1, vous adorerez cette saison 2.C'est le même esprit, avec en plus beaucoup de psychologie et de sociologie (comment le groupe se comporte et prend ses décisions, harcèlement des plus forts sur les plus faibles).Un vrai régal!Vivement la saison 3"
,"5,0",,Une série génial vraiment du début à la fin très bien ficelé ! Franchement une petite à voir absolument !
,"0,5",,"Après une saison 1 parfaite , une superbe critique de nos sociétés, la saison 2 me déçois mais à MORT ! 2 Épisodes d'intrigues , et le reste... du vide .Une inclusion inutile avec des blagues vaseuse.  La saison 1 nous a tenu en haleine avec des personnages se rendant rapidement compte des enjeux , ou la paranoïa nous gagne en même temps que le nombre de joueur diminue , que la noirceur de l'âme humaine ressort au fur et à mesure que la tirelire augmente .La saison deux nous offres des personnages pathétique,  ridicule, ou on souhaite leurs mort non pas par ce qu'il le mérite,mais car ils deviennent gonflant.  Contrairement à la saison 1, aucun personnages n'est réellement développer, et aucun ne procure une empathie ou un souhait de victoire comme nous l'avions ressenti précédemment. 
spoiler: 
je considererais même certain personne tel que le rappeur,le trans ou le gamin comme des parodies. 

spoiler: 
le pentathlon est une vrai parodie a lui tout seul. La musique est decaller , les personnages sont totalement decaller rapport au enjeux ,et surtout beaucoup trop longue ...  


spoiler: 
les scene de jeux (pentathlon,  tourniquet) sont totalement molle,depurvu de la pression qui etais omnipresente lors de la saison 1 .
En bref , beaucoup trop d'incoherence scenaristique et jeux d'acteur trop pauvres pour promettre une belle saison 3. La saison 1 nous a tenue en haleine par son côté sombre , ce côté de mort subite injuste emprunte de fatalité ,la saison 2 nous a endormie par son côté léger,parodique,totalement decaller par rapport au enjeux de la série..."
,"0,5",,"Cette saison déshonore la précédente, en reprenant les mêmes codes (les mêmes épreuves, les mêmes scènes aussi 類) pour satisfaire ses fans.Plus rien n'y est surprenant. Des scènes inutiles, des longueurs, des personnages inintéressants (une volonté d'être inclusif dans la représentation des personnages qui est soit clichée, soit ridicule et révélatrice d'un désir ardent de plaire aux nouvelles générations). Les épisodes sont longs (j'ai du passer certaines scènes par dépit), dépourvus d'intérêt et sans cliffhanger. Les retournements de situation (si on peut appeler ça ainsi) sont téléphonés. Plus précisément, certains aspects intéressants 
spoiler: 
(les coulisses du jeu, le traffic interne, l'équipe du héros...) 
 sont vite délaissés. La saison n'est ""sauvée"" que par le talent de certains acteurs. Le joueur 001 est intéressant également mais sans plus. 
spoiler: 
On ne comprend pas vraiment pourquoi il joue ce double-jeu, aucune explication n'est donnée ni même suggérée. 
Le dernier épisode est le seul ou quelque chose se passe véritablement, mais on est très vite déçus par cette fin qui n'en est pas une, qui ne fait qu'ouvrir pitoyablement sur une suite, laquelle sera, sans aucun doute, un autre magnifique désastre. En somme, Squid Game aurait dû se contenter de sa première saison, et ne pas tomber dans l'erreur de nombreux réalisateurs, à savoir de vouloir capitaliser encore et toujours la réussite passée.Ceci est évidemment un avis personnel, donc subjectif, et je vous invite tout de même à voir la saison et former votre propre opinion...Enfin, si vous avez du temps à perdre ;)"
,"1,5",,"Je ne comprends pas très bien l'engouement autour de cette série.Je ne suis peut êre pas objective car je n'aime pas les séries asiatiques.Vu les critiques, je me suis lancée, j'ai été jusqu'au bout malgré un ennui pour certains épisodes.Emotive chronique je n'ai ressenti aucune émotion est-ce dû au doublage je ne sais pas.Alors la violence dans cette série c'est effroyable. Elle va sans doute être reprise à toutes les sauces vu qu'on ne parle que de  ça partout, ça ne vaut vraiment pas les 5 que je vois dans tout les commentaires, je suis un peu scotchée.La violence engendre des 5 et des commentaires titanesques."
,"5,0",,"Cela faisait tellement longtemps que je n'avais pas vu un chef-d'oeuvre pareil. Cette série est très originale, on ne s'attend à rien, on profite juste de l'instant présent. Ça mérite un grand 5 étoiles."
,"0,5",,"Considérant le degré d'horreur de Squid Game, son parti pris d'un contexte réaliste (la Corée de 2020 et non des dystopies clairement fascistes comme dans Battle Royale, Hunger Games, ou The Purge), et l'ampleur de sa diffusion (meilleur lancement de tous les temps sur Netflix), il est difficile de juger cette œuvre comme un simple divertissement. Plus exactement, il ne s'agit pas d'une série ordinaire, prolongeant sur le petit écran les arts du théâtre et du cinéma, mais d'une résurrection des jeux du cirque, fussent-ils à la fois fictifs et virtuels. La question est donc moins : ""est-ce que c'est bien fait ?"" que ""cette forme de production est-elle souhaitable ?"".Est-ce que c'est bien fait ? On peut saluer rapidement l'art du jeu coréen, plusieurs des acteurs principaux disposant d'un véritable talent de mime. Pour le reste, c'est franchement moyen : les décors sont assez minables une fois la surprise passée, les acteurs secondaires sont nuls, et surtout la réalisation est d'une telle lenteur qu'on se dit par moment qu'un film de deux heures aurait largement suffi à résumer l'histoire.Cette forme de production est-elle souhaitable ? C'est là que le bât blesse évidemment, non, cent fois non - comment accepter la froideur glaciale avec laquelle on nous présente une telle horreur ? Il y a peut-être un biais culturel : l'une des protagonistes dit à un moment ""c'est la pire horreur depuis la guerre de Corée"" - pour un spectateur européen, le ""game"" dans lequel sont plongés les personnages ne peut qu'évoquer les camps de concentration et leur glaçante ironie (arbeit macht frei). La série débute dans l'ambiance réaliste du Séoul contemporain, et il est terrible d'imaginer que l'intrigue n'est pas si invraisemblable. Peu de choses empêcheraient aujourd'hui une organisation criminelle d'enlever, au cœur d'une grande ville d'un pays riche, quelques dizaines d'individus isolés et à bout de course, que personne ne viendrait réclamer, en leur promettant au besoin, tels les méchants de Pinocchio, une récompense aussi faramineuse que fictive. Or, cette horreur possible, totalitaire, nous est dépeinte avec une froide objectivité, le spectateur étant amené à se réjouir des jeux de massacres successifs, à l'image des affreux gorets présentés par les destinataires de ces jeux cruels. Les participants au squid game seront éliminés les uns après les autres, dans l'indifférence polie du spectateur qui y voit du ""beau jeu"", sans qu'eux-mêmes, parfaitement résignés, ne développent des réactions élémentaires de révolte, de désespoir, de solidarité ou d'empathie - enfin, d'humanité.A l'heure où s'éteignent les derniers survivants de la Shoah, la possibilité de réaliser une telle œuvre interroge profondément sur notre capacité à accepter une nouvelle ère de massacres de masse. On se déteste d'avoir regardé (maigre consolation : pas tout à fait jusqu'au bout). On pleure devant les critiques dithyrambiques de la presse et des spectateurs."
,"2,0",,"Squid Game revient sur Netflix avec une saison 2 qui, malheureusement, n'arrive pas à égaler la tension et l'originalité de la première. Si la saison 1 avait captivé le public par son suspense implacable et son critique social, cette suite semble patauger dans des incohérences et des choix narratifs douteux qui alourdissent l'ensemble.Le personnage du numéro 001 est le seul, point positif de cette saison. Dès le début, la scène de la roulette russe, où il est prêt à se tirer une balle dans la tête plutôt que d'éliminer un recruteur, ne fait que renforcer l’absurdité de certains choix scénaristiques. Pourquoi risquer sa vie dans un tel jeu juste pour tester sa propre audace ? Une incohérence qui, malheureusement, ne s'arrête pas là et qui fragilise l’enjeu de la série.Certains personnages secondaires, comme le rappeur junkie, ne font qu’alourdir le récit avec leur présence inutile et leur jeu trop caricatural. Leur histoire aurait pu apporter de la profondeur, mais au lieu de cela, elles se noient dans des scènes superflues qui ne servent ni à l'intrigue, ni au développement des personnages principaux.La longueur des 7 épisodes ne fait qu'accentuer cette sensation de déjà-vu. On se retrouve à regarder un enchaînement de scènes qui, souvent, ne mènent à rien, et à la fin de cette saison, on a l'impression de n'avoir fait que tourner en rond. En effet, bien que l’on s'attende à une évolution de l'intrigue, le dénouement nous laisse à peu près au même point que la saison 1. L'impression dominante est celle d'une saison 1 rallongée, mais en moins captivante et avec plus d'incohérences.Au final, Squid Game saison 2 se révèle décevante, se perdant dans des détails inutiles et des personnages mal écrits, tandis que son intrigue, au fond, n'évolue guère. Une série qui n'a pas su capitaliser sur son succès initial et qui laisse un goût amer, d'autant plus lorsqu'on y ajoute la frustration d’un potentiel inexploité."
,"4,5",,Les réalisateurs devraient s'inspirer des scénarios coréens qui savent aujourd'hui comment séduire le téléspectateur. Le décalage mis en place est osé et réussi de bout en bout.
,"1,0",,"J'ai eu là l'envie de comprendre pourquoi un tel engouement pour cette série sud-coréenne: Alors je me suis lancé dans le visionnage sous mon plaid du dimanche... je l'ai terminé... À la fin de cette série beaucoup de questions m'ont envahie. Comment cette série peut être autant appréciée ? L'humanité est elle malade ? Comment peut-on prendre du plaisir à observer la déshumanisation, la mort, la trahison ?je conseil cette série a tout ceux qui veulent vivre de l'intérieur le camps d'Auschwitz ( pas d'image plus juste a donner)... Si vous tenez à votre santé mentale FUYEZ! Donner du crédit à de tels atrocités finalement les cautionner nous déshumanise pas moins que ce que vous avez pu voir dans cette série. Ma foie en l'humanité en a pris un grand coup dans la gueule en voyant l'engouement généré par ce tas d'immondices audiovisuel."
,"1,5",,"Énorme déception que cette saison 2!! Surtout après le 1 er épisode avec le passage ""chifumi"" couplé à la roulette russe qui laissait présager une suite à la hauteur! les jeux sont à peine au nombre de 2 et en + ils recyclent le 1.2.3 soleil !! Lamentable !Le tout englué dans les états d'âmes des joueurs qui nous donnent d'interminables dialogues manichéens à la sause aigre douce!"
,"5,0",,"Cette série est vraiment surprenante ! D'habitude je n'aime pas trop les films et séries coréennes mais là, tout est très bon ! La mise en scène, l'histoire, les jeux d'acteurs... Je recommande fortement !"
,"1,5",,"Tant d'espoirs après une saison 1 magistrale ont déjà été déçus avec cette première partie de saison 2...On passera, d'abord, au-delà de la bêtise d'un personnage principal complètement traumatisé de son aventure macabre mais ... Qui y retourne pour sauver de parfaits inconnus.Ensuite, cette saison 2 ne semble être qu'une triste redite de la saison 1. Une suite qui se gâche elle-même, et avec laquelle on finit par se demander ""mais pourquoi une saison 2?""
spoiler: 
La saison se commence sur 2 épisodes très longs et full dialogues, là où la saison 1 démarrait sur les chapeaux de roues dès l'épisode 1.
On retrouve beaucoup de personnages similaires à la saison 1 : le vieux devient une vieille, le n°1 est encore l'infiltré, notre héros retrouve même son n°456, bizarre hasard ! Les jeux s'ouvrent sur 1,2,3 soleil : grosse déception. Pour les autres jeux, ils n'ont rien d'aussi poignant que la saison 1. 
Cette saison 2 se finit pour l'instant avec une fin complètement aberrante, une rébellion presque réussie là où la saison 1 avait connu une répression en 30 secondes de la team triangle.
Bref... Gros échec et grosse déception."
,"2,0",,"Oui ben bon quoi...On regarde des mecs qui pleurent en jouant aux billes, voilà.Le décor est piqué à la série Baby Boss, les costumes à la Casa de Papel, le scénario à...À personne, en fait, parce qu'il n'y en a pas.Moi qui suis plutôt fan du cinéma coréen, là je reste sur ma faim.L'ennui le dispute au ridicule."
,"5,0",,Quelle claque... Une intrigue réussie et  une mise en scène brillante.  On dévore les épisodes. Assurément dans le top 3 des meilleures séries de l'année.
,"5,0",,Saison 2 qui suit beaucoup les traces du premier. Avec un suspense sans limite j'ai trop aimé. J'espère la saison 3 va être incroyable comme les deux dernières !
,"5,0",,"Excellente série. La forme ""battle royal"" est un prétexte pour nous offrir une intelligente critique de la société, servie par une très belle mise en scène, des personnages profonds joué par de très bons acteurs, un scénario prenant et surprenant, une bande originale superbe, une esthétique fascinante... Pour moi, la série n'est pas si violente ou gore, jamais gratuitement en tout cas. On est bien plus sur un drame qui prend aux tripes,  avec un suspense de tous les instants et un twist final maîtrisé. On ne se sent pas du tout devant une série mais devant un film de 8h. Amateur ou pas de cinéma coréen, amateur ou pas de scènes violentes, cette série peut plaire a énormément de monde, donc foncez sans hésiter ! Mention spéciale à l'épisode 6, ""Gganbu"", qui m'a trempé les joues."
,"4,5",,"Vu les deux premiers épisodes ! Le scénario est excellent , acteurs au top et mise en scene vraiment soignée .Cette série a effectivement des petits airs de Black Mirror avec une touche Coréenne . Pour ceux qui aiment le genre il y a de quoi se régaler ! Les scénaristes sont vraiment barrés et dès les premiers épisodes l'intrigue laisse entrevoir une série de rebondissements .Bref une belle surprise pour les amateurs du genre ! Vive les séries Coréennes !"
,"0,5",,"Vu les notes précédentes et ce qu'on en disait sur les réseaux sociaux, je m'attendais à un truc extra et je suis très très déçue. Je n'aurai sûrement pas mis de note ou de mauvaise note si je n'en attendais pas tant.Je n'ai quasiment ressenti aucunes emotions durant tous les épisodes. Deux ou trois frémissements durant les 2/3 derniers épisodes et encore. Aucun personnage ne m'a touché. Je trouve le scénario et les personnages stupides. Je ne vois pas de suspens. On connaît la fin du scénario dès le début car les règles l'annoncent. On devine le gagnant... Je trouve que ça reprend le style de d'autres séries ou films. C'est sanguinolant et je n'en vois même pas l'intérêt car je trouve ça mal fait et que ça n'est même pas effrayant. Les coréens réalisent les scènes sanglantes très différemment de ce qu'on peut faire en Europe ou partout ailleurs dans le monde, excepté en Asie. J'ai regardé jusqu'au bout par curiosité. Quand on s'ennuie, on se dit 'c'est pas possible, il va se passer quelque chose au bout d'un moment'. Ben non, ou à peine. Faut attendre l'épisode 5 ou 6 pour avoir un cliffhanger et un peu de suspens. Du coup, on veut voir la suite quand même, mais ça retombe, pas de grosses surprises. Et rien d'étonnant non plus à la fin du dernier épisode. La fin est même bien nulle. Bref, bon courage pour les 5 premiers épisodes, et n'en attendez pas trop. Je me demande vraiment pourquoi ça plaît à la majorité des gens. Je dois être comme les maîtres du jeu, une psychopathe, plus rien ne m'amuse mdr. Pourtant, j'arrive quand même à prendre beaucoup de plaisir avec d'autres séries et même très simple."
,"0,5",,Aucune originalité quel dommage de vouloir faire une saison 2 quand la saison 1 était si bien. On s'ennuie à mourir et les personnages sont insupportables et fou ( pourquoi risquer sa vie alors que quelqu'un vous annonce toute la vérité et que dès le premier jeu les morts pleuvent )
,"5,0",,"Excellente série qui met sur les nerfs dès les 10 première minutes. Très violent et ne pas montrer aux enfants car la violence est physique, psychologique. Tellement prenant qu'on se demande souvent : ""moi je fais quoi ?"" alors qu'on est devant sa TV. Tout est réussi et pourtant sans beaucoup de moyens : décors mystérieux, musique, scenario équilibré, jeu d'acteur à condition d'accepter le jeu asiatique quelquefois un peu surjoué. Ce n'est pas manichéen. C'est très déstabilisant : on s'attache à certains personnages qui disparaissent : la série ne fait aucune concession. A voir absolument si possible en VO sous titrée : ce n'est pas dérangeant : ça va très bien avec les personnages et leur comportement."
,"0,5",,"Très très très déçu, nul! Tout est incohérent, surjoué, il n'y a plus du tout le charme de la 1ère saison, tout est prévisible et la fin est vraiment lamentable... Au final pour ceux qui ont aimé la 1ère saison, vous y retrouverez l'acteur principal, avec des dialogues interminables, le mystère et le charme en moins, un côté comique qui détonne avec le machiavélisme du jeu. On a l'impression que le scénariste ne voulait pas faire un copié collé du 1er, mais a retiré tout ce qu'avaient aimé les spectateurs, avec un côté humour, des musiques sans aucun lien avec le contexte, bref on dirait des stagiaires qui ont voulu faire un projet SQUID GAME sans faire trop de plaggia. Vous avez tué SQUID GAME."
,"0,5",,"Sans intérêt. Le personnage principal est encore plus idiot que dans la saison 1, toutes ses décisions ou actions n’ont aucun sens, ils ont juste voulu donner une suite à une saison 1 exceptionnelle qui n’en avait visiblement pas besoin. Tout est devenu prévisible et sans saveur. Le seul personnage intéressant est sûrement le joueur numéro 001 (MdJ) qui par son double jeu rend un peu la saison 2 moins ennuyante."
,"5,0",,"Intelligent, extrêmement bien filmé, une série qui décoiffe mais qui sait aussi mettre le doigt sur une analyse profonde de la survie et les dérives qu'elle peut engendrer.Génial !"
,"1,5",,"Une série phénomène pathétique, rempli de moment gore sans intérêt qui apporte seulement des scènes sanglantes. Une série qui avait pour but de choqué le public sur une société défavorisée qui a pour seule emprise : l'amour de l'argent. Je dirai en réalité un double tranchant de façon permanent quand on se rend compte du déroulement de l'histoire. Nous sommes que de simples spectateurs face à la cruauté de cette série, c'est un piège ? Beaucoup  de choses tellement prévisible qui perd toute sa crédibilité...C'est dommage. J'espère bien que ce phénomène va se transformer  en cauchemar."
,"0,5",,"J'ai adoré la saison 1 et j'ai laissé une chance à cette saison 2 mais ça en devient douloureux de terminer 7 pauvres épisodes. C'est surjoué à mort les acteurs sont ridicules et stupides, tellement pas crédible au vu du contexte dans lequel ils sont censés être. Les épisodes sont d'une lenteur avec des passages inutiles et des conversations stupides dignes de celles d'enfants d'une cours de récréation ou de candidats de télé-réalité. Ça en devient tellement douloureux que je ne sais pas si j'arriverai à regarder la saison 3.... Je savais que ça serait dur de faire mieux que la saison 1, mais je ne pensais pas que le contraste entre les deux saisons serait aussi énorme. C'est désespérant ."
,"5,0",,"J'ai bien aimé cette saison même si la saison 1 reste la meilleure. Il y a certes quelques longueurs mais l'histoire est très intéressante. C'est toujours un plaisir de retrouver le personnage Seong Gi-hun. J'ai adoré que le charismatique Maître du jeu intègre les jeux sauf qu'on se demande comment Seong peut-il être aussi naïf et ne pas penser que le joueur 001 peut-être encore un infiltré.Les jeux sont toujours très intéressants. Dommage que la fin se finisse sans qu'on obtienne nos réponses. Pourquoi le 001 qui avait pitié de la femme enceinte reste finalement sans pitié à la fin? Pourquoi tue t-il le meilleur ami de Seong Gi-hun mais pas Seong Gi-hun? Seong Gi-hun enfreint les règles va-t-il être tué? Et le frère du Maître du jeu continuera-t-il à cacher l'identité du Maître du jeu, va-t-il se ranger de son côté ou s'opposer à son frère ? Beaucoup de questions encore sans réponse. Très impatiente de voir la saison 3..."
,"4,0",,"Ce que j'aime avec beaucoup de films et séries sud corénnes c'est le jeu d'acteur trés réaliste qui se démarque de l'école américaine par plus de sobriété et donc plus de réalisme.Le premier épisode laisse une impression bizarre, la 1ere partie est excellente avec la présentation du personnage personnel, puis arrive le jeu, qui donne au départ une impression mitigée car on n'est dans l'absurde. Cependant, la mayonnaise commence à prendre à partir du 2e épisode. Dans l'ensemble, une série agréable et efficace car trés divertissante, avec pas mal de moments riches en émotions notamment vers le milieu du jeu (les billes notamment).A noter que le connard de service (le numéro 101) a un jeu d'acteur super convaincant."
,"1,0",,"Quel ratage cette saison 2 décidement... J'ai ""plutôt"" accroché pendant les 2 premiers episodes qui changent un peu de la saison 1, bien qu'on pressent déjà un acting catastrophique et que tout ça prend beauuucoup son temps. Et l'arrivée dans l'arène, là, ça nous achève. Le personnage principal est très agaçant, on a envie de le secouer. J'ai regardé d'un oeil le milieu de saison (si on peut appeler 7 episodes une saison), ininteressant, répétitif, poussif, beaucoup moins subtil que la saison 1 pour ce qui est du contenu moral, qui là devient très sentencieux et franchement tout sonne faux. Les personnages sont très clichés et le jeu est très mauvais. La plupart des tentatives d'humour sont ridicules et tombent à l'eau. Non vraiment, cette saison 2 est un naufrage. 
spoiler: 
Au vu des commentaires qui parlent d'un cliffhanger en fin de saison, je ne m'infligerai pas ça, je ne la terminerai pas !"
,"0,5",,"J'annonce Hwang Dong-hyeok a détruit sa série avec la saison 2. Les deux premiers épisodes de la saison 2 sont les meilleurs, et le reste est juste vraiment mauvais.Voici les reproches :
spoiler: 
Le mec avec la valise défonce les chefs de gang à mains nues. Les chefs de gang, nuls au corps à corps, le suivent à deux sur une longue distance et ne pensent même pas à avoir sur eux une arme à feu, au moins pour le menacer.

Le mec en rouge qui tase un gars devant tout le monde dans une boîte de nuit, et personne ne réagit…

La puce qui est retirée de la dent, alors que tous les autres gardent leurs accessoires comme la croix avec de la DROGUE dedans. Moi qui pensais que le jeu se basait sur l'équité… En plus, le couteau dans les cheveux de la vieille, la bague, etc., c'est un peu gros. Ça déséquilibre le fait que chacun soit au même niveau.

Le fait que Thanos, le mec aux cheveux violets, tue tout le monde sans raison, juste à cause de la drogue, avec des musiques et des réactions de manga. Et les gens continuent de l'aimer et de ne pas le craindre... C'est totalement incohérent. Tout le monde devrait vouloir l'éliminer puisqu'il en a tué juste pour s'amuser, sans même savoir que ça lui rapporterait de l'argent.

Le fait que le maître du jeu attende que le jeu de ""1, 2, 3, soleil"" soit fini pour rentrer dans le jeu, alors que le vieux maître du jeu de la première saison avait participé. Déjà, le maître du jeu de la saison 2 ne respecte pas les règles en jouant seulement à partir de la fin du premier jeu, en comptant comme le joueur numéro 1 parmi les 456. Et son vote a servi à continuer le jeu alors qu'il n'a pourtant aucune légitimité… Sans parler du fait qu'il a lui-même tué des gardes en rouge en étant joueur, mais lui a le droit à la vie, alors que les autres joueurs meurent. Apparemment, seul le joueur 456 a le droit à la vie, donc ça montre encore une fois que le jeu ne respecte pas ses propres règles.

Le fait que le frère du maître du jeu refuse de dire à quoi ressemble le visage de son frère, alors qu'ils ont le même objectif le capturer et non le tuer. Ça n'a aucun sens. Ça m'a fait comprendre directement qu'il serait dans le jeu pour que le personnage principal ne reconnaisse pas son visage.

Le pêcheur, je l'avais prédit dès l'épisode 3 qu'il serait un traître. Déjà, le mec est trop louche. Je ne comprends pas qu'il ne soit pas suspecté depuis le début. Il récupère le flic même avec les vagues, alors que le périmètre de l'île ne doit pas être si loin. C'est louche qu'il passe autant de temps à fouiller autant d'îles. D'ailleurs, il se plaint de chercher depuis 2 ans en disant que c'est comme une malédiction, mais il continue. Donc bizarre, il n'a aucune raison de continuer... Le fait que le mec soit pêcheur depuis des années et qu'il ne voie pas les bateaux immenses avec les camionnettes passer la nuit pour amener de nouveaux participants + les bateaux des trafiquants d'organes passer, c'est aussi louche.

Un des gars, soi-disant des forces spéciales ultra-douées, engagé pour trouver l'île, voit le mec trafiquer le drone et préfère se confronter au gars du bateau sans arme et sans renfort. Quelques secondes après, un autre gars vient voir ce qu'il se passe, et genre, il ne voit pas de sang ou ne se demande pas où est passé l'autre gars qui a crié… Une blague, ce passage.

Le mec numéro 1 devrait être suspecté depuis le début puisque dans la saison 1, c'était un infiltré. Donc le gagnant de la saison 1 fait des plans et à aucun moment, il ne se pose la question de qui il est, et il lui donne rapidement toute sa confiance...

Tous les passages qui devraient être stressants et pleins de tension dans la saison 1 sont cassés dans la saison 2 par des musiques style manga avec des réactions de personnages de manga, aucune réaliste. Des moments tristes/flippants, comme le gars qui se pisse dessus de peur, deviennent une comédie à cause de la musique et des réactions. Dans le deuxième jeu, ils applaudissent tous quand il y a des vainqueurs, alors qu'ils ont encore leur vie en jeu et qu'ils savent qu'il faut des morts pour gagner plus d'argent. Donc c'est stupide.

Le gagnant du jeu qui pense sauver des vies alors qu'il sait que le jeu va les forcer à s'entretuer. Et des gens votent en sachant que cela causera la mort des autres... Il est trop bisounours, au point de risquer sa propre vie et celle des autres contre une armée littéralement de gardes. C'est le plan qui a le moins de chance de fonctionner. D'ailleurs, je ne comprends toujours pas pourquoi ils n'ont pas mis le flic à se cacher sous une camionnette comme dans le 1, en suivant le participant qui avait le carton d'invitation dans le métro, puisque le flic a failli tuer le maître du jeu tout seul dans la saison 1. Et là, un riche avec une armée n'a pas réussi à faire mieux qu'un seul gars qui a juste improvisé dans la saison 1. D'ailleurs, pourquoi ils ne se sont pas déguisés en gardes rouges ?

Le froussard ne sert à rien. Il a juste eu le courage d’appuyer une seule fois sur la croix. À part ça, il a trahi la seule personne qui l’aidait et l’a laissée mourir. D’ailleurs, il n’a même pas su viser en lançant sa bouteille. C’est un personnage sans intérêt. Même la première femme tuée au premier jeu aurait apporté plus au jeu par son charisme. Elle aurait fait une meilleure antagoniste que le vieux sénile ou que ""Thanos"", un personnage un peu calqué sur Pain dans Naruto.

La femme du parc d’attractions, gentille avec les enfants, tue sans pitié des innocents dans les jeux. Ce personnage quitte une dictature pour en imposer une dans le jeu, ce qui n’a aucun sens. En plus, elle n’apporte rien à la saison, puisqu’elle disparaît même lors de l’assaut.

Le personnage principal n’a aucun argument pour convaincre les autres d’arrêter. Il aurait pu promettre de l’argent puisqu’il a prouvé qu’il était le grand gagnant, mais il ne l’a pas fait. Il aurait pu dire aux personnes âgées et aux femmes qu’il y a des épreuves de force où elles n’auraient aucune chance, mais non. Il aurait pu expliquer qu’ils pouvaient quitter et reprendre le jeu plus tard, comme lui-même l’a fait, ce qui leur aurait permis de dire au revoir à leurs proches, tout en réduisant le nombre de participants et en augmentant les gains. Mais non, il ne l’a pas dit. Enfin, il aurait pu préciser qu’il n’y aurait qu’un seul vainqueur, puisque le dernier jeu prévoit un affrontement entre deux survivants. Pourtant, il ne l’a jamais mentionné. Les autres pensent pouvoir sortir ensemble, mais bordel…

Le mec qui participe au jeu avec sa mère est le personnage le plus égoïste de tous. Il vote pour continuer en sachant pertinemment que sa mère risque de mourir.

Aucune évolution des personnages. On n’apprend rien de plus sur eux. La femme enceinte, par exemple : on sait juste qui est le père, qu’elle est orpheline et fauchée parce qu’elle a investi dans les cryptos. Et pourtant, c’est l’un des personnages les plus détaillés de la saison. Quant à la chamane, c’est un personnage mal construit. Pourquoi le scénariste crée-t-il systématiquement un religieux détestable à chaque saison ? Au deuxième jeu, la chamane panique, mais après, plus rien, c’est tout l’inverse sans raison. Le seul aspect intéressant, c’est qu’elle réussit à convaincre deux participants dans sa secte. Et c’est tout.

Le flic et les militaires n’ont servi à rien dans toute la saison 2. Rien d’intéressant. Même la trappe trouvée sur l’île… Pas fichus de s’en méfier ou d’attacher une corde pour l’ouvrir de loin. J’avais dit à l’avance : ""Ça va exploser, c’est tellement prévisible…"""
,"4,0",,"Une suite qui ne copie pas et joue sur la tension permanente, en proposant la règle du vote de sortie, la contestation puis la révolte au sein du jeu. La série surprend encore et reste parmi les plus originales sans pour autant donner trop d'explications encore. La dernière saison saura t'elle répondre à tous nos questionnements? Réponse en 2025."
,"0,5",,"La propagande Tiktok autour de cette série est un coup de maître. A l’inverse, la série est un véritable fléau à regarder. Quel ennui, pas un seul personnage intéressant, un scénario bidon. Merci pour ce temps perdu."
,"0,5",,"Une catastrophe!!! Des dialogues étirés, des scènes à rallonge pour une redite de la saison 1 … c’est du vu et revu. Je déconseille fortement. Netflix ne sait pas gérer la suite des séries à succès. Bye bye"
,"1,0",,"La saison 1 était sympas mais la deux est vraiment mauvaise en de nombreux points. Petit spoiler peu impactant mais je le met en spoiler quand même 
spoiler: 
Le gagnant du 1 rejoue dans le 2, c'était prévisible mais il fait des choix totalement stupide dans la deuxième saison après le premier jeu les joueurs peuvent se répartir la cagnotte et se barrer et évidemment la majorité vote pour rester. Sauf que le gagnant du 1 aurait pu leur dire que globalement il y a de très très très mince chance qu'il soit plus que deux survivant à la final, que la moitié voir plus des joueurs vont mourir à chaque jeux et vu qu'il se fou de la thune qu'il a gagnait aux premiers il aurait pu proposer de partager sa thune en plus de la cagnotte avec le reste des survivants et avec autant de survivants mettre fin aux jeux définitivement grâce aux nombreux témoins 
 La saison 2 est REMPLIE d'incohérence, de choix et décisions encore plus stupide que dans les pires films d'horreurs ce qui enlève tout le charme de la série et son immersion. En plus de sa beaucoup de scène sont trop longues et pas intéressante, contrairement à la première saison, j'ai cette fois-ci skip pas mal de scène en passant plusieurs moments car très ennuyeux. Squid Game c'est une série qui devait faire qu'une saison et sa se sens. Tout cris ""La saison 1 à cartonné, il faut écrire, produire et réaliser une saison 2 pour capitaliser sur le succès"". D'où le temps entre la release de la saison 1 et 2. Ne perdez pas votre temps avec la saison 2. Si vous avez jamais vu je vous conseil Alice in Borderlands qui est vraiment pas mal qui à pour point commun des jeux mais dans un univers bien différent."
,"4,0",,"Au-delà de l'effet de scandale dû à l'impact de la série dans les cours d'école et de l'effet de hype provoqué par le fait que la série est la plus regardée de l'histoire de Netflix, que vaut vraiment Squidgame ?Pour commencer, la série est extrêmement solide du point de vue scénario. La partie jeu mortel est très habilement menée : on est en permanence surpris, que ce soit par la nature des jeux, leur déroulement ou leurs implications morales.Mais Squid game surprend surtout par ses à-côtés narratifs. Une grande majorité des trois premiers épisodes se déroule en dehors de l'île, et la façon dont la série décrit les travers de la société coréenne est très intéressant. Les relations entre les personnages, le basculement en milieu de série qui permet de comprendre le but des jeux, les péripéties concernant les gardiens : tous ces éléments renouvellent constamment l'intérêt.La mise en scène et les moyens de la série impressionnent par leur démesure. Comme beaucoup de productions coréennes, Squid game est, de par son montage alerte et son identité visuelle, une réussite pleine d'efficacité qui n'a rien a envier aux productions américaines. La série atteint un haut niveau de réalisme, ne barguignant pas sur la cruauté et le sang, ce qu'une production US n'aurait pas pu se permettre.Enfin, les acteurs sont tous et toutes formidables. La composition de Lee Jeong-Jae est en particulier saisissante dans sa variété.Ce genre de série à suspense est une course en avant de surprises et d'effets qui peut se diluer ou se perdre au fil des épisodes dans de la surenchère irréaliste ou un délitement progressif. Squid game évite également cet écueil et négocie assez bien le piège de la dernière demi-heure, répondant avec une certaine élégance à plusieurs  questions, et en laissant irrésolues plusieurs autres, ce qui laisse augurer une seconde saison que l'immense succès mondial de la série rendait de toute façon indiscutable."
,"4,5",,"C'est pas compliqué, voici la saison 2 et si on suit la logique d'internet, ce qui a été apprécié en saison 1 va se faire démolir en Saison 2.La faute à ? La popularité de la Saison 1 pardi. Sortie de nulle part, Squid Game a surpris tout le monde, donc tout le monde à aimé. 3 ans plus tard, tout le monde s'est fait son film sur cette suite, et fatalement ça va se sentir dans les critique de pleureuses qui rageront que le scénar soit pas celui auquel ils ont pensé durant les 3 dernières années.J'ai trouvé cette saison en pleine forme, les nouveaux persos sont cool, les nouveaux jeux sont effrayant. La tension est bien présente et le seul point négatif pour moi, étant que le dernier épisodes invite finalement à attendre une troisième saison qu idevrait débarquer plus vite que cette saison 2.Du très bon donc!"
,"4,0",,Le top du vice avec une totale maitrise et le pire c’est qu’on va aimer ça. L’épisode 1 place le jeu. L’épisode 2 est très lent mais il a toute son importance… ensuite ça décolle ! On s’enfonce avec les participants dans le rouage maîtrisé  du jeu. Mention spéciale pour l’épisode 6 qui est tout aussi horrible qu’émouvant.
,"1,0",,Naufrage total. Les enjeux qui rendaient la saison 1 intéressante ont disparu. Il faut attendre le quatrième épisode pour voir un nouveau jeu qui plus est totalement nul. Aucun intérêt
,"1,5",,"Alors que des antis-vax scandent dans la rue ""liberté, liberté, liberté"" je me demande à quel point j'étais libre dans le choix de me lancer dans Squid Game. Le monde culturel est une sorte de Loto d'où émerge régulièrement un produits dont le succès relatif peut se transformer en un raz de marée complètement irrationnel. Cette série a ainsi pleinement bénéficié d'une machine médiatique emballée façon Gimbap. Des colonnes du Monde à mon flux Facebook en passant par les conversations de mes amis jusqu'aux journaux TV relayant les incidents occasionnées par cette série, tous sont coupables d'avoir rendu inévitable notre rencontre: j'étais environné, harcelé par ces zouaves costumés avant même de les connaitre. L'effet de simple exposition a créé chez moi une bulle de curiosité qui aurait dû être éclaté par des avis (un minimum objectif) sur la série. Sauf que, et c'est la beauté de la chose, tous les médiums précités ne parlent pas tant de la série et ses qualités (limitées), que de son succès et ses effets. La machine s'alimente elle-même et en bout de course des consommateurs innocents (et probablement un peu stupides) dans mon genre se retrouvent embarqués, piégés. Devenant bientôt eux-mêmes des agents de propagande. La preuve, voici une nouvelle critique sur ""la (nouvelle) série phénomène"".Le premier épisode a failli être le dernier tant TOUT m'a insupporté dans notre héros. C'est un incapable qui loupe tout ce qu'il entreprend, l'argent lui brûle les doigts, il est nul, il est pathétique et on est rapidement convaincu que s'il est pauvre, c'est qu'il le mérite. Rajoutons à cela que c'est le pire père du monde :
spoiler: 
 QUI va pêcher un cadeau surprise à sa fille dans des machines à sous ? Et QUI ne regarde pas dans cette boite (non fermée) ce qu'il va offrir ?
 Personne si ce n'est un personnage complètement artificiel destiné à attirer notre sympathie et nous rassurer sur nos vies, on la rate tout de même moins que lui.Le traitement de son héros est symbolique de ce qu'est Squid Game: caricatural et artificiel, exagéré comme l'interprétation théâtrale des acteurs. La scène où Han Mi-Nyeo 
spoiler: 
doit gagner du temps dans les toilettes 
est un must.La série contient ""quelques facilités scénaristiques"" selon la critique, je reformule la série ""repose sur un scenario aussi solide que la paix avec son voisin du Nord"".
spoiler: 
 Comment garder secret la construction d'une telle installation ? faire taire des centaines d'employés en charge de tuer des êtres humaines en les regardant dans les yeux ? Ne pas soulever l'attention des autorités avec 400 disparitions à l'année ? Les réactions des personnages sont également absurdes : le méchant décide de ne plus faire de massacre la nuit car il a peur d'être trahit ! N°001 se choisit une pâtisserie compliquée alors qu'il connait déjà l'épreuve... Gagner aux jeux est également ""facile"". Ainsi on se demande par quel tour de passe passe nos héros vont pouvoir franchir l'épreuve de la corde ?
 Aucune ! Il suffit au scenario d'être débile ! (au cas ou vous auriez un doute les conseils de 001 ont été testé IRL, ils ne servent à rien).
spoiler: 
Je ne parle même pas de n°001 qui joue car il voulait ressentir le frisson du jeu mais qui en fait ne risquait rien... Presque aussi risible que le discours moraliste sur ""être trop riche rend malheureux"" ou aussi absurde que de légitimer le jeu en disant ""vous pariez bien sur des courses de chevaux"".
Les épisodes étant assez long, les personnages peu nombreux (sur 9heures on s'intéresse à 8 personnages !) et les jeux occupant 15-20min il faut bien combler. Alors on crée de vagues sous intrigues : 
spoiler: 
un trafic d'organe inepte, une scène de baise absurde, des échanges entre candidats insipides avec en point d'orgue l'échange pré-sacrifice des deux ""copines"" qui promettent de se dire ""ce qu'ils n'ont jamais dit à personne"" et qui débouche sur ""leur rêve"" : ""un Mojito à Hawaii"". 
Whaaaa passionnant vraiment... En vérité on s'emmerde 75% d'un épisode mais pendant 3, 4 épisodes je n'ai pas voulu arrêter.Car il faut bien reconnaitre à Squid Game une qualité : son concept est génial et on est prêt à supporter tout ça afin de les voir se faire massacrer dans des jeux d'enfants d'une joie mauvaise, sadique. Malheureusement si la série choque par son gore elle n'a en vérité rien de très transgressif, les personnages sont trop peu nuancés pour créer la moindre empathie ou gêne. Les gentils sont gentils, les méchants, méchants. 
spoiler: 
Le jeu des billes aurait pu être intéressant. Tout était pourtant cousu de fil blanc, j'étais persuadé que le partenaire serait un adversaire et que notre héro allait s'allier avec le vieux qui, pratique, était à l'article de la mort. Pendant un moment j'ai cru qu'il allait vraiment profiter de lui ce qui aurait cassé la personnalité monolithique de notre héros trop bon, mais finalement non le vieux était bien conscient de son sacrifice. Comment d'ailleurs faire gagner un participant qui ne ferait pas de mal à une mouche ? Il suffit d'un 2e sacrifice (que l'on a également vu venir 3 épisodes plus tôt).
Un autre problème est que le jeu érige en principe absolu sa neutralité... or il ne l'est pas : 
spoiler: 
dans la présence même de n°001 ou quand ""le méchant"" demande un autre jeu en ayant perdu aux billes ou dans l'absence de sanction lorsqu'un canif est découvert sur lui ou lorsque le ""bon élève"" triche et trahit 
Abdul. Le traitement de ce personnage est d'ailleurs franchement raciste: le mec n'ose même pas appeler par son prénom un type au charisme de mollusque simplement parce qu'il lui a payé le bus... Son comportement est plus proche de l'animal domestique que de l'être humain. Au final le succès de Squid Game s'explique par ses massacres garanties à chaque épisodes et ses plans iconiques : entre costumes mystérieux et plans larges aux décors colorés 
spoiler: 
(les couloirs menant aux épreuves, le green light / red light, la salle où ils sont habillés, le chapiteau aux dalles de verre, le lounge VIP
). C'est peu mais suffisant grâce à un marketing habile à destination des ados (merci Tiktok) soutenu par la puissance d'une multinationale qui homogénéise les gouts de toute la planète en l'inondant de sa daube.PS : Le Gardian: ""Squid Game dresse également le portrait de la société contemporaine en Corée du Sud, et les inégalités de richesse qui touchent sa population."" Je riz (jaune)."
,"5,0",,"La saison 2 de Squid Game se révèle être une véritable pépite par rapport à la première, transcendant son statut de simple suite pour s’imposer comme une œuvre plus riche, profonde et maîtrisée. Là où la saison 1 captait l’attention par la brutalité de ses jeux et la découverte d’un univers dystopique classique, la seconde saison va bien au-delà, explorant des thématiques plus complexes tout en offrant un développement de personnages beaucoup plus abouti. Le scénario gagne en densité, délaissant la simple succession de jeux mortels pour enfant pour s'intéresser davantage aux dynamiques internes des participants et à l’organisation derrière les jeux.Les personnages, qui étaient parfois réduits à de simples archétypes dans la première saison, prennent ici une nouvelle profondeur sauf l'horrible Thanos. Les dilemmes moraux et les motivations personnelles sont explorés avec une subtilité qui renforce leur humanité. Le Front Man, n’est plus seulement une figure mystérieuse et intimidante, mais un personnage à part entière, dont le passé et les choix enrichissent considérablement l’histoire. Parallèlement, les nouveaux personnages introduits apportent un souffle frais et diversifié, tout en s’intégrant harmonieusement à l’univers déjà établi.La dimension émotionnelle est également nettement amplifiée. Alors que la première saison jouait souvent sur l’effet choc, la seconde construit des relations plus complexes entre les personnages, ce qui rend leurs choix et leurs pertes d’autant plus poignants cf le deuxième jeu. Cette montée en intensité émotionnelle se double d’une critique sociale encore plus incisive. Là où la saison 1 exposait les inégalités de manière brute, la saison 2 approfondit son discours en mettant en lumière les mécanismes de pouvoir et les dynamiques d’exploitation, tout en interpellant directement les spectateurs sur leur propre rôle en tant que voyeurs fascinés par cette violence orchestrée.En définitive, la saison 2 de Squid Game dépasse largement son prédécesseur en offrant une expérience plus mature et aboutie. Elle réussit à maintenir l’adrénaline et la tension qui ont fait le succès de la première saison tout en y ajoutant une profondeur narrative et émotionnelle qui élève l’ensemble. C’est une véritable réussite qui montre que cette série ne se contente pas de répéter une formule gagnante, mais cherche à la réinventer avec audace et intelligence."
,"5,0",,"Rare de mettre 5/5, mais force et de constater qu'on frôle la perfection !Il faut effectivement s'accrocher sur l'épisode 1, évidemment le style ""coréen"" peut habituel en France perturbe un peu... On a comme la sensation, parfois, que c'est ""surjoué"". Mais c'est typique coréen. Finalement, chaque épisode monte en intensité, en émotion. On s'attache réellement au personnages. Tout est bien ficelé, il y a du suspense, de vrais surprises (même si c'est parfois assez prévisible). Bref ça cartonne, ça fait partie des séries majeures de netflix, comme ""La Casa de Papel"", ""Strangers Things"", ""Dark"".... voici une nouvelle série culte."
,"1,5",,"Nul ! Bienvenue dans le monde moderne du visionnage que Netflix veut nous faire bouffer. À savoir raconter la même histoire sur 3 saisons si possible !!Le rythme est lent, très loooong. La plupart des scènes de dialogues sont pas nécessaire. Et comme par hasard la fin est stimulante et te montre juste ce qu’il faut pour que tu regardes la saison 3 !Donc cette saison est lente. Maintenant on s’ennuie toute la saison pour que les 20 dernières minutes soient interessantes !Quand netflix avait pas son mot à dire sur la saison 1, cette première saison était une masterclass ! Déçu, mais hâte de voir la dernière saison"
,"0,5",,"J'ai créé un compte ici juste pour mettre 0,5 et dire à quel point cette saison est nulle. Je me suis endormi sur les 3 premiers épisodes et les 4 derniers sont tout aussi abyssaux... Aucun intérêt. Économisez votre temps"
,"0,5",,"J'ai presque regardé 2 épisodes et j'ai arrêté. Mon dieu que les acteurs sont mauvais et cerise sur le gâteau, l'acteur principal est le pire de tous. Je ne sais pas si le réalisateur lui demande de ne pas être crédible, mais quoi qu'il en soit c'est pathétique, risible, surréaliste de médiocrité. Il est possible que le scénario soit bon, mais j'en doute, car ça démarre très mal. Je préfère ne pas perdre mon temps. C'est surjoué au point d'être débile."
,"4,0",,"Une excellente série originale Netflix.Elle raconte l'histoire de Gi-Hun, un homme pauvre à qui on risque de retirer sa fille s'il ne trouve pas assez d'argent pour avoir une vie convenable. Une opportunité se présente à lui lorsqu'un inconnu dans le métro lui propose de faire un jeu contre de l'argent. Gi-Hun perd la première manche mais l'inconnu lui propose de lui mettre une baffe à la place de recevoir de l'argent, bien évidemment le personnage principal accepte et le jeu continue. Gi-Hun se prend des dizaines de grosses baffes jusqu'au moment où il arrive enfin à gagner et l'homme lui donne l'argent comme promis et s'en va. Rentré chez lui, notre héros se voit recevoir une carte de la part du même inconnu croiser précédemment sur laquelle un autre jeu lui ai proposé contre de l'argent. Il accepte et se retrouve au milieu de 455 autres personnes dans la même situation que lui.Le premier jeu est le 1,2,3 Soleil, tout se déroule normalement jusqu'à que le premier éliminer se fassent réellement tué.Panique général des dizaines d'autres participant se font tuer. Après la première épreuve les participants décident d'abandonné suite à un vote, mais Gi-Hun et ses nouveaux amis décident de revenir et ils se verront confronter à de nombreuses autres aventures sous forme d'épreuves."
,"4,0",,"A voir sans modération ! Des plans de caméras géniaux, de superbes couleurs, une ambiance stressante mais divertissante, des acteurs très bons, tout ça saupoudré de thèmes musicaux parfaits. Bluffant !"
,"1,5",,La saison une était superbe Fallait s’arrêter là Mais la 3 est tellement incohérente et lent pour des sens qui se font en quelques secondes Dommage c’était très bien la saison 1 et fallait pas faire plus
,"4,0",,"Série top ! Une satire d'une société consumériste et capitaliste. Une critique d'un monde mercantile où l'argent est au cœur des débat. La performance des acteurs est remarquable. La photographie et les différents plans visuels sont très bien travaillés, avec notamment pléthore de couleurs. La mise en scène est également très soignée et donne de l'intensité aux scènes décisives de la série."
,"5,0",,"J’ai adoré, les épisodes sont long bien amené. Les nouveaux personnages sont bien aussi franchement c’est super !"
,"5,0",,Je ne comprends pas les gens mettant 1 étoile en disant s'être ennuyé et ont finalement regardé toute la saison en un temps record. J'ai bcp aimé pour ma part
,"2,0",,"Une saison qui se regarde, surtout car on espère retrouver les sensations de la 1ere saison, mais on reste clairement sur notre faim et c'est tout de même la déception qui prend le dessus.La série était à peu près intéressante jusqu'au moment où 
spoiler: 
elle part totalement en vrille lors de la tentative de soulèvement qui n'a aucun sens, qui met un terme final aux jeux et qui est un vrai carnage pour tout le monde.""
Personnellement je reproche pas le fait que les personnages surjouent, c'est dans le plus pur style coréen, mais il faut être honnête, en vérité on se fout royalement que cette organisation soit démantelée, on espère tout simplement revoir de nouveaux jeux sur le même rythme, la même intensité, la même cruauté et le même suspens que lors de la 1ere saison, mais ce n'est pas le cas t. La partie ""jeu"" est trop restreinte, les jeux moins intéressants et toute la saison est sur un faux rythme ! D'autre part, on ne retrouve pas de participants aussi charismatiques que lors de la 1ere saison.Au final peut être que cette 2e (et 3e) saison ne devait pas voir le jour, parfois il faut savoir s'arrêter sur un succès..."
,"1,5",,"Je suis tellement en colère que j'ai créé un compte juste pour ça. Quelle immense déception cette deuxième saison!!Attendre 3 ans pour ça ?Cette saison est complètement vide à part 2-3 épisodes, il ne se passe rien d'intéressant.Les nouveaux personnages n'ont aucune profondeur, on a aucunement le temps de s'attacher à eux où même les détester. Et les personnages qu'on connaissait déjà sont intéressants. Les décisions du personnage principal sont de plus en plus stupides, on croirait qu'avec tout le temps et tout l'argent, il aurait mis en place un plan en béton mais faut pas trop lui en demander.
spoiler: 
Je pensais que le personnage du mec à la mallette aurait un développement dans la deuxième saison mais les scénaristes l'ont fait mourrir stupidement
. Il n'y avait même pas de suspense dans la scène.Le frère du maître du jeu est complètement inutile et se fait facilement berner pendant 7 épisodes.Et puis le maître du jeu. Quelles sont ses motivations ? 
spoiler: 
Bouhouu ma femme et mon enfant sont morts et je suis en colère donc je vais tuer les gens parce que je n'ai rien d'autre à faire de ma vie? 
 C'est n'importe quoi. Au moins on savait pourquoi celui de la première le faisait.Aucun suspense, aucune surprise pendant les 6 épisodes, tout est prévisible : le navigateur, qui va mourir, qui va trahir qui. 
spoiler: 
Tout le monde peut prédire que le père de l'enfant malade va survivre car il sera sauvé par la fille au triangle. 
La seule ""surprise"" c'est la nullité de cette fin de saison. La serie a vraiment de la chace d'avoir certains très bons acteurs."
,"0,5",,J’ai regarder la saison 2 et je m’attendais à quelque chose de différent. Peut être que j’en attendais un peut trop. Très déçut
,"4,5",,"""Squid Game"" est vraiment une excellente série, qui au-delà du phénomène qu'elle a provoqué, propose une vraie réflexion sur la vie et les relations humaines. Si l'on enlève l'aspect ""jeu de survie"", la série nous propose une vraie analyse sociétale où se côtoient classes privilégiée, délinquants ou encore personnes essayant de se sortir de la pauvreté. Cela est notamment réussi au niveau des personnages principaux qui dressent un panel assez diversifié de la société actuelle.D'un point de vue technique, l'univers est extrêmement bien travaillé et riche, avec une mise en scène efficace. Les acteurs sont bons même si j'ai eu du mal avec l'acting du personnage principal. J'ai particulièrement apprécié l'enquête policière se déroulant en même temps que les jeux (Wi Ha-Joon est excellent comme à son habitude). Ayant regardé la série bien après tout le monde, je craignais beaucoup d'être déçu mais pour une fois ça n'a pas été le cas.ATTENTION : cette série ne s'adresse pas aux enfants voire adolescents. Il y a des scènes très graphiques et l'ambiance est vraiment lourde et morbide. Je vous encourage à bien respecter l'interdiction de 16 ans en France."
,"0,5",,"Je suis extrêmement déçue de cette saison 2. Les épisodes sont longs et ennuyeux, rien avoir avec la première..."
,"0,5",,"Très déçu de la saison 2, histoire répétitive, les nouveaux personnages sont sans intérêt et lourd ( 
spoiler: 
rappeur, le fils avec sa maman, la chaman et d'autres 
 ) excepté le joueur numéro 0 0 1 mais on ne connaît pas encore son double jeu, bref c'est raté"
,"2,0",,Vraiment pas terrible des dialogues et des scènes longues pas hyper réaliste… fin nul on s’y attendait … déçu
,"0,5",,"Le réalisateur a lui-même exprimé sa déception de voir que le succès de sa série reposait essentiellement sur l appétit morbide des spectateurs pour la violence alors que son objectif premier était de faire une satire de notre société et de dénoncer la perte de notre humanité.. A qui la faute.. au réalisateur et à sa mise en scène ultra violente ? ou au spectateur qui a appris en 30 ans à ne plus se choquer de rien..!? Est ce que la mise en scène est de qualité ? Peut-être mais DÉSOLÉ je ne cautionne pas une succession de mises à mort toutes plus sanglantes les unes que les autres, des exécutions en série brutales et de la torture sous prétexte que les telps ont changé. Nous vivons certe l ère de la banalisation de la violence. Mais est ce une évolution ? pourquoi les series les plus regardées sont aussi les plus violentes..? qu est ce que cela nous apprend ? que le tissu des valeurs morales de notre société se désagrège. déçu et en colèreBizz"
,"1,0",,"Une idée, neuf épisodes : le scénario est très faible, l'interprétation est faible, la réalisation est tout juste correcte. Mais il ne faut pas voir là dedans autre chose qu'un mauvais film d'horreur étiré sur la longueur. Inutile d'en tirer des conclusions sur la mentalité et l'absence de moralité d'une jeunesse mondiale qui joue 30 heures par semaines à ""Call of duty"", ""Fortnite"" ou ""PUBG"", pour qui les ""autres"" ne sont que des adversaires à éliminer. La mort n'est qu'un jeu."
,"0,5",,"Série fade, sans intérêt. Tout es déjà convenu à l'avance. Une série ""américaine"" à la sauce ""sud coréenne""."
,"5,0",,"Juste ""INCROYABLE "" cette série nous tient en haleine du début à la fin.  La série gagne en intensité à chaque épisode. La tension lors des jeux est hyper bien retranscrite, on ressent toute la peur des personnage. Visuellement, c'est beau, les décors sont nombreux et variés. Le contraste entre le côté un peu enfantin des décors et leurs utilisations fait qu'on arrive à être stressé et oppressé en meme temps que les personnages.  On ne  voit absolument pas le temps passer. Les personnages sont bien travaillés, ils nous offrent parfois de beaux moments d'émotions ( moment des billes) . Il y a même une moralité par rapport à nos actions dans  la vie ... j'espère juste qu'il y aura une saison 2."
,"1,0",,"Je ne comprends vraiment pas l'engouement au tour de cette série. Elle n'a aucun intérêt si ce n'est la violence gratuite. Tout est prévisible, les personnages ne sont vraiment pas intéressants, il n'y a pas d'histoire à suivre, c'est juste des jeux débiles et les effets sont à mourir de rire.. Et la fin lol"
,"4,0",,"Pour le moment  je n'ai vu que les 3 premiers épisodes. 456 personnes, tous vivant a priori dans une certaine précarité ou du moins sur le fil du rasoir participent, à un jeu ou plutôt à une série de jeux (ceux auxquels nous jouions lorsque nous étions enfant). Les gagnants remporteront une grosse somme d'argent  en tout cas suffisamment pour  rembourser pour leurs dettes. On suit donc quelques participants  dont Gi-hun, 47 ans, divorcé, sans travail,  endetté, vivant sur le dos de sa mère malade et ne pouvant même pas offrir un cadeaux  d'anniversaire à sa fille ( enfin si mais c'est affligeant,  si vous regardez  le 1er épisode vous verrez à quel point).Ce dont ne se doutent pas les participants et donc Gi-hun c'est que les jeux auxquels ils vont participer sont des jeux de massacre. Le 1er épisode dans sa première partie met donc en place l' histoire en insistant bien (voir trop) sur le côté looser, égoïste, bête, etc du personnage principal. La seconde partie du premier épisode est très réussie et donc donne le ton : le réveil, les règles du jeux qui sont simples mais mal interprétées par les joueurs : si vous perdez vous êtes éliminés. Jusque là ça aurait pu être normal sauf qu' éliminés signifie vous serez tués. Et un simple jeu comme 1,2,3 soleil devient un vrai parcours de la mort.Le deuxième épisode est intéressant, il amène les personnages principaux  à s' intéresser à  la direction qu ' a pris leur existence et ce qu ' ils seraient prêt  à  faire pour l'améliorer, et donc à ce qu ils seraient prêt à faire pour gagner de l'argent. Et bien mettre sa vie en danger, mourir peut être et donc jouer à un jeu de massacre. Et une fois qu' il est convenu que ce chemin est le seul chemin pour eux, l' histoire est vraiment lancée.C' est bien réalisé,  les acteurs sont bons, le concept super intéressant et donc en fait une série qui vaut le détour. Pour le moment c'est  un 4 étoiles pour moi. En espérant ne pas baisser la note à  l' issu du 9ème épisode !"
,"4,5",,"Un peu long a partir , mais ensuite ça déménage. Une adaptation aux mentalités de l’époque sur la deuxième série . A croire que les coréens sont franchouillard "
,"5,0",,"In-croy-able! Série très prenante, sanglante, bien pensé, et les acteurs joue très bien. Les costumes ainsi que les décors sont captivants! À découvrir"
,"4,5",,"Je suis passée par toutes les émotions et je pense que ça suffit à dire que cette série décalée à la sauce coréenne nous embarque dans son univers , sa morale , son humour et son angoisse ... Bonne idée et des acteurs qui savent nous embarquer ... À voir sans modération"
,"5,0",,"Une saison 2 très agréable à regarder, effectivement, dans la découverte de la première saison, nous avons forcément des attentes plus grandes, le réalisateur lui même n'avait pas prévu une saison 2, mais a quand même relevé défi et a su malgré quelques erreurs, nous divertir une nouvelle fois avec cette nouvelle saison, merci à Netflix et à l'équipe de réalisation ! "
,"5,0",,"Ayant entendu parler dans les quatre coins du monde de cette série, il est impossible de la louper à moins d'être vraiment une ermite coupée du monde. Après avoir vu la série, je suis totalement satisfait de ce fantastique drama de survie coréen, et je suis entièrement fan de l'incroyable travail qui a été produit pour réaliser une oeuvre d'une telle ambition. Tout d'abord je suis très admiratif du côté des personnages, qui sont tous jusqu'au bout réfléchi et originaux et les jeux d'acteurs sont, disons-le, coupe-souffle puisque ils permettent une introduction dans l'histoire considérable, et rien que le concept de ces jeux d'enfants est d'une originalité hors-normes et chaque épreuve de la série possèdent une maîtrise du suspense et d'une tension digne d'un film de Hitchcock (l'épreuve des verres est tout simplement fantastique d'ingéniosité dans la mise en scène). Les costumes et les décors peuvent aussi être mentionnés si l'on parle d'originalité, et tous les épisodes nous plongeront de plus en plus dans l'histoire, grâce a toutes les émotions et sensations dégagées que nous ressentons jusqu'à la toute fin totalement fabuleuse, avec son twist final mais aussi son intrigue ouverte, plutôt mystérieuse, qui, quant à elle, nous mettra un peu sur notre faim puisque le réalisateur n'a pas prévu de saison 2 donc c'est archi frustrant, mais je montre néanmoins mon entier respect face à une série si travaillée et fabuleuse, qui mérite entièrement son succès. 4/5"
,"1,0",,"Mais quelle purge... comment peut-on apprécier cette série?Fan de cinéma et séries asiatiques, ils se sont vraiment pas foulés.Pompé sur Battle Royale dans le concept 
spoiler: 
de purger la société en faisant s'entretuer les ""déchets""
, long, ennuyeux... Et prévisible à des kilometres 
spoiler: 
que ce soit l'agent frère du flic ou le vieux qui a un rôle bien plus important c'était tellement évident
. Les personnages sont clichés au possible, le perso principal est le cliché de l'idiot qui n'assume rien et incapable de prendre des décisions et qui s'embourbe dans les problèmes tout en continuant de ramper comme un cloporte, c'est un problème dans les séries/films asiatique ça...Je me suis rarement autant ennuyé devant une série depuis des années!"
,"5,0",,"J'aime le cinéma Coréen depuis un petit moment maintenant, il faut donc ajouté la série dorénavant. Avant toute chose, j'ai tout fait pour faire durée ce visionnage, j'ai espacé les épisodes au possible pour vraiment la savourer tellement je ne voulais pas que cela se termine. J'ai bien fait, le final est le même ... Squid Game se pose là ou il faut, que se soit dans son regard d'ensemble comme dans le ton avec lequel elle traite l'histoire qu'elle façonne. Entre rires et larmes, ont reconnais tout le talent el la culture génial qui se niche dans cette somptueuse création Netflix. Cette dernière à en stock quelques pépites mais je crois que rien jusqu'ici hormis Mindhunter ne m'avais autant captivé. Niveau scénario, une bombe. Edifiant et somptueux. Je n'ai que des éloges. Qui plus est les personnages sont vraiment à la bonne hauteur. Le traitement lumière / térèbre chez tout un chacun est recherché et trouvé chez une grande partie de ces derniers. Enfin pas totalement mais le temps est trop cours pour faire mieux. Le seul problème est que Squid Game s'achemine trop vite. Oui, j'en redemande et vite !"
,"3,5",,"3,5/5 Bien. Cette saison a des points négatifs : 2 premiers épisodes un peu long pour la mise en place de cette nouvelle intrigue, peu intéressants. Et une fin qui n'en est pas une donc il va falloir attendre la suite. Ensuite, un bémol sur un retournement de situation prévisible (coucou joueur numéro 001). Enfin, des points positifs : l'acteur principal a gagné en charisme suite à sa première victoire, les jeux varient même s'ils ne sont pas aussi ""funs"" que les premiers (le dernier jeu entier est une simple tuerie) et cela change un peu en rendant la chose plus intéressante à regarder qu'un bis repetita. Pour finir, le gros point positif : le scénario. L'idée développée ici avec le retour de l'ancien gagnant apporte un vrai retournement et creuse l'intrigue en profondeur. L'organisation derrière ces jeux a l'air assez tentaculaire avec des alliés dans tous les services existants (certains seront surprenants, d'autres moins). Cela reste tout de même une saison de transition, maintenant le niveau, et toute la qualité globale du scénario dépendra de sa finalité à venir dans la (ou les) prochaines saisons. Espérons que ce soit au niveau, c'est prometteur pour le moment... Bien."
,"3,5",,"Cette 2e saison intrigue mais laisse sur sa faim. Malgré des moments forts, elle souffre de lenteurs et se termine sur un cliffhanger, empêchant une conclusion satisfaisante. Prometteuse sur plein d'aspect, mais incomplète sans la saison 3."
,"5,0",,"Gros gros coup de cœur !Série très prenante et addictive qui monte en puissance à chaque épisode. A mes yeux, une des meilleures sortie de 2021."
,"5,0",,"Je ne comprends pas les réactions négatives concernant cette suite. Le réalisateur a bien dit que la saison 2 ne serait que la première partie d'une grande comprenant la troisième. Ce n'est donc pas étonnant que la saison 2 ne comporte que 2 jeux. Et encore, ce n'est vraiment pas un problème. Cette fois, le scénario est bien plus poussé, la tension y est permanente. Certes, les 2 premiers épisodes mettent en place l'intrigue mais c'est normal. Ce que j'aime particulièrement dans cette saison, c'est l'aspect humoristique qui n'était pas dans la saison 2. Le héros est aussi beaucoup plus sombre, il sait ce qu'il veut et on est avec lui. Si vous voulez regarder cette suite, voyez-la comme une partie et non comme un tout, votre regard en sera nécessairement différent. En tout cas, de notre côté, nous nous sommes régalés, c'est une suite pleine de dynamisme et d'efficacité."
,"4,5",,"Toujours aussi captivante, innovante, violente et un mot excellente. Cette seconde saison tant attendue répond aux attentes des très nombreux fans. C'est tout ce que l'on demandait."
,"2,5",,"Après avoir vu de nombreuses critiques positives, j'ai regardé cette saison 1 de squid game, et j'ai été vraiment déçu. Ça aurait pu faire un bon film je pense, mais cette série est vraiment très moyenne. Les jeux d'acteurs sont bons, mais les personnages ne sont pas très intéressants(pour la plupart). L'idée de base est bonne, mais tout est rallongé pour en faire une série, et tout est assez prévisible. Certains épisodes sont très réussis par contre, notamment l'épisode 6. Mais pour le reste, c'est assez frustrant. La série semble essayer de te faire réfléchir, sauf qu'elle te prend vraiment pour un con et essaye te faire les réflexions à ta place. Les flash-blacks notamment, sur ce qu'il s'est passé 20 minutes avant ou sur l'épisode d'avant, sont scandaleux. Empêcher le spectateur de faire ses propres réflexions pour comprendre pourquoi un personnage fait ça, c'est vraiment assumer de prendre ses spectateurs pour des idiots, et ça m'énerve beaucoup, surtout sur ce genre d'œuvres.C'est donc assez moyen, mais ça se regarde."
,"1,0",,"Scénario indigent, acteurs très mauvais, mise en scène molle et convenue. Que dire de plus  sur cette série à oublier instantanément et qui semble destinée aux ados fans de jeux violents.Netflix est vraiment capable du pire pour faire de l'audience et justifier ses augmentations de tarif auprès des plus crédules !"
,"2,0",,"Je n'écris que très rarement mais pour le coup c'est nécessaire.Autant de ""Foin"" médiatique après 3 ans d'attente d'une suite de la S1 excellente : et tout cela pour nous pondre une DEMI S2 (genre on va l'attendre l'autre moitié...) et qui plus est à 80% quasi identique à la S1 !!!Je dis foutage de gueule !..."
,"5,0",,En plus d'être une série extrêmement soigné squid game impressionne par la qualité de ses acteurs et de son scénario ainsi que des multiples rebondissements.  Mais ce que j'ai le plus aimé c'est l'évolution des 2 personnages antagonistes principaux à la foi amis et ennemis que l'on retrouve tout le long de la série.L'intelligence froide contre l'émotion humaine que l'on retrouve tout le long de la série est incroyablement bien travaillé avec un final qui se termine en apothéose.  Chapeau à la Corée du sud qui nous offre une série intelligente.Chaque personnages à ses forces et ses faiblesses et sont le miroir de notre société.Si vous ne regarderez pas squid game vous raterez une excellente série soignée intelligente sociologique et philosophique.
,"2,0",,"Une série que je trouvais plutôt agréable au début me rappelant Alice in Borderland que j’avais adoré mais plus les épisodes sont passés, plus je perdais de l’intérêt. Très lent, on n’apprend pas grand chose. Certains jeux d’acteurs sont excellents, d’autres frisent le ridicule (je pense à la personne âgée de la série). J’ai fini avec difficulté la série, si vous n’avez rien d’autre pourquoi pas mais vraiment pas la série de l’année."
,"2,0",,On raconte alors qu'il n'y a plus à raconter. Personnage inintéressants. Déçue de la saison 2 après 3 ans d'attente.
,"5,0",,"Excellent jeu d'acteur. Super musiques. Une variété dans les épisodes assez surprenante avec de nombreux rebondissements. Je lis pas mal de personnes sur les réseaux sociaux disant que ""c pa si ouf"" mais honnêtement la qualité est clairement présente. Il faut arrêter avec ce genre de bashing dès que quelque chose devient populaire."
,"2,5",,"Après avoir essayer une premiere fois et ne pas avoir accroché du tout.Je me suis laissé tenter une seconde fois suite à l’énorme buzz que cette série avait provoqué.La série a quelques points positifs notamment au niveau de la mise en scène de l’image des couleurs et du message véhiculé par rapport à l’appât du gain.Mais à part ça cette série est du grand n’importe quoi, très violente, et assez brouillon à la fin.Sincèrement lorsque j’ai fini de la regarder je me suis clairement demandé poser des questions sur la santé mentale des téléspectateurs qui ne jure que par cette série, et ça m’a rendu encore plus triste lorsque j’ai vu les critiques de personnes qui était capable de mettre 5 ou 4 étoiles à cette série, enfin voilà cela reflète bien l’état de la France actuelle pauvre et désespéré.."
,"2,5",,"Après avoir essayer une premiere fois et ne pas avoir accroché du tout.Je me suis laissé tenter une seconde fois suite à l’énorme buzz que cette série avait provoqué.La série a quelques points positifs notamment au niveau de la mise en scène de l’image des couleurs et du message véhiculé par rapport à l’appât du gain.Mais à part ça cette série est du grand n’importe quoi, très violente, et assez brouillon à la fin.Sincèrement lorsque j’ai fini de la regarder je me suis clairement demandé poser des questions sur la santé mentale des téléspectateurs qui ne jure que par cette série, et ça m’a rendu encore plus triste lorsque j’ai vu les critiques de personnes qui était capable de mettre 5 ou 4 étoiles à cette série, enfin voilà cela reflète bien l’état de la France actuelle pauvre et désespéré.."
,"0,5",,"On se demande si ça n'est pas un canular, tellement c'est d'une nullité. Acteurs nullissimes,scénario déplorable, gore,aucun humour, comment peut-on comparer avec la Casa del Papel ?!..."
,"4,5",,J’ai adoré cette saison 2. Justement beaucoup de gens sont déçus der ils s’attendaient à ce qu’elle ressemble à la première mais ici l’arc narratif est tout autre. En effet on voit moins de jeux mais c’est une analyse psychosociale ultra intéressante.En ce qui me concerne le suspens a complètement fonctionné et je dois dire que c’est une belle réussite. La série part dans une toute autre direction c’est vraiment bien pensé.J’ai vraiment hâte que la saison 3 arrive pour connaître la suite de l’histoire.
,"0,5",,"Aucun intérêt, idée originale au demeurant mais ce jeu d'acteur. Tous les goûts sont permis mais de là à mettre 5 étoiles.Je me demande au final si tous les commentaires, toutes les critiques ne sont pas faire par la com.Du sang pour du sang."
,"2,5",,"Une seconde saison pour une série Netflix qui ne tient aucune promesse et est inégale? Comme une triste impression de déjà-vu. L'intrigue, on la connaît. Les jeux sont changés pour cette itération (sauf : un, deux, trois, soleil). Elle n'en reste pas moins la preuve qu'un succès n'est pas lorsqu'il est fait non sans le cœur mais pour le porte-monnaie. Assez déçu, comme vous l'aurez compris. Cependant, pour un peu plus de 7h de contenu. Vous passerez de bonnes soirées avec vos proches. Sang à l'écran. Déconseiller au fana du cinéma."
,"4,0",,"J'avoue que j'ai du mal à comprendre certaines critiques.Certes, il y a des moments où cela tire en longueur. On verra la saison 3, mais je pense qu'il aurait mieux value regrouper les deux saisons en 10-12 épisodes.Mais sur le reste, je trouve que tout y ai. Des moments de surprises, des moments qui le sont moins (mais c'est une volonté du réalisateur). Les musiques sont prenantes. Et je trouve cette saison plus profonde que la premiere.Et quand je lis des critiques du genre : 
spoiler: 
le heros aurait pu partager son argent et tout le monde serait sorti"", bah vous n'avez juste pas compris. Le heros ne veut pas sauver les gens présent, il veut détruire le jeu. Et ce n'est pas en sauvant quelques personnes qui accepteront de témoigner que cela va changer quoi que ce soit. On rentre dans une problématique bien plus complexe
Bref, sinon je trouve que cette serie reprend bien les codes de la premiere saison tout en s'éloignant un peu.Bien sur c'est le gout de chacun, vous avez le droit de ne pas avoir aimé. Vous avez le droit d'être déçu en vous attendant à autre chose. Mais si vous avez regardé la serie en 2 jours, j'en déduis que cela vous à au moins un peu captivé? Cela ne mérite donc pas 0,5 étoile.En conclusion, attendez vous à quelques moments qui tires en longueur. Mais cette saison vos tout de même bien le coup"
,"1,0",,"J'ai du mal à comprendre le succès de cette série. Les épisodes sont plus pénibles les uns que les autres, ces jeux sont intolérables. Comment apprécier autant de sang qui gicle, de violences, de trahisons, ce manque d'humanité ?? Les personnages sont caricaturaux ou sans' interêt. L'histoire se veut provocante et tente de plaquer des retournements de situation qui sonnent faux. Tout est malaisant et malsain. J'ai péniblement regardé les 9 épisodes en espérant que la fin m'aiderait à comprendre leurs succès. Mais en vain. La fin est tout aussi creuse que le reste."
,"2,5",,"On en parle de la fin ? Elle est vachement nul cette fin ! Le mec vie les pires choses au monde ! Il n a pas revu sa fille depuis des mois et d'un coup, il veut y retourné ? ALLLOOOOOOOOOOO ! Il a vu 455 personnes mourires. La serie ce déroulé trop bien jusqu'au 10 dernières minutes ! 
spoiler:"
,"0,5",,"Par où commencer, un jeu d'acteur minable. Ils jouent comme pour une série destinée aux enfants alors que normalement celle-ci n'est pas destinée à ceux-ci. Nous comprenons tout de même à qu'ils ciblent un public jeune. Une histoire complètement nul. J'ai été jusqu'au bout afin de pouvoir juger.J'ai peut-être un mauvais avis sur le jeu des acteurs étant donné que c'est une production coréenne?Les uniformes rouges sont bien inspirés de la casa del papel.En parlant de casa del papel, j'avais lu que Squid Game allait dépasser celle-ci. SVP ne pas comparer la série "" Casa del papel"" qui a surpris par son originalité etc... Ici ""Squid Game"" ne surprend en rien"
,"2,0",,"Squid Game est une série comprenant beaucoup de messages codés dans le fond mais je ne parlerai ici que de la forme,C'est tout simplement une saison 1.5 avec des personnages moins charismatiques dans l'ensemble, des jeux toujours efficaces mais moins nombreux, des dialogues toujours aussi nuls et des scènes toujours aussi peu crédibles.
spoiler: 
L'arrivé du Maitre des jeux au sein des joueurs et de notre centre d'attention est une bonne surprise mais cela n'approfondi pas véritablement l'histoire pour le moment, hélas."
,"3,5",,"Après les deux premiers épisodes nous en apprenant un peu plus sur certains protagonistes, le troisième fait peur car on a cru que ça serait ensuite un copier/coller de la première saison. Mais non, dès le quatrième segment, les enjeux basculent à nouveaux pour nous proposer un peu de nouveauté même si on est tout de même un peu moins surpris par qui survit aux épreuves et comment se comportent certains personnages. C'est peut-être moins original, mais c'est toujours aussi bien rythmé et je visionnerai évidemment la suite ne devant pas tarder à venir au vu du super cliffhanger de cette saison 2 !"
,"0,5",,"Vide scénaristique inspiré uniquement par du déjà-vu, que ce soit par le scénario à la hunger game, les costumes à la Casa de papel... On met le tout en Corée et on rajoute une île inconnue à la Lost et c'est bon, on a le décor ! Apparemment ça a l'air de marcher alors en même temps pourquoi s'en priver à en faire de la thune ?! Emotion 0 malgré les nombreuses morts et malgré la pauvreté que l'on nous montre, de même pour le ""gore"" pas si gore que ça d'ailleurs. Série vide. Faut dire que les personnages n'aident pas... Seul leur bêtise omniprésente m'a rendu 'un peu' émotif : on en rirait presque. Enfin les ""jeux"" en question sont évidemment nullement recherchés, bien au contraire... fallait probablement que ça touche un maximum de public, que tout le monde puisse comprendre. Moi, ce que je ne comprends pas, c'est plutôt l'engouement présumé de cette série. Probablement et uniquement lié à de la com' à foison, car cette série est simplement le degré 0 de l'émotion que ce soit pitié, peur, curiosité, ou autre. Bref, aucun intérêt."
,"1,5",,"Attention Jean-Michel fan de K-pop, ça va faire mal. Attention ado de 15 ans dont la série préférée est la Casa de Papel, ça va briser des genoux. Les bons points : _ Les jeux d'enfants peuvent être une bonne idée quand bien pensés. _ Quelques jeux d'acteurs vraiment convaincants!_ Des plans vraiment sympas parfois (je pense notamment au plan aérien du bateau de nuit qui emmène les joueurs à l'île, superbe dans sa simplicité et lumière)._ L'esthétique tantôt superbe, mais parfois c'est un peu trop. 
spoiler: 

Mais aïe : 
_ Le réalisateur est complètement mégalo et se prend pour une sorte de Daviyong Lynché. Absence de réponses ne signifie pas mystère... Les cheveux rouges, hein ?!?! Le frère du flic, le gros twist?! Raté. Non. 
_ Les épisodes se tirent en longueuuuuuur, et je n'ai ressenti aucun suspense, aucun stress, juste de l'ennui.
_ Tout est prévisible et gros comme une maison. Les persos principaux s'en sortent toujours à un fil, forcément, ça devient même lourdingue. Vous avez déjà vu le film 2012 ? C'est un phasme à côté de cet éléphant de série.
_ A partir de l'épisode 7 c'est atroce, le jeu des VIP est à pleurer, grossier, complètement à côté. C'est kitsch et sans intérêt. Je me suis senti mal à l'aise sérieusement. Heureusement qu'ils ont gardé leurs masques pour leur carrières sur le grand et petit écran (ou pas).
_ Tout est un gros cliché : le seul mec paki est forcément un sans-papier, la seule fille de corée du nord est forcément mi dure à cuire mi victime persécutée, le gros dur a forcément un tatouage sur la face ... 
_ On dirait une grosse satire de la société coréenne : place de la femme minable, absence de mixité sociale, vénalité sans limites. Sauf que le hic c'est que ce n'est pas une satire. Juste du vomi. 
_ Que de situations impossibles ou de facilités scénaristiques grossières : le flic qui a un téléphone qui tient la batterie une semaine, qui trouve une petite pochette étanche comme par hasard, les tirs d'arme à feu qui ne traversent jamais les participants (a.k.a jeu n°1), le bout de verre qui explose dans le dos de la coréenne du nord et qui se plante dans son ventre ... Et surtout la situation : quid des gens disparus ? Des gens qui ne retournent pas dans le jeu ? C'est trop facile.
_ Le gore pour faire du gore, qui n'avait pas sa place ici. Le sang fait fake, les effusions sont abusées, bref...

En bref : Une bonne bouse qui fait honte au grand cinéma coréen et qui avait beaucoup de potentiel. En 2021 le bon goût s'est perdu (ou pendu, je ne sais pas), ne reste que les troupeaux de spectateurs naïfs qui jugent une œuvre au bruit qu'elle fait sur la toile. Plus la carotte est grosse, plus ça passe."
,"5,0",,"Excellente suite, qui arrive à rester dans le jus de la saison 1 tout en proposant quelque chose de différent. Le réalisateur est un génie la saison 1 le laisser penser la saison 2 le confirme. Il se moque du spectateur, de ses attentes, et l'amène exactement là où il le souhaite. Il faut absolument suivre la suite de son travail ça promet de grand moment de cinéma. Cette série est autrement plus qualitative que la majorité des films qu'on nous propose au cinéma et ce sur tous les points.La réalisation et la direction artistique sont à nouveau irréprochables, l intrigue est excellente, logique et dans la continuité de la saison 1, les acteurs sont remarquables et charismatiques. Leur personnages sont écrits de manière non manichéennes et les musiques son brillamment choisi et calibré pour coller à chaque situation.Même l'ambiance générale qui passe de Dark à plus ""joyeuse"" a été un choix brillant et qui suit directement la fin de la saison 1. Après nous avoir démontrer les dérives du capitalisme le réalisateur nous place maintenant devant cet espoir de changement qui se traduit par l'entraide. 
spoiler: 
En ajoutant à ça l'histoire de l'homme à la mallette, celle de la fille qui travaille pour le jeu, de nouveaux paysages comme l ocean ou les rues de Séoul, l'histoire du mafieux ou du policier ou encore meme celle de son frère manipulateur maître du jeux, cette saison 2 devient extrêmement complète
Seul bémol, il n y a que 7 épisodes et ça passe très vite ! J imagine que la saison était trop longue et a donc été coupée en 2 (en les appelant saison 2 et 3). Et puis ça fera des sous à netflix ! (Ironique d ailleur de voir tout le marketing autour d une série ""anticapitaliste"")Hâte donc de voir la saison 3 pour connaître la fin de l histoire et surtout pour savoir où le réal va nous amener. Des que c est fini je me prend le coffret complet direct !"
,"1,5",,"J'ai regardé la série suite au battage médiatique dont elle a bénéficié. Battage pas du tout mérité. Elle est certes original car elle exploite des jeux d'enfants pour les tourner en jeux mortels et montre à quels points les personnes peuvent aller pour des problèmes d'argent. Mais c'est tout. La série commence bien mais le premier problème de la série saute vite aux yeux: le personnage principal n'est pas intéressant. La situation est suffisamment développée mais dès le second épisode, on a une rupture de rythme qui dure bien trop longtemps. La série démarre vraiment au troisième épisode pour rester focalisée sur les jeux mais les problèmes se succèdent. Les situations sont prévisibles, on comprend rapidement que le vieux est spécial, on peut deviner qui va mourir, les jeux manquent d'intérêt petit à petit (l'épreuve des vitres est d'ailleurs loupée) et l'intrigue avec le policier n'apporte pas grand chose (peut-être pour la seconde saison). Un autre signe du manque de maîtrise des auteurs: l'avant dernier épisode qui dure deux fois moins longtemps que tout le reste des épisodes. La conclusion de la saison est quant à elle complètement loupée. Les révélations sur l'intrigue sont bancales et le héros qui se prend pour quelqu'un d'exceptionnel qui va tout démanteler alors qu'il a eu de la chance tout le long finit d'achever une première saison péniblement menée."
,"1,5",,"j'ai moyennement aimé, car j'ai tout vu venir à des kilomètres, même le vieux. aucune surprise pour moi, du coup série bof à mes yeux, trop prévisible"
,"5,0",,"Une série brillante, qui dérange et qui interroge, mais qu'il faut replacer dans le contexte de la Corée du Sud, à savoir le deuxième pays au monde où la dette des ménages est la plus haute (après la Chine), le prix de l'immobilier très élevé, une grande inégalité dans la répartition des richesses liée avec une pression sociale très forte pour avoir une image au top... Bref, la série dénonce une exploitation de la misère humaine de manière brillante avec beaucoup de trouvailles visuelles, d'excellent acteurs et des décors au top. A chaudement recommander, mais à ne pas regarder si on est un tantinet dépressif..."
,"1,5",,"L'impression de voir des épisodes de ""X-Or"" ou ""Bioman"" dans le jeu d'acteur (c'est typique des asiatiques cette façon de jouer, donc...) mais dans une version + trash en assassinant les joueurs. Le grand méchant assis dans son fauteuil qui regarde les épreuves sur son écran géant sans que l'on puisse voir son visage (là c'est l'anime de ""Inspecteur Gadget"" lol...). Le scénario est original mais très mal transposé à l'écran. C'est vraiment mauvais..."
,"5,0",,"Les asiatiques (Japon, Corée du Sud) ont cette capacité formidable à dépeindre dans leurs fictions la misère humaine comme personne. C'est original, prenant, émouvant, surprenant, triste, drôle, ... Tout est là pour passer de bons moments avec cette série."
,"0,5",,"Et bien je ne croyais pas créer un compte sur allociné un jour, mais en lisant les avis des gens et après avoir perdu 9h de ma vie je suis dans l'obligation de réagir. Cette série est mauvaise, (malgré une super idée de scénario). L'acteur principal a du être choisi dans la rue car tu ne peux pas jouer plus mal. Oubliez la musique d'ambiance, ils ont du garder le budget pour les effets spéciaux, ou le décors. Bon plus t'avance, plus tu comprends qu'il n'y a pas eu d'effort tout simplement (ou pas de budget), d'ailleurs c'est loin d'être gore ou dérangeant...le plus hard est de voir les 9 épisodes sans se couper les veines. J'offre le coffret de la saison 1 à la personne qui a réussi à verser une larme pour un personnage. On ne va pas parler de tout ce qui est mal fait ou qui n'a pas de sens car je n'ai pas envie d'écrire mon premier bouquin. Je pense que cette série est bien trop surestimée, dans le même genre, la serie Alice in borderland est bien plus prénante (et réussie)."
,"5,0",,"J'avais très peur que la suite soit décevante. Mais ce n'est pas trop le cas, certe il y a des incohérence, des scènes trop longues pour ce qu'elle apporte. Mais c'est tout de même une bonne saison avec des rebondissements, des trahison, ect.. Et que dire de l'épisode 7 qui est un 
spoiler: 
retournement de situation 
 . Il est dommage que la saison n'est pas était abouti et que elle nous laisse sur un tas de questions. Maintenant il y a plus qu'à attendre la saison 3 qui conclura squid game."
,"0,5",,"HONTE!!!!Très dangereux pour notre jeunesse.Comment voulez vous que nos enfant aillent bien avec ce genre de film ,et après on s étonne que notre jeunesse dérive???Mais pourquoi autant d'acharnement à vouloir toujours et encore procurer cette sensation mortifère malsaine de malaises sur nos enfants?NON ET NON ET NON !Luttons nous tous adultes vers cette dérive totale."
,"1,5",,"Franchement déçus et encore plus en lisant les autres critiques.Soyons honnêtes vous cherchez une série qui met en scène un battle royal elle est sans doute pour vous, mais si vous avez déjà vue des histoires de battle royal comme Hunger Games ou BattleRoyal justement, aucune surprise ici, aucune volonté semble-t-il d'apporter un regard nouveau sur le genre ou même de raconter une histoire originale, celle-ci est cousu de fils blancs et ne vous surprendra que rarement et sur des points mineurs du scénario.Le plus gros problème selon moi, cette histoire est incohérente et invraisemblable. Vous connaissez la suspension consentit de l'incrédulité ? Car cette série pas apparemment, beaucoup trop de contexte sont d'une absurdité folle qui invaliderai tout ce qui se passe sur cette île en 5 minutes. Chaque épisode me faisait de plus en lus sortir de la série à force d'incohérence ou d'explication beaucoup trop bancale pour être crédible.Je le concède les acteurs sont pour la plupart excellents et les dialogues également, mais voir une vrai personne évoluer dans un univers totalement incohérent sans se poser aucune question est encore plus absurde malheureusement...En bref vous souhaitez une histoire bateau qui semble n'être qu'un prétexte pour des scènes de jeux gore, allez-y c'est sans doute pour vous, mais ce n'était pas pour moi en tout cas."
,"5,0",,"Cette série se consomme comme un grand cru ou une bouteille de whisky haut de gamme : avec passion et modération car c'est intense. L'image semble peut être pompeuse, mais ce drame coréen est vraiment du haut de gamme.Tout est haut de gamme : A commencer par le concept du jeu (que je ne spoilerais pas ici) qui donne matière à de nombreux sujets de réflexion = le libre-arbitre, l'appât du gain, la solidarité ou non en fonction des valeurs de chacun et/ou des gains potentiels des joueurs, la société de contrôle ou ""BIG BORTHER"" incarnée par les organisateurs du jeu (tout rapprochement ou critique à l'égard de certains modèles politiques dans les sociétés asiatiques actuelles n'étant selon moi en tous cas, pas fortuit). La mise en scène est précise et intelligente, les personnages attachants, même lorsqu'ils sont infectes (tous les personnages sont géniaux ou presque), une bande son excellente, des situations improbables, cruelles, tantôt tristes, drôles, ou désespérantes. Quant au déroulement des actions, il nous maintient en haleine sévèrement jusqu'au dernier épisode car rien ou presque dans cette série n'est prévisible. Il y a particulièrement un effort pour les costumes et les décors, tout est fait pour que l'aspect esthétique et visuel de la série soit à son maximum...Bref, n'hésitez pas et vivement la saison 2."
,"2,5",,"Unpopular opinion : série en proie à une popularité extraordinaire depuis sa sortie il y a peu sur Netflix. Par pur curiosité je me suis lancé dans le visionnage des 9 épisodes qui composent cette saison 1. Je n'ai rien trouvé d'assez fou pour expliquer cet engouement actuel. C'est loin d'être mauvais cependant, c'est bien tourné, le jeu des acteurs/actrices est bon, le scénario tient bien la route... Il y a une multitude d'éléments qui positionne cette première saison comme intéressante mais personnellement je n'ai pas été emballé plus que ça. Ce fut une découverte intéressante mais je ne poursuivrait pas la série s'il y a d'autres saisons à venir. Bien que ce ne soit pas la première fois que ce genre de scénario est proposé (participer à un jeu pour gagner de l'argent au péril de sa vie) cela reste tout de même visionable. Je peux comprendre que certains soit dingue du concept bien que cela ne soit pas mon cas mais je m'attendais tout de même à autre chose au vue de la popularité qui entour la série."
,"0,5",,"C'est nul !Une sorte de Hunger Game mal joué. C'est à la mode, notamment chez les jeunes, car l'idée semble provocatrice pour ceux qui n'ont jamais vu ce concept de jeu de la mort dans les films. Pour moi c'est ""Ah encore !"", comme pour les séries de zombies.Les acteurs sont mauvais, caricaturaux. Ca bavasse sur le sens de la vie. Comment peut on être tout sourire quand on risque sa vie ? Mention spéciale au couple de truand tout droit sorti d'un mauvais manga.Le scénario est sans aucune surprise. On sait dès le début qui va gagner, pourquoi ce jeu existe etc...J'ai eu l'impression de regarder SanKuKaï avec ses monstres en carton-pâte et ses mauvais acteurs."
,"0,5",,"Que dire de cette saison 2…La saison 1 n’était déjà pas très brillante, avec un scénario où l’on pouvait deviner l’intrigue trois épisodes à l’avance, des dialogues moyens, le tout sauvé par une réalisation correcte et de bons acteurs.Cette saison 2 n’est pas brillante non plus, elle réussit même à faire pire dans la médiocrité. Tout est bancal : on a déjà une demi-saison, car à la fin des sept épisodes, les trois quarts des intrigues n’obtiennent pas de réponses.Les dialogues sont d’une vacuité… ça bat tous les records. Le raisonnement des personnages est abyssalement mauvais et illogique.En ce qui concerne les scènes de ""choix"", même un livre pour enfants de 2 ans arrive à créer plus de suspense. Certains personnages principaux sont inutiles : si on enlève toutes leurs scènes, on se retrouve avec exactement la même chose.On voit bien qu’ils ont voulu lancer plusieurs intrigues, mais au final, aucune d’entre elles n’est aboutie.Même le rôle du double agent est bâclé, dès le premier épisode on sait comment ça va se finir.Le résultat est une série de 7 heures, où il y a 6 heures de vide pour 1 heure de contenu ""intéressant"".Le seul point positif est le jeu de certains acteurs qui, malgré des dialogues et des scènes de bas niveau, parviennent à apporter un peu de densité."
,"2,5",,"Aie Aie AieSquid Game, la série du moment, l'évènement mondial dont on parle sans cesse avec tant d'éloge.Je ne sais vraiment pas ce qu'il s'est passé... Je l'ai dévorée d'une traite à force d'en entendre que du bien, mais mon enthousiasme durant les 4 premiers épisodes s'est soudainement estompé, dilué et complètement dissous durant une 2ème partie qui perd son élan.Commençons par ce qui fait plaisir  :On n'a pas l'impression de regarder une série mais un bon film coréen. La réalisation est au top et les acteurs sont tous bon. Certes des personnages un poil trop caricaturaux 
spoiler: 
le truand méchant, l'hystérique qui nous tape sur le système, la rebelle au passé tragique
 mais ils jouent bien et le rôle principal n'est pas l'habituel super-héros, belle gueule, super-fort, super-bon - du coup on les trouve bien sympathiques ces personnages. On s'accroche à cette petite bande et on se demande bien ce qu'il va leur arriver.Cinéma (ou plutôt télévision) coréen oblige, on a de l'ultra violence (pas trop mais quand y en a, on ne fait pas les choses à moitié), un ton sérieux sans prétention,parfois des moments surréalistes à la coréenne qui contraste l'horreur et l'absurdité de la situation, et sans oublier la touche sentimentale. De bons ingrédients connus dans un concept connu (les films Saw, Cube, Hunger Games etc.) mais à la sauce coréenne, cela change du made in US pour qui n'est pas habitué.Mais alors pourquoi cette note mitigée ?L'idée de départ, mixe entre Battle royal et Saw, a le don d'attirer les foules (moi compris). Ce genre d'intrigue surprend parfois mais déçoit très souvent sauf si on est amateur du genre. Un symptôme que l'on reconnait très vite dans la longue liste de film et série Netflix qui ne manque pas de bonnes idées : Le pitch et la présentation est alléchante et intrigante pour finalement tomber dans la facilité et l'archi-connu; comme si l'idée de départ n'a pas su mûrir et se développer pour devenir un bon scénar maitrisé de bout en bout avec chaque idée trouvant sa place dans le tableau.  Illustration de ce manque d'idée:  un épisode qui tiiiiiire en longueur 
spoiler: 
-celui des billes-
, un un épisode qui dure 30 min au lieu des 50 et la révélation finale qui tombe en se dégonflant comme un gâteau raté. 
spoiler: 
-Tout ça pour ça ? Encore un vieux mourant qui n'a plus rien à perdre ?-
.La machine (le jeu, l'organisation) semble très bien huilée dans les premiers épisodes, mais petit à petit les failles se montrent et l'envers du décor casse la magie du spectacle et par la même occasion la crédibilité de la situation. 
spoiler: 
 Pour un jeu qui est organisé chaque année depuis plus de 20 ans, ils font quand même de grosses bourdes ces bonhommes, en laissant les participants aller où ils veulent et quand ils veulent
.Les jeux eux-mêmes bien que détournés de jeux d'enfants en jeux aux conséquences horrifiques, étaient juste décevants. Pourtant cela avait bien commencé: 
spoiler: 
Le jeu soleil et celui de la corde étaient bien détournés, le biscuit et les billes étaient de sommaire exécution -avec une touche dilemme psychologique je concède-, le pont était simplement un moyen d'éliminer tous les participants sauf les 3 derniers, qui étaient évidemment les 3 derniers à devoir passer, et finalement le duel final aurait pu aussi bien être un simple combat de gladiateur 
.Certains retournements de situation 
spoiler: 
-le frère, le petit vieux-
 sont justes prévisibles à des km tellement la série nous fait des coups de coude pas très subtils.Certains éléments sont juste des idées lancées et aussitôt oubliées et sans incidence sur l'intrigue principale pour l'instant: 
spoiler: 
 L'intrigue du tricheur et ses complices voleurs d'organes, clôturé, oublié / L'infiltration dans les conduits d'aération par les toilettes auxquelles il ont accès régulièrement, non exploitée / L'intrigue du policier, qui est purement personnelle, est intéressante mais n' a aucune incidence sur les autres pour l'instant 
. Une chose que j'ai trouvée absolument insupportable : 
spoiler: 
 Les VIP, ultra clichés, ultra over the top, on tombe dans le ridicule et tout cela n'apporte absolument rien à l'histoire. Dommage, on aurait pu avoir une trame qui se complexifie avec des individus masqués dont les intentions sont inconnues et qui observent de loin 
. Parfois moins c'est plus (+).En conclusion, une série qui a du bon et du moins bon. La série démarre de manière intrigante et introduit ses idées, puis, malgré les 9 épisodes, a du mal à tenir en bout de course en manque d'idée. La série coche toutes les cases pour une série à suspense avec retournement de situation et cliffhanger. Si on n'est pas pointilleux, ça marche et ça divertit et c'est fait pour ça.Une série à voir, rien que pour faire son propre avis."
,"0,5",,"Pire série que j’ai pu regarder. L’idée de base est sympa, mais le reste est vraiment horrible à voir. C’est un manga version film, avec les voix dans la tête des personnages qui parlent pendant 10 minutes sur des aspects inutiles et futiles pour la série.Je ne comprends pas comment une telle série peut dépasser les mers coréennes. Ça devrait être refuser par la loi une telle perte de temps.S’il vous plaît, arrêtez le massacre."
,"5,0",,Un chef d'd'oeuvre rien a redire tout les éléments sont là pour avoir une bonnne série dommage que c'est aussi court je pense 12 épisode aura été encore mieux
,"1,0",,"Tout ça pour ça? Après une saison 1 réussie, on attendait une suite digne... Et plouf... Si vous ne voulez pas perdre votre temps, passez votre tour."
,"5,0",,Cette série est superbe. J'adore son concept et les acteurs. J'avoue que j'en connaissais déjà quelques-uns.  J'attends une saison 2 avec impatience❤❤
,"5,0",,"Très bonne série, dans la veine des autres séries du style en y ajoutant des touches personnelles très appréciables"
,"1,0",,Vraiment trop déçu tellement d'attente pour si peu.......! Je me suis endormie devant vraiment 0 accroche !!! Prochainement Saison 3 : 4 épisodes Loool
,"5,0",,"Cette mini-série m'a embarqué et ne m'a pas lâché. Franchement essayez.- Par appétit, pour sa bande annonce et ses inspirations ""Battle royale"" qui vous donneront des scènes gores où le dilemme social peut faire basculer un groupe en 1 seconde- Par envie d'évasion, pour se confronter aux choix de vie comme dans ""Alice in Borderland"" - Par curiosité, pour être prêt à être bousculé par des leçons moins naïves que la forme pourrait le laisser croire, façon Death Note.C'était les montagnes russes, sans précédent récent pour moi. Je vous encourage à essayer. Le voyage est divertissant et déboussolant !"
,"5,0",,Excellent !! Personnage incroyable ainsi que les jeux !! Suspense tout le long de la série ! A regarder
,"5,0",,"Super deuxième saison, tout le monde voudra toujours critiquer mais je trouve que c'est une bonne suite mais évidemment il faudra savoir conclure avec des réponses dans la saison 3. Bravo"
,"5,0",,"Une série à couper le souffle.  Même si la thématique est archi connue, la forme est à la sauce coréenne et ça fait toute la différence !On en veut plus,  toujours plus mais finalement 9 épisodes c'est bien. Peut-être annonciateur d'une saison 2....je suis preneuse si même qualité "
,"1,5",,"C'est mal joué, tout est forcé, les personnages sont vraiment creux... Je me demande comment a ce niveau on peut se manquer a ce point."
,"5,0",,"l'originalité par rapport aux autres séries, c'est le visuel très coloré, le scénario surprenant et le casting. On a hâte de connaître le vainqueur"
,"1,0",,"C'est triste, sur-joué, on en vient a souhaiter la mort des personnages tant ils sont insupportables, pour le reste c'est plat et sans émotion."
,"5,0",,"Si je devais décrire cette serie en 1 seul mot cela serait ""suprenant"". Je n'ai jamais accroché au style athipique des séries coréene mais à ma grande surprise Squid Game est devenue une de mes series preferée. Cette série trés intéressante avec une histoire bien ficelée nous donne envie de toujours en voir plus et atise notre curiosité à chaque épisode. Squid game nous offre une nouvelle manière de s'interroger sur la société et la dépendance de cette dernière à l'argent. De plus elle nous permet de voir de pret la reaction de différentes personnes confrontées à une situation de survie. Pour ce qui est du jeu d'acteur je ne suis absolument pas déçus, grace à ce merveilleux casting j'ai pu pour la première fois depuis longtemps ressentir certaines émotions  comme la tristesse, l'angoisse, la colère ou encore l'exitation...Bref tout ca pour dire que je vous conseil fortement cette serie!!! "
,"2,5",,"Happé par le matraquage médiatique j'ai succombé à la vibe Squid game. Disons que je savais un peu ce que j'allais voir et franchement c'est ni pire ni mieux qu'attendu. Battle Royale à la sauce Hunger Games. Pour moi le seul intérêt consistait à voir les types d'épreuves imaginées et honnêtement ils se sont pas donnés beaucoup de mal.. Par ailleurs le cliffhanger avec 
spoiler: 
le vieux qui révèle à la fin qu'il est à la tête de tout ça et qu'il a juste voulu s'amuser est totalement grotesque. Pourquoi il aurait été prêt à crever au tir à la corde mais par contre il est épargné lors du jeu des billes, tout ça après s'être pissé dessus à cause de la fièvre causé par sa tumeur ???!
 Non mais c'est un peu n'importe quoi. Il faut quand même que ça tienne un peu la route. Je sais que le style sud-coréen n'est pas extrêmement subtil mais là on était limite dans le manga tellement tout était surjoué. Seong Gi-Hun est par moment à la limite de la débilité. La partie concernant le flic était plutôt sympa mais quand tu apprends que 
spoiler: 
ça fait plus de 20 ans qu'ils jouent à ce jeu 
et personne n'aurait fait le lien depuis lors est peu gros surtout si il arrive que 
spoiler: 
les participants décident d'arrêter à un certain point et sont effectivement relâchés et racontent à tout le monde ce qu'il s'est passé. D'ailleurs sur 100 il n'y aurait qu'un seul qui va voir la police??
 aucun recoupement avec d'autres affaires ?? Bon je m'arrête là."
,"3,5",,"Une idée très astucieuse , un scénario bien construit. Des épisodes qui s'enchaînent avec logique et sans  temps mort. De très beaux décors, une esthétique très soignée , très visuelle , un peu kitsch. Toute la créativité coréenne à l'oeuvre . Un bon suspens et un finish astucieux , en font une bonne série ."
,"4,0",,"Série addictive il en est vrai, série culte, elle l'est déjà, par contre je trouve la fin assez décevante, 4 étoiles !"
,"4,5",,"Oui, la violence et la mort sont banalisées dans cette série. Mais c'est clairement une fiction qui raconte l'histoire de personnes qui ont tout perdu et sont endettés jusqu'au cou. Du coup, c'est la mort dans la société ou la mort dans le jeu mais avec l'infime espoir d'être l'élu qui va gagner une somme d'argent incroyable. Et comme ils sont tous joueurs, il sont assez cupides de croire que ce sera eux le grand gagnant. C'est infernal mais bien pensé et très bien réalisé. Au départ, ils sont nombreux et la série mise tout sur la violence froide et rapide. Mais au fur et à mesure que le nombre de participants diminue, on commence à sympathiser avec plusieurs d'entre eux. Et là, c'est la violence psychologique qui prend le dessus. Un jeu de pouvoir guidé par l'argent et des hommes puissants cachés dans l'ombre qui réduisent l'homme à un animal. Mais au final, il y a quand même une morale à cette histoire. Comme disait le grand père : la vie est un bien précieux, ne la gâchons pas en nous plongeant dans des situations inextricables. Une excellente série que j'ai trouvé fort bien construite avec une belle progression. Un vrai suspens sans excès et de très bon acteurs. Espérons une suite car plusieurs points sont en suspens (comme le sort du policier et son contact et la position du gagnant qui semble vouloir en découdre avec les responsables)"
,"4,0",,"Seconde série coréenne que je visionne après « Vagabond » et je trouve que c'est suffisamment efficace pour que l'on ait envie d'aller au bout de l'histoire. Bien sûr, c'est très violent comme de nombreux critiques le signalent. Seulement, l'immersion fonctionne bien, le déroulement du jeu est cohérent et l'on comprend les motivations de tous ces paumés aux abois. Il pourrait y avoir une suite mais pas sûr qu'elle attire autant les spectateurs car on sait tout ce qu'il est important de savoir lors du neuvième épisode."
,"3,5",,"Même qualité que la saison1 mais aucune découpage logique en épisode ni aucune fin, c'est vraiment se moquer du monde."
,"3,5",,"Un énorme battage médiatique pour une série qui aurait pu devenir culte, et qui le deviendra sûrement mais pas pour les bonnes raisons. Squid Game apporte son lot de morts violentes sous forme de jeux colorés et très élaborés. La qualité du jeu des acteurs et l'attachement aux différents personnages constituent le grand point fort de la série, qui n'est finalement pas si ""dingue"" que ça. La réalisation est bien travaillée, avec des idées de mise en scène bien trouvées et la BO reste bien en tête, mais la fin est clairement ratée. A voir une fois pour qui accroche au cinéma sud-coréen."
,"5,0",,"Dérangeant et brillant, le scénario déroule tout une série de points de vue sur la nature humaine.L'amour, l'amitié, la fidélité, la trahison, la famille, la richesse, la pauvreté, la liberté, l'ennui, le respect, les conflits de génération, la force et même le sexe, tout est envisagé par le biais du jeu."
,"4,5",,"Difficile de ne pas adherer a la folie Squid Game. Ce n'est plus un secret, les Coreens sont des bons producteurs de films et series. Superbe ambiance, super acteurs et tout simplement superbe serie."
,"1,0",,"Tres tres mauvaise saison 2, que des trucs qui n'ont aucun sens, on s'ennuie dans un scénario qui lui non plus n'as aucun sens. Le héros a quand même rejoint, est partis, puis et revenus de son plein gré dans le jeux dans la saison 1, ca fait quand meme 2 décisions prise pour rejoindre le jeu. alors pourquoi en vouloir aux organisateur ? Cette saison ne contient aucun jeu comme la saison 1. J'avais beaucoup d'attente dans cette saison 2, j'aurais du ecouter les autres avis négatif et ne pas regarder."
,"2,0",,"Du cinéma asiatique stéréotypé, mal joué et le scénario pompé sur Battle Royale, film emblématique de la fin des années 90, japonais celui la. On s'ennuie ferme, . A regarder en avance rapide pour perdre moins de temps.  Les costumes et les masques font plutot penser aux touches de la playstation mixée avec ceux de la casa del papel.quelques belles scènes cependant. Certains épisodes trainent en longueur pour laisser place à un semblant de psychologie.On n'arrive pas à s'attacher aux personnages tellement ils sont mal écrits (même le personnage principal n'est pas attachant. Beaucoup de bruit pour rien"
,"5,0",,"Franchement, la série est monumentale. Seuls les coréens avec les japonais (battle royal) sont capables de nous sortir des histoires comme Squid Game. Eux ils ont compris comment faire des séries à la fois dramatique et incroyablement divertissants.Ils ont l'art de la narration comme le film Parasite, le premier épisode est parfaitement construit, on parle de rien pour nous plonger dans le vif du sujet et nous laisser sur la faim.C'est le genre de série qui laisse une vraie emprunte et est déjà culte"
,"5,0",,"Captivitante, innovatante, parfois drôle,  parfois dramatique, ultra violente, gore, aux décors spectaculaires et aux superbe costumes, cette série vous met une claque dans la figure sachant qu'on ne sait d'où elle vient....Netflix prouve encore qu'il est largement capable de qualité dans sa création et continue à nous étonner. A voir mais nombreuses scènes de violence."
,"2,0",,"Série dans la lignée de ce qu’on se fait en ce moment sans aucune nouveauté. Voici la formule, on prend tous les classiques de films du genre comme Battle Royale, Hunger Games, Les condamnés pour le style « Battle Royale affrontement entre joueurs et 1 gagnant à la clef,  tout se passe bien entendu sur une île à l’écart,  on ajoute à ça des émeutes entre détenus comme dans le film The Experiment, on prend des tenus et masques très fortement inspirés de la Casa de Papel pour les gardiens, des riches masqués pour matter le spectacle comme dans American Nightmare et on obtient ça ... une bonne grosse’ daube qui met du temps à se lancer, des acteurs tout sauf inspirant , qui peinent à faire passer des émotions . Le thème abordé est celui de ce que l’homme est prêt à faire pour de l’argent , du réchauffé à tous niveaux, le seul élément intéressant mais terriblement mal exploité est le policier qui infiltre le jeu et mène son enquête , mais ça n’apporte rien à l’histoire. Les épreuves sont par contre impressionnantes et on a le droit à de Beaux plans et de belles’ images , mais très clairement ça s’arrête là."
,"0,5",,"La trame avait du potentiel, malgré des personnages assez clichés (à part 456 et 001). Deux points extrêmement décevants : - Le monde ""extérieur"" n'est décrit que tel qu'un monde d'argent où lorsqu'on y est pas riche, (en l occurrence endetté) la vie ne compte plus et au fond il n'y a plus rien à perdre lors de jeux mortels. Cette série est une apologie du suicide justifié par l'argent, un énième lavage de cerveau d'un système de sur-consommation. - les innombrables scènes d'implorations, de détresse et de suppliement face à une réponse par balles de fusil. Il y en a trop, c'est inutile, ça banalise une situation juste atroce, (""et puis de toute façons, ils sont pauvres"")Et les incohérences : à quel moment un œuf fermé peut contenir un message ? À quel moment une telle organisation n'a pas son propre chirurgien légal ?, et j en passe. Donc en somme un énième moyen de divertir les favorisés de la carte qui s'ennuient, avec une série violente au champ d'interpretation du monde réducteur : l'argent."
,"4,0",,"Le suspense à son paroxysme, voilà ce qui définit le mieux cette saison 1.Techniquement l'oeuvre n'a rien, mais alors VRAIMENT RIEN, à envier à ce qui se fait de l'autre côté du pacifique et en plus la VF est parfaitement acceptable surtout pour une production Netflix.Il faut toutefois reconnaître que le tout est pas toujours très crédible 
spoiler: 
On n'enlève pas facilement des centaines de personnes pour les faire jouer dans des jeux mortels le tout financé par des hommes très riches et sans scrupule
.Enfin la fin manque de cohérence 
spoiler: 
le personnage principal a remboursé ses dettes et a encore beaucoup d'argent mais quand il est prêt à partir en Amérique rejoindre sa famille (ce qu'il souhaite par dessus tout) il retourne jouer au dernier moment, 
, avouons que c'est plus pour relancer la formidable machine à pognon que pour plaire au spectateur."
,"0,5",,Nuil franchement déçut ! L’histoire tirée par les cheveux. Dommage le début étais pas si mal mais a partir du 3 eme épisode j’ai décrocher..
,"0,5",,Je ne sais pas par ou commencer tellement il y il y a de choses négatives à dire les acteurs sont très mauvais c'est juste une série pomper sur Battle Royale et les condamnés je ne comprends pas vraiment l'engouement qu'il y a pour cette série je pense qu'il ils ont fait leur réputation sur le buzz c'est grâce aux influenceurs qu'ils ont payé.
,"4,0",,"Jusqu'où est-on prêt(e) à aller pour repartir avec le pactole ?Une nouvelle série dressant le portrait d'une société individualiste, divisée et malade, capable du meilleur, mais surtout du pire.Malgré quelques invraisemblances narratives, une nouvelle œuvre cynique et percutante, à mi-chemin entre le drame institutionnel et le thriller coloré et violent.Histoire d'addiction, de jeux et de (dés)humanisation, une nouvelle preuve que les productions coréennes figurent parmi les plus inventives et jusqu'au-boutistes qui soient."
,"3,0",,Nouvelle saison sur cette série très originale mais bien moins intense et inattendu que la 1ère. Le héros de la saison 1 revient dans le jeu pour tenter d'arrêter les criminels et éviter que d'autres ne meurent... bon il échoue lamentablement et on peine peu à deviner ce qui va se passer à chaque épisode.A voir ce que donnera la 3ème et dernière saison.Bref : un jeu qui laisse sur sa faim.
,"2,0",,"Très décevant. ""Propagande"" est le terme approprié pour qualifier la promotion faite autour de cette nouvelle série. Le nombre important de produits dérivés (sweat shirt, t-shirt, casquettes, combis, masques, etc...) est hallucinant. Les bandes annonces présentées sont super alléchantes. Mais voilà, au fil des épisodes on déchante. Déjà, le concept est du réchauffé. Les acteurs sont parfois très inégaux dans leurs prestations, à commencer par Lee Jeong-jae, bien meilleur dans les rôles de flic, ou mafieux imperturbables, mais peu crédible ici, dans ce rôle de looser, au bout du rouleau. De plus le rythme se ralenti considérablement à mesure que les épisodes défilent. Certains épisodes se consacrent seulement à une seule épreuve, en étirant exagérément, beaucoup de scènes où il ne se dit ou passe pas grand chose. Les réactions de beaucoup de protagonistes ne sont pas franchement logiques, et la fin très bateau, ne rend pas les choses plus crédibles."
,"2,5",,"La série n'apporte rien à ce genre qu'on peut, au moins, faire remonter au Prix du danger d'Yves Boisset en 1983 et dont le thème a été largement exploité depuis. Mais comme souvent le manque de culture cinématographique fait que beaucoup la trouve originale. Les premiers épisodes sont même terriblement ennuyeux, j'ai dû vraiment faire un gros effort pour ne pas décrocher. De plus les acteurs surjouent et je vous conseille de mettre la série en VO pour atténuer cela. Ce n'est que vers le quatrième épisode avec l'arrivée d'un personnage extérieur que ça commence à avoir un peu de suspens mais la fin est vraiment assez moyenne. S'il n'y avait pas les costumes et décors originaux j'aurai mis une note plus basse."
,"5,0",,"Une série  géniale . La première sur le streaming depuis bien longtemps ! Les acteurs très convaincants ! et les scénaristes méritent d'être oscarisés ! Ce qui est agréable quand on regarde une série coréenne, c'est que nous sommes épargnés de la propagande de la bien pensance qui domine les nouvelles productions du monde anglo saxon."
,"5,0",,Super suite !! On ne pouvait pas rêver mieux que ce scénario solide sur la psychologie des personnages et la critique de la société non seulement Sud Coréenne mais mondiale.
,"4,0",,"Qui a vu le célèbre film ""Battle Royale"" sera ravi de voir cette série ! En effet, on suit des centaines de joueurs, tous fauchés et remplis de dettes, qui vont intégré un ""jeu"" dont le vainqueur sortira riche. Cependant, les jeux sont des jeux d'enfants mortels ! Une lutte pour survivre ! Une lutte pour vivre ! Une lutte à la fois unis et seul contre un groupe criminel et organisé pour un jeu cruel et sans pitié.Cette série est très intéressante à suivre, originale, et même parfois drôle.Reste un jeu d'acteurs particulier, pas toujours bien exécuté mais assez réaliste tout de même.Bref : que feriez-vous ? Jouer pour tenter d'être riche ou fuir et vivre dans la misère et la pauvreté ?"
,"4,0",,"Après le succès planétaire de la première saison, ""Squid Game"" revient trois ans plus tard avec une deuxième saison tant attendue. Dès le premier épisode, la série nous replonge efficacement dans son univers addictif. Si le démarrage paraît long, il permet cependant de bien poser les enjeux et de préparer le terrain pour les nouvelles épreuves. Les ingrédients qui ont fait le succès du show sont de retour, avec en prime des moyens plus conséquents qui se font ressentir au fil des épisodes, notamment grâce à des scènes d'action spectaculaires et des jeux encore plus palpitants. Et si la saison tombe parfois dans la redite, celle-ci n'est pas forcément pesante et se révèle même nécessaire pour apprécier les jeux, bien qu’on perde inévitablement l’effet de surprise. En plus des nombreux rebondissements et des plot twists haletants, cette saison 2 tire sa grande force de ses nouveaux personnages, qui sont beaucoup plus charismatiques et diversifiés, apportant une fraîcheur plaisante à la série. Malgré quelques incohérences, cette deuxième saison est une très bonne réussite. La qualité de son intrigue captivante, jamais à court de rebondissements, confirme que la série a encore beaucoup à offrir.-17/20Critique sur Squid Game (saison 2)Vue du 27.12.2024 au 03.01.2025 sur Netflix"
,"1,5",,"Franchement ! En considérant l’ampleur internationale donnée à cette série , et venant de la Corée , je m’attendais à du grand lourd .A part quelques sursauts et quelques petites mais petites intrigues , je me suis fermement ennuyée .Les acteurs jouent assez bien et la morale passe bien mais à part ça , je m’étonne encore des notes de la série"
,"4,0",,Une excellente série d'anticipation et de science-fiction venant de la Corée du Sud sur un jeu manipulateur sur des humains.
,"3,5",,"Le problème quand on entend parler en termes élogieux d'une série de partout et 30H/24, c'est qu'on est souvent déçu quand on finit par la regarder. Et ça n'a pas manqué pour ma part. J'ai bien aimé cette saison. Mais non, ce n'est pas la série du siècle, loin de là. Le concept est bien trouvé et bien travaillé, rien à redire là-dessus. Les jeux sont passionnants à suivre, même si on se doute la plupart du temps du résultat. Le premier problème se situe au niveau des personnages. Mis à part le Seong Gi-Hun (personnage principal), aucun d'entre eux n'est développé suffisamment pour leur donner un réel intérêt, que ce soit dans leur vie antérieure ou pendant les jeux. Seul Cho Sang-Woo (n°218) a au moins le mérite d'évoluer, 
spoiler: 
en passant progressivement de l'altruisme - il remobilise Seong Gi-Hun lors du 1.2.3 soleil, et aide Abdul à plusieurs reprises - à l'absence de toutes limites afin de rester en vie.
 L'arc narratif du 
spoiler: 
policier infiltré ne présente aucun intérêt, puisqu'il est exécuté sans avoir pu faire quoi que ce soit, mis à part faire un stage d'observation comme en 3ème... à moins éventuellement que les fichiers qu'il a tenté d'envoyer avec son téléphone (dont la batterie tient drôlement longtemps) parviennent à partir, à voir dans la saison 2...
 Aucune explication n'est donnée quant au fait que 
spoiler: 
les joueurs qui ne reviennent pas dans le jeu, voir même les autres, n'aillent pas prévenir la police. Le témoignage de Seong seul, qui lui essaye, ne vaut rien, mais celui de 200 personnes n'a pas le même poids...
 Enfin la chute, 
spoiler: 
qui présente le joueur 001 comme le maître du jeu, n'est pas crédible. Lors de l'épreuve de tir à la corde, il aurait totalement pu mourir, aucun échappatoire n'aurait été présent si son équipe perdait. Or, on sait que mourir n'était pas une option pour lui, puisqu'il simule sa mort lorsqu'il perd aux billes par la suite.
 L'ensemble est toutefois plaisant à regarder, avec des rebondissements et pas trop de longueurs. Le casting est plutôt performant, même si le rôle de la plupart des acteurs est minime. Vous ne raterez donc pas un chef d'œuvre si vous ne regardez pas Squid Game, mais la série vaut quand même le détour."
,"4,5",,"La Saison 2, une suite tout aussi captivante que la Saison 1. Je me suis vue en train de taper des mains lors d'un des jeux et à sautiller comme si j'étais dans l'histoire.Un pur plaisir. Je la recommande très fortement."
,"3,5",,"Saison 1 : 3,5/5Squid Game, nouvelle série coréenne phénoménale qui a cartonné sur Netflix et partout dans le monde. C’était une belle surprise je suis d’accord. L’esthétique est magnifique et atypique, ce qui nous restera longtemps en mémoire ! On reste complètement figé à l’écran quand un nouveau jeu commence ! C’est bien joué et les personnages sont attachants, un superbe suspense et le rythme est bon. Espérons une deuxième saison !"
,"1,0",,"Si vous aimez le gore et les scenarios creux vous ne serez pas déçus... Pour les autres, ne perdez pas votre temps"
,"1,0",,"Honnêtement je ne met jamais d'avis mais la je me suis senti obligé de partager mon désarroi devant l'effondrement de cette série que j'adorai tant. 1- GRAND fan de la saison 1 le cahier des charges Netflix a réussi à ""Wokiser"" Squid Game pour je ne sais quelle raison avec un personnage  qui n'amène rien à l'intrigue , aucune plue-value à la série . Une morale dans certains passages et des messages subliminaux qui commencent sérieusement à nuire à la qualité de la série et m'énerver. Je me suis désabonné de Netflix il y a 1 déjà car j'en avait assez de ce cahier des charges Netflix , mon cousin chez je l'ai vu pense à faire de même 2 - c'est long ,c'est illogique, ca parle ca moralise et bla et bla.  Les personnages sont beaucoup moins charismatique que la saison . On ne retrouve pas le ""Squid Game""..
spoiler: 
et on parle de l'équipe qui recherche l'île sur leur bateau ?
 On a l'impression qu'on a une moitié de saison trèèè longue, c'est étrange.Squid game c'est du grand art, une série à 1 saison,  pas 2 (ou 1,5) , sans wokisme, sans messages subliminaux , qui va à l'essentiel. Une saison 1 magnifique et une horrible saison 2 non terminée qui marque la fin d'un chef d'oeuvre  :("
,"2,0",,"je me suis arrêté  en plein milieu trop noir ,cruauté gratuite et surtout  c 'est  particulièrement mal joué car  surjoué    toutes les faces montrées aussi bien sur le plan humain que sociétale, pour la partie coréenne ,sont trompeuses uses car il n' existe qu'un coté de la médaille  et c 'est toujours la même facette qui nous est montrée alors certes c 'est un angle qui a été pris mais c 'est quand même très réducteur   bref rien de pertinent sauf si ses pensées rejoignent cette état d 'esprit"
,"4,5",,"C'est probablement le plus grand succès Netflix de tous les temps, c'est génial l'ambiance et le scénario macabre sont extrêmement bien fait et je ne suis absolument pas déçu"
,"5,0",,"Au début je pensais que la série allait se contenter de faire plaisir aux attentes des ""fans"" en mettant uniquement le squid game au cœur du scénario... Mais la série est resté fidèle au cœur de son intrigue principale et a donc suivi directement la trame logique qui était mise en place tout au long de la saison 1... L'ambiance de la série est resté fidèle on a pris le temps de même développer le personnage de l'homme en costard... Tout en gardant cette dimension philosophique lié à l'argent
spoiler: 
Surtout lorsque le personnage du 001 (l'homme en noir) s'incruste dans le Squid game pour littéralement ébranler 456 sur ses croyances envers les humains.. ainsi que pour l'espionner au passage
Chaque discussion entre ces deux personnages devient croustillante de voir le 001 poser pile les questions qui font mal au 456 pour lui montrer qu'il à tort ils iront jusqu'à permettre aux joueurs de voter entre chaque partie pour bien prouver 456 qu'il ne peut rien y faire 

Le gros moins reste pour moi le dernier épisode et la fusillade je ne sais pas si c'est à cause de la pression mise par Netflix mais connaissant le contexte de la série ça n'est pas impossible mais le dernier épisode est totalement absurde ne suit nullement la logique établie tout au long et contient des scènes à rallonge 
Absurde avec des fusillades digne de la casa de papel avec des balles dans le vide 
J'espère que la saison 3 rattrapera ce petit épisode ""filler"" et nous offrira une vraie conclusion"
,"0,5",,"Une débilité des plus profondesUn scénario initial plein de promesses mais une paresse dans les scripts et la réalisation Aucune cohérence, aucun parallèle possible comportementalNul a mettre à la poubelle"
,"5,0",,"Woaw un chef d œuvre. Cette série est une critique constructive, détaillée et incisive de nos sociétés contemporaines. Il ne faut pas la voir que pour sa forme (qui est quasi parfaite au passage) mais surtout pour son message de fond. En synthétisant au maximum, le schéma du système capitaliste actuel ammene à la déshumanisation, la compétitivité, l alienation, la tristesse en étant d abord passé par la manipulation, l illusion et l infantilisation. Les scènes violentes sont métaphoriques et représentent les violences morales subies par les citoyens lambda qui sont donc manipulés par les élites. Et la conclusion est que nous devons nous accés sur l entraide au lieu du conflit. 
spoiler: 
C est pour cela ji hun ne rejoint pas sa fille, il abandonne ses intérêts personnels pour se tourner vers les personnes dans le besoin. 
 Ca se sent que le real est hyper impliqué et qu il a mis beaucoup de ses propres expériences dans ce show. Une série très intelligente qui fait beaucoup réfléchir si on se prend la peine de creuser le sujet. Pour la forme je n ai pas grand chose a dire, les acteurs sont géniaux et crédibles, l esthétique est incroyable, la bande sons excellente, le rythme est étouffant, vraiment woaw"
,"3,5",,"J'ai beaucoup aimé la saison 1.Je trouve que la saison 2 démarre très fort en intensité surtout dans les 2 premiers épisodes. Bien sûr, les ficelles scénaristiques sont parfois assez grosses, mais c'est admissible si on voulait une suite (
spoiler: 
le policier finalement pas mort, les recherches qui durent longtemps
). De manière générale, à partir de l'épisode 3, le scénario va être assez lent et pour ma part il n'y a presque aucune révélation jusqu'à l'épisode 6. Les deux derniers épisodes présentent un peu plus d'intensité.Je pense que si les jeux font moins peur c'est parce qu'on à l'effet de surprise de la Saison 1 en moins. Il est vrai que les personnages sont moins en relief et moins attachants qu'à la saison 1 puis l'expérience de cette dernière fait qu'on n'a pas trop envie de s'y attacher.C'est bien de voir les jeux sous un autre angle et un peu plus les coulisses de celui-ci. Finalement, la mise en place de nouvelles mécaniques telles que 
spoiler: 
de nouvelles clauses comme le fait de partir avec de l'argent divisé entre restants
 rendent le jeu encore plus pervers à mes yeux et permet de mesurer les intentions de chaque personnage, sous un air 
spoiler: 
faussement démocratique
. Je trouve que ça ajoute un plus.La tension dramatique est moins mesurée non pas à cause de l'ambiance (mais peut-être à cause d'un acting parfois un peu surjoué sur certains aspects) mais parce qu'on n'a plus l'effet de surprise et aussi parce qu'on sait que 
spoiler: 
456 n'a plus rien a y perdre
. Si on était observateur (aussi évident que le ciel est bleu), on se rend compte que 
spoiler: 
001 a des motivations étranges et n'est autre que le maître du jeu. On se surprend à se demander quand cette mascarade finit par tomber
. La saison 2 se finit sur un klimax négatif qui est considéré comme un point de rupture par le réalisateur, ce qui a mon sens aurait du s'appeler la 1ère partie de la saison 2.Cette série se regarde donc avec la frustration de dépenser 7h en sachant presque exactement ce qu'il va se passer à chaque fois, mis à part le cliffhanger de la fin, le suspens est peu présent. Mais ça m'est égal, je me mets en tête que cette saison est plus une moitié de saison qu'une réelle saison...Maintenant, voici les points faibles de cette saison 2 :- peu d'humour, à part pour 2-3 personnes particuliers- certains personnages sont assez caricaturaux, cela en devient parfois un peu ridicule- on ne comprend qu'à moitié le message de la motivation 
spoiler: 
de continuer le jeu parce que les dettes sont trop supérieures aux gains 
- pas beaucoup de jeux, mais c'est parce qu'on est 
spoiler: 
qu'à la moitié.. 
- clairement l'impression de regarder une demie-saison- de nombreuses incohérences :
spoiler: 
1. Des coups de feu dans un hôtel, ça s'entend de l'extérieur, non ? Surtout pour des entraînements réguliers
2. Pourquoi 456 joue à prendre 50% de risque à la roulette russe ? Aurait-il perdu la tête ? Que voulait-il se prouver à lui et aux spectateurs ?
3. Des mercenaires qui ne prennent pas leurs précautions en suivant le mec qui teste les potentiels joueurs dans le métro...
4. Le mec du bateau à qui on accorde 100% de la confiance alors qu'il traînait autour de l'île quand même... sans jamais la trouver en 2 ans ?!?
5. 456 qui utilise mal son argent pour son plan initial de mettre fin aux jeux
6. 456 qui ne se méfie à aucun moment de 001 : pourquoi n'a t-il jamais émis l'hypothèse qu'il puisse y avoir une taupe ?
7. Les experts mercenaires qui sont mauvais dans leur domaine alors qu'ils sont soi-disant entraînés
8. Les scènes de guerre dans l'épisode 7 ne sont pas du tout réalistes : les soldats rouges ne font pas mieux que les paratroopers alors que ces derniers sonr censés être un minimum entraînés. Après, c'est vrai qu'ils sont jeunes...
9. Si j'étais 001 j'aurais éliminé 456 car c'est le plus dangereux pour la tenue des jeux... l'aurait-on gardé pour divertir les VIP ?!?
Les points forts :- de jolis paysages- deux très bons premiers épisodes... malgré les quelques incohérences et facilités scénaristiques- 
spoiler: 
le retour du mythique 1...2...3 soleil
- on découvre bien plus 
spoiler: 
l'envers du décor et des jeux
- j'aime bien les musiques et les changements d'ambiance personnellement, de toute manière 
spoiler: 
de nouvelles clauses comme le fait de partir avec de l'argent divisé entre restants
0- 456 
spoiler: 
de nouvelles clauses comme le fait de partir avec de l'argent divisé entre restants
1Même si l'action tarde parfois à arriver et que certains personnages sont trop manichéens, je trouve que la série vaut le coup d'être regardée. Il faudrait cependant la considérer comme une demi-série, sinon on risquerait injustement de la pénaliser. Pour moi c'est 3.5/5 ; En espérant qu'ils mettent le paquet sur la saison 3. Saison 2 à regarder quand même !"
,"0,5",,Un véritable navet ! Je n'ai pas les mots pour exprimer à quel point cette série est une déception ! Beaucoup trop de longueurs et un anti héros très peu digne d'intérêt
,"1,0",,"Absolument rien ne tient debout, rien n'est cohérent. Une saison sans intérêt, il ne se passe rien et on sent un manque de créativité."
,"0,5",,"Vu l'engouement, je me suis lancé dans cette série. Et je dois dire que je ne comprends pas du tout les critiques positives sur cette série.Pas de suspense. Pas d'émotions dans le jeu d'acteurs. Incohérences dans certaines situations. Beaucoup (trop) de longueurs. Des intrigues secondaires (le flic) vides de sens et qui ne vont pas au bout. Bref, série sans aucun intérêt. Passez votre chemin.. vous économiserez 9h de vote vie."
,"1,5",,"Quelle déception ! J’ai pris le temps de créer un compte juste pour cet avis. Comment peut on passer d’une masterclass à ça sérieux ? Les personnages sont éclatés c’est surjoué , pas de scénario aucune profondeur rien.."
,"5,0",,"Tout simplement GENIALE, les sud coréennes sont passés le maitre de la mise en scène, je n'ai qu'u mot un CHEF D'OEUVRE, une satire VIRTUOSE de la société où nous vivons,"
,"0,5",,"Totalement surcoté. Le jeu d’acteur est bon quand on regarde en VO mais les décors, le scénario et l’idée de la série sont très légers. Avec ce genre de phénomène créé autour de cette série on se demande vraiment si l’esprit critique des cinéphiles n’a pas largement reculé ces dernières années"
,"4,0",,"Une série surprenante, avec un univers esthétique original , et qui propose un regard d'une grande noirceur sur l'humanité. Les interprètes sont bons, parfois un peu surjoués . La violence physique est omniprésente mais c'est bien la violence psychologique qui crée ici la tension et l'intérêt de cette série . Endettement , inégalités flagrantes, décadence, anonymat , marche en avant absurde et dérisoire car dénuée de toute spiritualité et de toute philosophie : les maux modernes de civilisations à bout de souffle . Plus que les qualités, réelles ,de cette série c'est son succès planétaires qui doit interroger . Où orienter nos volontés ? Et voulons nous vraiment échapper à ce jeu ?"
,"5,0",,Un pur chef d'œuvre ! Merci à cette série de m'avoir fait découvrir le cinéma coréen. Une vraie révélation !
,"2,0",,"De belles images mais les personnages passent leur temps à hurler pour rien, aucune conversation ne va au bout, des questions et des questions sans aucune réponse... les dialogues n'avancent pas et sont d'une banalité.... j'ai pas passé un mauvais moment mais je ne comprends pas l'engouement suscité par la série..."
,"5,0",,"Idée originale , décors et acteurs  tops ! Je rigole à l'idée que des gens s'offensent d'une telle violence . Une violence que nous subissons chaque jour sur CNEWS ou BFM. Je ne regarde pas le JT car c'est la réalité , je regarde Squid Game car c'est de la fiction. J'ai tout simplement adoré cette série qui montre un troupeau d'animaux enragés avec comme seul objectif, la peste de ce monde, l'argent ! Je rigole encore de ces gens qui s'offensent et qui demain iront acheté leur steak haché ! Bravo messieurs les coréens d'être aussi irrévérencieux , ça fait du bien dans ce monde qui au final n'est qu'un gigantesque Squid Game !"
,"4,0",,"SPEED CRITIQUE POUR TOUS (Sans aucun SPOILS) !!!! A vos commentaires et à vos likes . Squid Game, série coréenne en 9 épisodes. La série nous raconte l’histoire de personnes ruinées, dont la vie sociale et professionnelle sont détruites. Un beau jour, elles sont contactées par une étrange organisation qui leur propose de jouer à des jeux en échange d’une seconde chance… Une opportunité rêvée pour ces personnes endettées jusqu’au cou, en marge de la société. La véritable question est : jusqu’où sont ils prêts à aller pour atteindre leur but…La Corée nous fait part une nouvelle fois de tout son savoir faire ici avec un BattleRoyale inédit, un scénario accrocheur, du budget qui se ressent dans une très bonne mise en scène et réalisation, et des acteurs de très haut calibre. Squid Game ose, est irrévérencieux, choque. C’est une véritable satire de la société coréenne actuelle.Du coup qu’en ai je pensé ??? J’ai beaucoup aimé. Le propos et la morale qui y sont associés font mouche. Squid Game est sans concession. Alors oui il y a peut être quelques petits détails scenaristiques qui méritent qu’on en discute mais nous ne le feront pas ici pour ne pas spoiler. Simplement, nous dirons que certains événements du scénario, par moment, se voient et s’anticipent à des kilomètres. Mais rien de bien méchant étant très peu nombreux. CONCLUSION : Je vous invite à vous plonger dans cette série que vous engloutirez d’une traite. C’est qualitatif, novateur, extrêmement prenant mais surtout, la série interroge son téléspectateur avec une question qui vous reviendra en tête en permanence « qu’est ce que j’aurai fait à leur place… » ???Merci de m’avoir lu  et n’hésitez pas à partager vos avis "
,"5,0",,Incroyable géniale superbe tout les superlatifs sont bons quand il s'agit de parler de la cultissime serie squid game ! Le suspense est haletant à chaque épisode on ne sait jamais à quoi s'attendre les rebondissements sont nombreux et imprévisibles et c'est ce qui est super sans parler du choix et du type des jeux sélectionnés pour l'ensemble des joueurs qui est vraiment très intéressant le casting lui aussi est impeccable....A regarder !
,"5,0",,"Une vraie claque.Exceptionnelle du début, jusqu'à la dernière minute.Je ne sais pas S'il y aura une suite, mais vraiment je tir mon chapeau aux scénaristes, aux acteurs et à la réalisation.Comme quoi, il n'y a pas que les Américains qui savent faire de grandes série.Merci à Netflix pour se bijoux."
,"4,5",,"Une très bonne série comme on en a tous rarement vu.Tout y est les acteurs, les décors, la mise en scène, les épreuves, la musique.Tellement de questions sont soulevées, comment des humains peuvent en arriver la pour de l'argent.C'est bien amené, c'est esthétique La production sud-coréenne a de beaux jours devant elleSeule déception la fin, ou on pouvait s'attendre a mieux Mais c'est excellent tout de même"
,"5,0",,"Grosse claque devant cette série. C’est Trash, c’est gore  et violent mais très bien calculé. Le battle royal de la mort. Les personnages sont attachants et on est tenu en allène tout le long de la série. Les morales de cette série sont multiples. A regarder !"
,"5,0",,J'ai trop aimer c'est bien mieux que la première saison. La pour le coup y'a bcp plus d action et bcp de jeu différent. J'ai hâte pour la saison 3. Ils ont bien travailler bravo
,"5,0",,"Très bonne série dans son ensemble. Les personnages sont très complet dans leur ensemble et le jeu des acteurs fournit est extraordinaire. L'acteur de Gi-Hun (456) joue extrêmement bien le personnage dépourvu de ses moyens qui ne sait plus ce qui est bien et ce qui est mal ; il est à la fois perdu dans ce jeux qu'il n'arrive plus à comprendre et dont il voudrait se défaire et à la fois coincé et contraint par lui même à rester. L'acteur de Il-Nam (001), 
spoiler: 
personnage qui cache bien son jeu,
 est très bien joué.
spoiler: 
 Lorsqu'il fait semblant de perdre la mémoire et de se sacrifier pour 456, on le croit vraiment.
 Cette série contient beaucoup d'indices sur les personnages mais aussi les épreuves 
spoiler: 
(dessinées sur les mur cachés par les lits)
 et les organisateurs qui au fur et à mesure se dévoilent. La série contient plusieurs intrigues ; celle des joueurs, celle des organisateurs et celle du policier infiltré qui cherche son frère. Mais à la fin de la série... on ne sait rien.
spoiler: 
 On découvre le double de jeu de Il-Nam, certes (qui d'ailleurs aurait pu être compris bien avant par les indices comme le fait que son corps ne tombe pas après le coup de feu, et qu'au plan suivant le corps n'apparaît pas) mais 
concernant l'organisation, la mort du policier ou encore la décision prise de Gi-Hun qui lui fait rater son avion, on ne connaît aucune informations. Ce qui laisse donc penser à une saison 2 qui donnerai plus d'informations sur tous ça. 
spoiler: 
D'ailleurs les VIP laissent penser que cette organisation est international.
 Enfin les décors, les plan et les accessoires sont parfait, on se croit dans un monde d'enfant (voulu par la production) et en même temps dans un monde de terreur. On ressent la même sensation que les acteurs. En bref la série est juste extra, et j'espère qu'elle aura une suite, qui sera aussi intéressante."
,"0,5",,"encore perdu mon temps avec la nouvelle soi-disant super série du moment mal joué, caricaturale, forcément très coréen avec des noms pas possible, aucune intrigue, des longueurs même dans les jeux. rien de neuf."
,"4,0",,"Toujours aussi addictive et efficace. Certes une poignée de scènes sont un peu longues mais dans leur ensemble ces 7 épisodes sont parfaitement réussis, intenses, aux retournements permanents. Je ne comprends pas les avis négatifs et ceux qui évoquent un potentiel manque de créativité. Ils n’illustrent finalement que notre monde actuel et son lot de gens versatiles et frustrés qui ne font que tout critiquer pour exister. Vivement la saison 3 car la tension est totale."
,"0,5",,"Très très très déçu, nul! Tout est incohérent, surjoué, il n'y a plus du tout le charme de la 1ère saison, tout est prévisible et la fin est vraiment lamentable... Au final pour ceux qui ont aimé la 1ère saison, vous y retrouverez l'acteur principal, avec des dialogues interminables, le mystère et le charme en moins, un côté comique qui détonne avec le machiavélisme du jeu. On a l'impression que le scénariste ne voulait pas faire un copié collé du 1er, mais a retiré tout ce qu'avaient aimé les spectateurs, avec un côté humour, des musiques sans aucun lien avec le contexte, bref on dirait des stagiaires qui ont voulu faire un projet SQUID GAME sans faire trop de plaggia. Vous avez tué SQUID GAME."
,"5,0",,"Une saison 2 qui dépasse la premièreFranchement, je trouve que la saison 2 de Squid Game est super mal jugée par pas mal de monde. Beaucoup espéraient juste revoir des jeux et des meurtres comme dans la première saison, mais les créateurs ont pris un autre chemin, et c’est tant mieux !Cette saison va plus loin : on en apprend beaucoup plus sur les personnages, leurs motivations, leurs failles… Ça les rend hyper intéressants et attachants. L’intrigue est différente, plus poussée, avec plein de suspense, des retournements de situation. Le jeu d’acteur est vraiment topPar contre, gros point important : il faut ABSOLUMENT la regarder en VOSTFR. Les critiques négatives viennent souvent de ceux qui l’ont vue en VF, et franchement, ça ne rend pas du tout justice au jeu des acteurs.En vrai, cette saison est encore meilleure que la première. Elle ne se contente pas de répéter le même schéma, elle apporte quelque chose de nouveau, et c’est super réussi"
,"2,0",,"J’avais regarder la saison 1 de Squid Game qui était pour moi extrêmement bien réussi. Du coup en ayant adorée la saison 1, je me suis lancée dans la saison 2 en espérant revoir un chef d’œuvre ! Et ça était tout le contraire, la saison 2 est ennuyante, longue et revue … et j’ai envie de vous dire que quand j’ai su qu’il y allait avoir une saison deux et une saison trois de Squid game je me suis dit aïe c’est dangereux ! Et au final pour moi c’est vrai c’est dangereux et ratéPourtant à la fin de l’épisode deux, je me suis dit chouette, ça commence à démarrer. Mais à part écouter des dialogues qui n’ont aucune fin, rien ne se passe à part peut-être des semblant de jeux. Je vais pas non plus mettre une étoile, sur ma note, car je trouve que les effets et le décor sont des choses qui arrivent à relever le niveau de la série, puis il faut dire ce qui est la saison un était vraiment pas mal  Ps : J’ai écrit cet avis en ayant fini l’épisode quatre de la saison deux et je ne pense pas finir la série. Rendez-nous service, et ne faites pas de saison trois "
,"2,5",,"Considérant qu'un seul joueur peut survivre à toutes les épreuves et remporter la récompense, les chance de gagner sont infimes. Cela rend peu crédible que des gens participent, volontairement de surcroit, à ce Squid Game, autant braquer une banque ! Et surtout dès lors que les participants décident de jouer pour gagner cela rend caduques toute forme de sympathisations ou coalition, la MORT de TOUS les autres joueurs étant dans l’intérêt de CHAQUE individu. Les relations amicales entre les joueurs sont donc  invraisemblables. Arriveriez-vous à parler tranquillement ou manger ou dormir en présence d'autres personnes dont vous souhaitez la mort et qui souhaitent la vôtre ?"
,"5,0",,"Je n'ai pas spécialement accroché aux 3 premiers épisodes, je les ai trouvé assez intéressants pour continuer à regarder la suite, mais je n'étais pas convaincue pour autant. Je ne regrette pas d'avoir persisté, car j'ai enchaîné le reste de la saison en 2 jours à peine! Entre le côté dramatique et le suspense, cette série est plutôt forte en émotion. Tous les personnages sont très travaillés et les acteurs incroyables. Je n'avais pas pleuré comme ça devant un film/une série depuis longtemps, je me suis surprise moi même.Encore une fois, le cinéma sud coréen m'épate par l'originalité de son scénario, la justesse de la réalisation, le réalisme des personnages. Je recommande cette série à 100%, petit ovni parmi le reste du catalogue Netflix, et ça fait plaisir."
,"5,0",,Très bonne surprise . L'audiovisuel Sud Coréen est toujours aussi bon. Une bonne série qui se laisse regarder avec une intrigue qui nous tire vers les épisodes suivant. Les différents détail au cours de la série laisse entrevoir une suite. Le personnage principal est compliqué a apprécié au début mais laisse apprécier sa complexité d'homme rempli de remord et de tristesse du a la vie. Très bonne série avec de l'action et du sang. La série vous mets dans l'ambiance dés le premier épisodes et casse le rythme dés le deuxième. Le clush final est assez étrange mais permet de comprendre le reste tout en mettant en suspend les autres mystères. Une bonne série ou on attend la suite. Bon visionnage.
,"5,0",,"La saison 2 de Squid Game m’a totalement conquis. J’ai adoré la façon dont l’histoire approfondit les thèmes de la première saison, tout en proposant une intrigue encore plus intense et riche. Les nouveaux personnages sont fascinants, et revoir Gi-hun avec une évolution si marquante m’a beaucoup touché.Visuellement, c’est toujours un régal : les nouveaux jeux sont à la fois inventifs et terrifiants, avec une tension qui ne faiblit jamais. La réalisation et la musique renforcent chaque moment fortPour moi, cette saison est une réussite totale, qui respecte l’essence de la série tout en la sublimant. Hâte de voir la suite"
,"0,5",,"J ai moyennement aimé, un peu facile cette violence gratuite sans trop de fondement, dialogue pauvre et simpliste et critique cliché de la societe.  Convient à un public jeune et peu exigeant sur la qualité d'une série.  Manque de finesse. Je me suis ennuyé à partir du 4 ème épisode."
,"5,0",,"Série qui fait sensation pour tous, mais je vais sortir de ce cercle fanatique :Cette série est très touchante avec des personnages aux histoires touchantes, on apprécie très vite la bande de gens ""sympa"" auquel on les voient finir ensemble alors qu'il est censé n'y avoir qu'un seul gagnant...Ce que j'ai surtout aimé dans cette série, c'est l'aspect psychologique, on sent la détresse financière, de la société chez les participants, la fameuse règle ""le jeu s'arrête si la majorité des participants décident d'arrêter"" elle tes puissante = parce que au vue des jeux dangereux, Comment ils ne peuvent pas vouloir s'arrêter ???...... En fait la vie normale est plus dur et ils ont plus d'ambition dans ce jeu.En fait cette série est plus profonde que les fana l'estime, qui ne voit que la dangerosité du premier jeu pour se donner de l'adrénaline,  c'est pour ça qu'on dit qu'il est surcôté, ça mérite plus d'intérêt pour le côté émotionnel, psychologique et scénario type asiatique. Certes la prod a voulu faire les choses en grand (soldat en rouge avec casque fun, des pièces immenses, un chef badass, mais au fond tout ça c'est la luxure qui se marre des gens pauvres dans une course hippique.Cette série cache plein de détail caché et bien recherché, à la fin on se pose mille question et mille théorie, et ça a du mérite d'être remarqué dans l'occident.J'ai pas parlé des personnages car ya trop à dire, beaucoup de participants sont intéressants et ont du caratères, même le lèche-botte de Deok-Su, et c'est typique de ce qui est asiatique.Je recommande forcément, que vous surfez sur la mode ou en dehors, ça vaut le coup d'apprécier cette série."
,"0,5",,"Bonjour,Je ne comprends pas l'engouement sur cette série, le scénario n'est pas si original et est très mal ficelé, les dialogues sont ridicules et a part 2/3 acteurs qui s'en sortent, les autres jouent très mal surtout l'acteur principal qui surjoue constamment.On n'a aucune empathie car ils n'ont pas su rendre les personnages attachants ou intéressants."
,"2,5",,"Squid Game 2. Pas de nouveautés, on tourne en rond. Des dialogues nunuches au ras des pâquerettes. Deux étoiles et demie."
,"3,5",,"Saison 1 :Très addictif, violent, morne côté jeux d'acteurs, huis clos réussi sur les décors, dénonciateur et servi par une fin décevante. Un buzz outrancier inutile. Saison 2 : saison passerelle avec un déroulé surprenant.Saison 3 : la clôture (à date) avec une forte touche de ""Saw"" et un final sans vraiment l'être.En conclusion, j'en retiens principalement le coté créatif du scénario.  !!!"
,"3,0",,"Une série qui a attiré les foules et qui comporte une fin contrairement à certaines. Cette dénonciation tout azimut sur la misère, l'appat du gain qui rend les gens stupides mais bénéficie toujours à certains, n'en demeure pas moins limitée avec les gentils, les méchants reconnaissables qui acceptent tous la normalisation et la perte d'identité. On se laisse porter pour comprendre le but."
,"4,0",,"Squid game est une série qui comme sont succès mérite pour les personnes qui aiment les séries au scénario complètement décalé d'être vu.Assez violente,une série destiné à un public avertis.Quand la violence rythme avec succès,ne serais ce pas l'image de notre société actuelle malheureusement.Une suite est prevu,en espérant qu'elle arrivera à se réinventer."
,"4,0",,"Que dire sur Squid Game qui n'a pas déjà été dit ?Malheureusement, la série est maintenant tellement mis en avant et porté ""aux nues"" que forcément, des spectateurs s'attendant à quelque chose d'incroyable voire de jamais vu auparavant seront probablement déçus.L'ayant vu à son lancement sans parti pris, je l'ai trouvé intéressante, distrayante, bien joué et j'ai passé un bon moment. Et c'est bien là, pour moi, le principal."
,"5,0",,"Grand coup de coeur pour cette série qui possède toutes les qualités. Réflexion politique, analyse de la psychologie du groupe, individuelle ; excellent scénario, très bons acteurs, et une mise en scène exceptionnelle ! J'avais déjà bcp aimé la série sud-coréenne, ""Vagabond"". Bravo !"
,"2,5",,"Je suis assez mitigée sur cette série , ça démarre plutôt bien , on s 'attache a quelques personnages et bien sur on en déteste d 'autres . L'idée est plutôt bonne de base , le premier jeu est un peu flippant  mais 
spoiler: 
la grosse panique général  est bam la moitié des joueurs est déjà mort 
 , ça va vite ! Le deuxième jeu est bien orchestré aussi , mais ce coup la les joueurs savent a quoi s 'attendre , encore une fois c'est assez radical , et puis le scénario devient prévisible , 
spoiler: 
le trafic d'organe
 mis en scène a coté n'est a mon avis pas franchement utile même si ca relève une fois de plus de la demonstration de la cupidité des gens . 
spoiler: 
le petit papy maitre d 'orchestre de tout cela , on le voit bien venir quand même puisqu'il est le seul perso que l'on suit qui ne meurt pas face caméra ou qu'on ne voit pas a terre ni dans un cerceuil 
 , le duel final est lui aussi très prévisible , pour moi une fin trés décevante , 
spoiler: 
le perso principal partant rejoindre sa fille aux états unis 
aurait été une bien meilleure fin , et cela ne fermait pas la porte a une saison 2 puisqu'il aurait suffit de repartir avec de nouveaux acteurs sur une nouvelles séries de jeux et d 'autres histoires propre à chaque personnage. le policier 
spoiler: 
qui vient pour retrouver son frère ainé est tué par ce dernier , frère qui a gagné les jeux et qui devient bras droit du maitre du jeu 
pour qui pour quoi on ne sait pas , c'est un peu tiré par les cheveux 
spoiler: 
tout ces gens qui meurent et qui sont brulés sur place
 sans que personne de leur proches ne s'inquiète de rien , depuis le temps que ça dure c'est quand même très étrange donc même si de base il y a de bonnes idées et de bonnes scènes ou on se dit ""oh la vache "" , la déception est quand même fortement au rendez  vous , certaines scènes trainent en longueur , le scénario est prévisible"
,"5,0",,"Glaçant, intriguant et palpitant, et ce jusqu'au bout. Les épisodes s'enchainent à une grande vitesse. On se demande à quel plat vont être mangé les participants, et qui se cache derrière ces étranges masques... La série garde un côté réaliste très bien fait... Vivement la saison 2. Quelques passages sont anticipables mais c'est un super moment passé, n'est ce pas l'essentiel ?"
,"5,0",,Excellents scénario et réalisation. Le jeu d'acteur est très bon et se perfectionne au fil du temps . La série se regarde d'un trait tellement le suspens est incroyable . Vivement la saison 2
,"4,0",,Une saison qu'on a regardé en 2 jours... donc on va dire très bonne série.  On s'est surpris à aimer et à être encore fasciné par ce jeux.
,"2,0",,"Malgré une idée de base plutôt intéressante, ça ne prend pas, trop long à s'installer, après 1h de blabla, j'ai décroché."
,"5,0",,"Dans la continuité de Breaking Bad , une ""dinguerie"" de série, addictive les 9 épisodes avalés en 24H.Les actrices et acteurs jouent formidablement bien, bravo Vivement la saison 2 !!!!!"
,"0,5",,"Très mauvaise série à regarder, les personnages manquent de conviction, de profondeur dans leur histoire et leurs actions, car en effet leurs actions sont absoluments toutes stupides et non réfléchies. Les plans sont trop simples, beaucoup trop de moments inutiles et incohérents, Je plaint le réalisateur également, comment a-t-il pu en arriver là??le scénario est affreux, et je ne parle pas des jeux organisés dans la série qui sont trop enfantins,  on voit que les scénaristes n'ont absolument pas prient le temps de réfléchir aux jeux, ce qui est la partie majeure de la série.Une morale très peu réfléchie et un manque total de savoir faire de la part des créateurs. Une perte de temps total sur cette série, a se demander pourquoi elle a eu du succès"
,"1,0",,"Si je pouvais mettre 0 je le ferai plus que nul, à ceux qui n'ont pas encore vu la saison 2 veuillez ne pas le faire et garder la magnifique image que la saison 1 nous a laissé.Scénario 0, histoire 0 tellement illogique à un certain moment je sentais comme si je voyais un film hindou.Et le pire y a rien dans cette saison ils t obligent d attendre la 3 ème saison pour comprendre l'incohérence de cette saison Bref très déçue  "
,"0,5",,"Vraiment mauvais, tu étais constamment  prévisible. J'ai perdu du temps de vie dans cette série.C'est du vu est re vu."
,"0,5",,"Le scénario est nul, les acteurs sont vraiment à chier. On découvre tout avant que ça se passe. Je critique vraiment les réalisateurs et les scénaristes. Franchement, un film de 1h20 aurait été suffisant. Je préfère me refaire la purge... Passez votre chemin sur cette série."
,"1,5",,"Trop déçue ! J'avais adoré la saison 1 et là le moins qu'on puisse dire c'est que je reste sur ma faim (fin?).Ce qui est sympa c'est que l'univers Squid Game est là avec ses codes, ses couleurs etc... Personnellement j'aime bien le héro et les personnages qui en font trop donnent un côté absurde et décalé qui fait parti du truc. Il y a un côté ""un peu"" répétitif dans les jeux mais ça passe encore. Ce qui m'a vraiment gêné c'est les tentatives ratées parceque bâclées pour créer l'émulation dans cette saison. Il y a de bonnes idées comme de montrer l'envers du décors avec désidératas et les failles des petites mains qui travaillent pour le jeu. Mais je trouve qu'ils ont commencé quelque chose d'intéressant qui reste en suspend. Pareil pour l'équipe qui cherche l'île ça reste en suspend. Le personnage de 001 qui révèle son jeu en fin de saison pourquoi pas mais je comprends pas le principe de la tentative d'évasion qui échoue...(? 樂). J'ai lu certains avis qui traduisaient ça par le fait de donner un côté palpitant à un jeu dont on ne peut pas s'extraire..  Mouais.. ok... mais sans aller au bout du truc en matière du renouvellement de l'intrigue et en coupant l'espoir de cette manière, je crains personnellement de me lasser. J'ai l'impression d'être un pigeon qui a gober 7 nouveaux épisodes pour rien. Peur que le côté business ne l'emporte encore une fois sur l'idée ovni d'origine que j'avais apprécié..."
,"4,0",,J'ai ADORÉ la saison 2 malgré qu il y a des choses prévisibles. J en dirai pas plus pour pas spoiler mais déçu de la fin car attendre autant de temps pour une fin de cette saison qui nous laisse sur notre faim.
,"5,0",,"Mis à part un personnage féminin qui surjoue parfois, tous les autres acteurs sont vraiment excellents. Une série surprenante et addictive de bout en bout. Je ne suis pas prêt d'oublier notamment l'épisode 6, bouleversant !"
,"5,0",,"Incroyable, une série comme on en fait plus. On passe par une multitude d'émotions, des personnages vraiment attachants et des scènes vraiment dramatiques. Le concept aurait pu être lourd, mais chaque épreuves  révèle son lot d'innatendu . On est jamais en paix et on se met souvent à la place des joueurs et on se dit, j'aurai fait quoi à leur place?On peut apprécier un personnage et le détester l'épisode suivant. Vraiment incroyable. Je rajouterai une petite touche de OZ pour ceux qui ont connu la série certains passage m'y ont beaucoup fait penser également."
,"5,0",,"J'avais mis une Etoile sur allocine en la regardant une première fois. En la regardant une deuxième fois j'ai compris plus de chose et j'admet que je m'etais fait un film dans ma tête et de ne pas voir ce que je voulais ma frustrer. Mais en me laissant la regarder et porter par les épisode. J'ai pu voir a quelle point la saison 2 a surpasser la une en tout point. Gore, émouvant, de la baston, une histoire épique et des personnage attachant. c'est une série baser sur la philosophie, l'art de vivre ensemble et montrant la vrais facette de l'humain en tout circonstance. Bravo un coup de génie. Alors j'appuie sur le cercle pour continuer a regarder la saison 3 :D   PS: Call of duty X squid game va faire très, on se rejoins tous a l'arène camarade ahah"
,"5,0",,"Excellente Serie, je la mets dans la case chef d'oeuvre mais ce n'est bien sur que subjectif, je ne me suis jamais ennuyer et les épisodes se valent tous autant que les autres. Le suspens est à son paroxysme,"
,"5,0",,Bonjour vraiment incroyable je l'ai regardé avec mes 2 enfants 16 et 17 vraiment flippant bcp de scène de morts c'est cela qui m'a le plus marqué sachant que les Personnages ne le savaient pas ou sinon dans l'ensemble les acteurs sont top il joue  trop bien. Alors l'idée du film Les jeux les décors tous quoi  vraiment génial et bien pensé vous êtes forts les coréen.
,"5,0",,"En tout cas cette saison 2 est une master class, bonne surprise pour fin 2024 Franchement je valide! même si le gens meurs difficilement."
,"1,5",,Très mauvais jeu d'acteur. Aucunes émotions dégagées. Scénario ultra prévisible. Je déconseille cette série.
,"5,0",,un seul motWOW cela fait du bien de voir de vraies series bien tournées et réaliséesj'ai hate de voir la saison 2
,"5,0",,À part quelques point négatif la saison 2 est très satisfaisant dans son ensemble avec des personnages un peu caricaturaux mais utiliser de manière à les rendre attachant. Les jeux sont moins bien mais toujours aussi stressant. Je suis mitigés sur la fin mais je la déteste pas. Je ne comprend pas toute la vague de haine souvent pour des raisons superficielles.
,"4,0",,"Très cool cette nouvelle série. Le concept n'est pas révolutionnaire mais il marche très bien et il se renouvelle sans arrêt, on est toujours surpris, l'inventivité des jeux est géniale et tout l'univers autour de ça nous donne envie d'en voir plus. Le casting est bon, visuellement c'est cool. Je n'ai pas vu le temps passer c'était très divertissant. Quelques facilités parfois mais ça ne m'a pas dérangé plus que ça et l'épisode final est un peu long quand même."
,"4,0",,"Bonne suite malgré qu'on a pas l'impression que cela soit véritablement une saison 2. On dirait plutôt la 1ère partie d'une saison 2. Il n'y a pas véritablement une vrai fin. Cela est dommage car on a attendu 3 ans pour cette suite. Mais malgré cela il n'y a rien à dire. La série reste qualitative, drôle et pleine d'émotions. Les acteurs sont géniaux. On attend vivement la suite et la conclusion de ce chef d'œuvre."
,"5,0",,"Généralement je ne suis absolument pas série survival mais celle-ci a réussi à m'accrocher et elle est juste INCROYABLE ! Les personnages attachants, un scénario sinistre, les ost géniales et de très très bons acteurs, enfin bref. Je vous la conseille vivement ! (Bon maintenant je ne vais plus être bien en entendant 
spoiler: 
Johann Strauss 
II - An der schönen blauen Donau, Op. 314 et des petits jouer à 1, 2, 3 soleil
 mais tant pis xD)"
,"5,0",,une série pas habituel à dévorer sans modération avec un gros suspens au fur et à mesure de l intrigue  une très bonne surprise
,"4,0",,"""On va jouer à un jeu""Cette phrase culte du film SAW prend ici tout un nouveau sens.Abominable.L'humanité est capable de ça ? Faut croire que oui quand je me souviens des gladiateurs, du nazisme et des enfants à qui on arrachait les yeux pour les revendre. Envie de crier.Rendons hommage au dessinateur Escher pour les scènes dans les escaliers.Pour l'instant je ne juge que sur mes 4 premiers épisodes que j'ai vus."
,"5,0",,"J'ai adoré, du début jusqu'à la fin. Très pressée pour la saison 3! Je n'ai été déçu de Rien et a chaque fois la série a eu de sacrés rebondissements."
,"5,0",,"déjà commencé, déjà terminé. squid game, contrairement à ce que plusieurs personnes peuvent penser, n'est pas qu'une série ou il n'y a que du sang et des morts. oui, mais pas que. il y a aussi de l'humour. j'ai adoré cette série et je l'ai vu et revue. super série."
,"3,5",,"Je ne voyais pas d'intérêt à une suite au blast de 2021 : la boucle était bouclée et de fort belle manière. Pourtant Netflix a évidemment produit la suite. Et, j'avoue que cette nouvelle partie a bien des qualités. Déjà la motivation du gagnant du 1er jeu, fait sens. Ensuite le focus sur l'enquêteur ayant survécu, est un autre axe intéressant. Les deux histoires se croisent avant de suivre leur chemin (mais l'une est bien plus intéressante que l'autre qui multiplie les échecs au point d'agacer le spectateur). Les nouveaux jeux, les nouveaux règles, les nouvelles gueules, les nouvelles musiques sont autant de points positifs qui prolongent le plaisir avec fraîcheur. Tout comme le côté backstage et le soin apporté aux ""méchants"". Violence, comédie, drame, tout se mêle dans ce Squid Game qui joue encore sur les enjeux moraux, avec une vraie sensibilité. Dommage que la fin soit aussi abrupte et semble nous refaire le coup de la saison 2 de la Casa de Papel. Mais j'ai envie d'y croire et de terminer la partie."
,"2,5",,"Cette deuxième saison est paradoxale: elle semble souvent traîner en longueur dans des scènes à rallonges injustifiées, alors qu'elle se termine de manière abrupte et un peu anticipée, comme si elle avait été artificiellement coupée en deux parties. On reste donc sur sa faim, et pas vraiment convaincu par l'ensemble qui est mal équilibré et parfois trop caricatural, que ce soit le fond ou la forme."
,"3,5",,"Il faut 2 ou 3 épisodes pour entrer dedans,mais après on veut savoir la suite et on enchaîne les épisodes facilement."
,"3,0",,"Ayant été plutôt conquis par la saison 1 par son originalité, je me suis laissée tenter par la saison 2. Les premiers épisodes tise une toile (plutôt bien fichue) pour renfermé le public dans le même décors déjà vu dans la saison 1, même méthode, même règle avec cette fois des personnages très, trop caricatural. (on a tout : le trans, le duo familial, le soumis, le drogué. comme ça le paquet est fait) après le manque de rythme est flagrant, tout est visible à des kilomètres sur ce qui va se passer, peu de suspens et peu de surprise.. dommage. certaine scène (dans les toilettes) son sympa , certains jeux (le manège) simple et efficace. c'est également plaisant de passer un peu dans les coulisses du jeux. malgré son scénario téléphoné, peu de suspens et des personnages pas super travailler, cet saison 2 (ou plutôt partie 1) se laisse regarder sans problème mais ne chamboulera pas le cinéma."
,"3,5",,"Un Battle Royale en huis clos dans lequel 456 joueurs s'affrontent pour gagner de l'argent ou mourir au cours de six jeux inventifs durant lesquels tous les coups sont permis. Si certains acteurs surjouent vraiment trop (mais c'est souvent le cas dans les films coréens), on s'attache rapidement à certains d'entre eux. L'ambiance de la série est plutôt réussie, avec une part de mystère liée aux masques portés par les organisateurs du jeu et à l'île où se déroulent les épreuves mortelles. L'effet de surprise de la première saison n'est bien évidemment plus là dans la saison 2, mais la suite de la série parvient à nous étonner une nouvelle fois en nous montrant l'envers du décor. Certains personnages sont une fois encore insupportables et surjouent, les jeux sont moins intéressants que dans le premier volet, certaines scènes trainent en longueur pour justifier une troisième saison, mais quelques bonnes idées scénaristiques permettent de ne pas s'ennuyer outre mesure. La saison 2 se conclut sur un cliffhanger qui laisse espérer que la saison 3 éclaircira les zones d'ombre de l'histoire (qui tire les ficelles ? Pourquoi le numéro 001 a-t-il pris le risque de participer aux jeux ? Pourquoi le numéro 11 lutte-t-elle contre les prélèvements d'organes ?...).Mais rien de tout ça pour le final de Squid Game qui reprend son rythme de croisière avec de nouveaux jeux dans la saison 3, comme si rien ne s'était passé dans la saison précédente. La fin est tellement prévisible qu'on espère jusqu'au bout que les scénaristes aient prévu autre chose pour nous surprendre. En vain. Dommage car cette série très originale dans sa première saison et surprenante dans la deuxième saison, échoue à se conclure efficacement dans sa saison 3. Mais elle aura au moins eu le mérite d'inspirer d'autres séries qui ne lui arrivent la plupart du temps pas à la cheville. Game over."
,"3,5",,"Bourrée d'incohérences, pour mieux y porter critique, cette série nous fais plonger sans réserve aucune et avec un intérêt préservé, voir démesuré."
,"3,5",,"Cet habile mélange entre l'univers de la série ""Alice in borderland"" et celui de ""Battle royale"" est original et bien rythmé avec de l'action, de l'intrigue, de l'émotion et du suspense quant aux jeux lors desquels les candidats vont devoir s'affronter pour rafler la mise. Les personnages principaux sont intéressants, notamment Seong Gi-Hun, formidable loser au grand cœur que ne renierait pas Bong Joon-Ho ! Seul fausse note pour ma part : la fin de saison, un peu longue à se mettre en place et s'achevant sur un cliffhanger improbable ! Mais je visionnerai à coup sûr la suite si elle se fait !"
,"3,5",,"Cet habile mélange entre l'univers de la série ""Alice in borderland"" et celui de ""Battle royale"" est original et bien rythmé avec de l'action, de l'intrigue, de l'émotion et du suspense quant aux jeux lors desquels les candidats vont devoir s'affronter pour rafler la mise. Les personnages principaux sont intéressants, notamment Seong Gi-Hun, formidable loser au grand cœur que ne renierait pas Bong Joon-Ho ! Seul fausse note pour ma part : la fin de saison, un peu longue à se mettre en place et s'achevant sur un cliffhanger improbable !"
,"3,5",,"J'aime déjà ce genre de concept où on a une sorte de jeu sadique autour de pièges mortels : Saw, Cube, L'expérience, Hunger Games, Escape Games, Battle Royale...Ici on a une version coréenne en format série tout à fait passionnante : bon casting, joli design, bonnes idées de jeu...Pas incroyable face au reste mais très bon. La saison2 revisite de manière plutôt intelligente le concept si ce n'est l'absence de découpage par épisode et de fin puisqu'une saison3 était prévue. Elle au moins se finit et ouvre sur un éventuel reboot américain.Mais de nombreuses situations de cette saison dans les décisions des participants sont un peu absurdes (jusqu'à l'épreuve finale où c'est du grand n'importe quoi)."
,"3,5",,"3,5/5 Bien. Une bonne surprise, en neuf épisodes le rythme est soutenu, l'histoire avance plus qu'attendu à première vue, on peut espérer une trame de fond bien travaillée mais ce sera à confirmer dans la suite. Les épisodes s'enchaînent avec plaisir, les acteurs sont convaincants. Les ""ultimes rebondissements"" sont bien de marque asiatique, on peut s'y attendre grâce à quelques indices et le timing est un peu gros mais ça passe. Bien."
,"4,5",,"Pour qui connaît le cinéma coréen, la série use de sa recette a savoir drama, comédie et violence. Squid Game joue sur la lutte des classes par le prisme de jeux d'enfants et c'est sa force. Un pitch dingue, des costumes et décors décalés, une galerie de personnages attachants, du mystère, des intrigues et sous intrigues variées et du rythme et de l'utraviolence. Le hit de 2021 n'a pas usurpé son succès."
,"5,0",,"Une des meilleures séries. Beaucoup de suspens, d'émotion et d'action. Les acteurs jouent très biens."
,"4,0",,"Délicieusement ""dérangeant"" et adictif... Scénario en béton même si reprise de plusieurs genres et films déjà vusLa bande annonce ne me donnait pas envie et au final j'ai visionné la série en un jour"
,"2,5",,J'ai détesté le jeu des acteurs. C'est en permanence sur-surjoué et j'ai trouvé ça insupportable. Sinon l'idée est bonne et l'histoire plutôt intéressante.
,"4,5",,"Il est surprenant de voir la recherche entre toute cette équilibre dramatique et horrifique, le tout, basé sur le thème à jeu. Squid Game est une excellente surprise."
,"2,0",,"la première question est pourquoi? pourquoi ce buzz autour de la série. l'histoire est intéressante mais malheureusement gâchée par un mauvais jeu d'acteurs qui jouent des personnages caricaturaux.  une pâle copie de battle royale,  de fantomas avec le maître du jeu. des décors kitch.  une intrigue avec le traffic d'organes qui n'aboutit pas. des lenteurs entre chaque jeux. des incohérences dans le scénario.  Le tout donne une série moyenne ou l'on s'ennuie."
,"4,5",,"Lorsque cette série est sortie, en voyant tout l'emballement autour de cette série, je me suis dit ""bon encore une série du style Casa de Papel"", une série sur côtée etc. Elle ne me tentait donc pas du tout. Puis j'ai essayé et effectivement cette série est un OVNI comme j'ai pu lire sur un autre commentaire. On retrouve là un scénario, une série d'une qualité rare. J'ai eu récemment une claque en voyant le film Parasite. Et bien là c'est la même chose. La série n'est pas parfaite mais je la trouve tout de même excellente. 
spoiler: 
 On se doute par exemple de qui va gagner, mais je pense que la série n'essaye pas de nous le cacher. 
 Cette série va bien plus loin que ce qu'elle nous montre puisqu'elle veut nous faire passer un message que je laisse le soin aux spectateurs de découvrir. Et puis cela fait du bien de voir une série qui ne se soucis pas des critères de la bien pensance etc. Là on a une série vraiment unique, gore certes, mais quel régal..."
,"5,0",,j'ai adoré cette série. elle a une petite lenteur necessaire sur une épisode mais du reste que c'est bon. J'étais tellement dans le mal sur le jeu où ils sont encore 80. j'avais encore plus peur que eux tellement les scènes et l'ambiance étaient bien amenées. Encore !!!
,"2,5",,"Nouvelle série-phénomène de Netflix, Squid Games plait le temps d'un épisode puis déçoit. Donc un programme sur-côté coréen détrône un programme sur-côté français (Lupin) dans l'audimat netflixien, bon en même temps çà fait longtemps qu'on sait que majorité n'est pas égale à qualité. Et heureusement que Le Jeu De La Dame vient rehausser le podium. L'idée de base est bonne mais s'étiole très vite, les ficelles sont grosses, certains twists se devinent à l'avance et on se fout clairement du sort de chacun des personnages tant ils sont tous antipathiques. Et cette façon outrée de jouer de certains acteurs coréens est absolument insupportable, il faudrait peut-être songer à leur dire qu'à la télé on n'est pas au théâtre, pas la peine d'en faire des caisses pour que tout le monde en profite."
,"2,0",,"Des hauts avec de longues scènes tendues de jeux et des bas avec tout le reste, dans le neuvième et dernier épisode très faible la démagogie de cette série avec un message moralisateur comme pour se rattraper après tant de cynisme et de racolage tombe à plat."
,"5,0",,"Que dire de plus avec mes 5 étoiles ? Je pensais avoir affaire à un film pour ado. Après avoir vu les Narcos et El Chapo, je n'étais pas enclin pour une série qui m'avait tout l'air d'un truc de jeu. Le premier épisode me confortait dans mes croyances, jusqu'à à ce d'un seul j'assiste à une fin de cet épisode qui m'a laissé dans une grande stupéfaction. Et c'est parti ça sa dévore entièrement en un weekend ou pour les plus endurants en une nuit blanche. Allez y ! Il n'y a pas lieu d'hésiter devant un tel exploit sud coréen. Tout est magnifique. Decor, suspense, psychologie. 5 étoiles sur 5!"
,"2,5",,"On voit que le concept Squid Game s'essouffle, par rapport à une saison 1 parfaite et sans de ""trop"", ici on se retrouve avec des longueurs et des scènes plus inutiles les unes que les autres, la fin nous laisse sur un cliffhanger désastreux et sans grand intérêt car on s'y attendait. La série est particulièrement longue à se lancer au début également. Beaucoup de faux raccords dans l'histoire, pourquoi le joueur 456 n'a pas proposé de partager sa cagnotte qu'il avait gagné avec les autres joueurs pour faire voter contre la reprise d'un jeu ? En fait, le problème dans cette saison c'est qu'on s'attend à tout ce qui se passe, contrairement à la saison 1 où chaque scène était une surprise et une énigme... Cependant, les personnages sont très attachants, et je les préfère à ceux de la saison 1 (La dame âgée et son fils, la femme transgenre, la fille enceinte et célibataire, l'investisseur en crypto...J'espère des rebondissements sur la saison 3 car je suis resté sur ma faim"
,"5,0",,Le début est TRÈS lent il ne donne pas envie d’aller plus loin.. en se forçant un peu tu regrettes vraiment pas d’avoir continue ….. bref le l’ai termine 2 jours t’as compris le truc ..
,"3,5",,"Je me retrouve dans le même cas que pour ""La Casa de papel"" : il faut  trouver ça génial sinon on passe pour un ringard.Et bien ,non, je refuse ! La ""Casa "" c'est très innovant (surtout la saison1) mais ça ne me laisse pas sur le c*** comme je l'ai été un jour en finissant SEVEN , USUAL SUSPECT , le 6éme SENS ou THE GAME en autres films à twist  final!!!!!!En parlant de La Casa de Papel ;le coup des combinaisons rouges et des masques dans  Squid Game?? je vous laisse juge.... Revenons à Squid Game , j'ai aimé beaucoup de choses , je ne dis pas le contraire, mais de là a crier au génialissime ,il y a du chemin!! C'est du pompé Battle Royale , les gars , faut pas exagérer ,non plus!! J'ai aimé l'image (les décors en jettent,c'est vrai), certains jeux assez géniaux
spoiler: 
""1.2.3 soleil ""-""le jeu du pont de verre"" qui pour moi est le meilleur
 les persos qui  jouent très bien pour certains  quand d'autres sont horripilants (surjeux asiatique fréquent)mais dans l'ensemble c'est HYPER cliché et on devine de suite qui va survivre! L'épisode 6 est excellent sur la noirceur de la nature humaine mais certains épisodes sont creux et uniquement là pour trainer en longueur sur 9 épisodes .J'ai pas aimé les VIP avec le coté copié/collé ""Hostel"" , leurs masques boules à facettes ridicules et le coté habituel de la critique de la société riches et pauvres en Corée comme ailleurs. Pas plus que l'inspecteur infiltré qui ne  sert pas à grand choseLe scénario ?? .... Pas de quoi s'extasier : du Battle Royale, Hunger games,Alice in Borderland et j'en passe! La fin 
spoiler: 
 le vieux monsieur qui se  la joue SAW?
Oh! les gars , si vous n'aviez pas trouvé il ne  faut  plus regarder que les enquêtes de Scoubidou  !! Très Gros 
spoiler: 
le chiffre 001 celui du Boss! Comment a t'il survécu: il connaît tous les jeux , retrouve sa maison dans sa rue et c'est le seul qui ne prends pas sa désormais célèbre bastos dans la tronche en plan direct, réfléchissez donc un peu ??
A voir ? Oui ; mais pas cultissime comme beaucoup de monde le dit !"
,"0,5",,"Déjà que la saison 1 étais écrite par un enfant de 5 ans, la saison 2 c'est un enfant de 3 ans, cela me fait regretter Arthur malédiction tellement cette saison 2 est une insulte, dialogues réellement pitoyable, scène EXTREMEMENT LONGUE qui n'ont AUCUN intérêt, tellement d'incohérences qu'il ferait passer un nanar pour un chef d'œuvre. 100M de budget pour aucun effort."
,"5,0",,"La série de l'année avec Arcane, c'est innovant, décalé et long, que demander de plus ? Hâte de voir la saison 2."
,"2,0",,"Pas terrible, prévisible et une seul saison aurait suffit.Série qui surfé un peu sur le succès d autre série sortie précédemment mais au final c est juste du réchauffé.."
,"5,0",,Génialissime!!!Le cinéma coréen est de plus en plus surprenant. Cette série a tout! Regardé les 9 épisodes en une soirée. A ne surtout pas manquer.
,"5,0",,"une très belle série avec de fort personnage hâte de voir une saison 2 
spoiler: 
 faut dire que jabais plus rien a dire alors je vous écris ses quelque lugne pour vous spoiler qua la fin .... ah zut je suis qu'au 8 eme episode bon jy retourne finir la série que je recommande fortement ⏺️⏹️"
,"5,0",,"Même si nous le savions dès le début qui allait gagner, cette série est génial. Dès que le premier Jeu débute, impossible de ne pas regarder la suite! On en réclame encore et encore (pauvres candidats lol). Les jeux de notre enfance comme thème de jeux est une excellente idée. Vivement la suite de la série ❤️"
,"2,0",,"Une saison 2 en mode forçage, plus d'effets de surprise, des personnages caricaturaux poussés à l'extrême, des longueurs pour combler le vide, l'histoire générale très bancale etc C'était prévisible, une série comme ça c'est top mais c'est un fusil à un coup ."
,"2,5",,"L'enthousiasme pour cette série est à limage de celle ci, on suit le troupeau.Je ne trouve rien d'extraordinaire, les effets speciaux sont datés, par moment c'est inutilement gore, les acteurs surjouent (c'est peut-être le style coréen), on a des passages trèèèèss longs. Les intrigues secondaires ne sont pas creusées.Ca aurait pu faire une bon film de 2 h, mais une serie de 09 épisodes...."
,"4,0",,"J'ai bien aimé la série sauf les deux derniers épisodes, je ne sais pas pourquoi mais bon. Les personnages sont attachants mais ils meurent tous donc dommage. 4/5"
,"4,0",,"Malgré quelques années d’attente, la saison2 de squid game est une réussite. Elle n’est pas aussi parfaite que la saison 1 Mais arrive à nous faire douter et nous donner un bon scénario. Hâte de voir ce que nous réserve la suite."
,"4,0",,"Très très bonne série, vraiment mais j'espère que vous avez le cœur accroché.Ce qui m'a étonné avant toute chose c'est surtout le succès de la série : le concept de Battle Royal est un concept imminent de la culture asiatique, il y a une tonne et demie d'œuvres en tout genre sur ce thème, donc même si certain/es œuvres sont tout aussi bonnes que Squid Game, je pense que c'est surtout la communication autour de cette série qui l'a fait exploser, à tel point qu'elle a presque dépassé La Casa De Papel.Si on s'en tiens uniquement à la série même, elle est déjà très bien réalisée avec des décors réalistes et soignés, et malgré le scénario peut original celui ci est vraiment bien écrit et donne un ensemble cohérent, avec de multiples rebondissements, qui viennent rajouter du piquant aux épisodes qui en possèdent déjà beaucoup. Je suis vraiment passé par toutes les émotions pendant le visionnage, de l'envie de gagner, envie de pleurer, envie de se battre, j'ai rarement ressenti cela.De plus, cette série a un sens caché très important, c'est un véritable satire de la société coréenne, qui démontre le manque de pitié face aux personnes avec des problèmes financiers, et la ou Squid Game est fort c'est qu'il fait vraiment réfléchir à ce sujet, et remet en cause notre manière de penser vis à vis de ces pauvres gens. La série est assez trash, si vous êtes sensible je vous la déconseille vivement, car elle est très malsaine et contient des scènes choc.En revanche si vous avez aimé les films Saw, Alice in Borderland ou le  manga Real Account vous serez servis avec cette série, très réussie."
,"4,5",,"Grandiose. Un jeu de massacre d'une grande humanité. Jouissif pervers immoral révoltant et émouvant à la fois, sans parler de l'originalité, une grande réussite. Quelques longueurs toutefois."
,"2,0",,"Série banalisant la violence extrême et mêlant jeux de récréation à massacres de masse. Le concept est simple : vous jouez à des jeux d'enfants, et si vous perdez, vous êtes éliminé au sens littéral du terme. Il est très inquiétant que des enfants puissent voir ce genre de choses, et que cette série ait autant de succès. En dehors de décors et de dialogues bien construits, la fin n'est finalement pas du tout convaincante, et presque désespérante. Il est, de mon avis encore plus criminel que Netflix mette ce genre de choses à disposition d'enfants qui peuvent grandement être perturbés suite à ce mélange macabre entre les jeux auxquels ils jouent dans la cour de récréation et cette ambiance horrible où les perdants sont tués.Je recommande moyennement"
,"2,5",,"Scénario plein de potentiel avec ""violence à l'asiatique"" (du cru, du sang).Malheureusement, beaucoup de clichés au niveau de la construction des personnages. Beaucoup trop de ""coïncidences mystérieuses"" qui rendent la série atrocement prévisible. Plusieurs valeurs véhiculées maladroitement (par exemple la seule femme un tant soit peu indépendante et qui ose s'affirmer est littéralement hystérique et tout le monde la regarde de haut). Une mise en avant des valeurs de la force masculine et un rabaissement assumé de la faiblesse (qu'elle soit féminine ou liée à la vieillesse)...Et l'énorme cliché de
spoiler: 
 la secte de puissants qui savent plus comment dépenser leur argent et se divertir,
 vu et revu...Mais à part ces aspects, c'est dans le traditionnel des séries un peu malsaines et il y a de bonnes idées. C'est juste amené un peu maladroitement "
,"5,0",,"Ce que nous notons a nécessité des heures incalculables de travail. Ils méritent la meilleur note et une critique objective.Squid game est une série à part. Les choix cinématographiques qui ont été faits sont spéciaux et inattendus et pour autant très intéressants à regarder même si on en a pas l'habitude. L'histoire se passe dans peu de lieux différents, à la limite du huit-clos, mais ça ne se ressent pas. Pour vous donner une image : the cube (1997) est plus un huit-clos que hunger games (2012) qui l'est autant que Squid Game. Et tous les trois se ressemblent sur certains points : rapport à une mort quasi certaines, espaces clos, dangereux et imprévisible.Dès le début, les personnages paraissent tous un peu exagérés : les personnes âgées recroquevillées et altruistes, les pauvres addictes aux jeux et immatures, ... Parfois même on trouve le jeu d'acteur surjoué mais rapidement tous deviennent très attachant et une fois habitué on apprécie leur style particulier, un style qui ressemble un peu aux pièces de théâtre finalement. L'ambiance que créé ce film, avec ces personnages clichés, la façon de jouer, ces décors minimalistes mais puissants, rappellent vraiment le style thriller/épouvante/mystère des films comme the Cube, Plateforme (2019), Exam (2009), etc. Et c'est un vrai régale de se replonger dans une intrigue si simple et angoissante en même temps.La série se tente aussi à des mises en scène ambitieuses et c'est plutôt réussi. A un moment par exemple, (sans spoil), une scène de plusieurs minutes nous montre deux acteurs et un long monologue. Pas si fréquent que ça dans le cinéma et pourtant très bien interprété ici. Scène suivante, même schéma mais différents personnages. Un enchaînement de scènes qui nous fait frissonner !Un autre élément appréciable de cette série est que son histoire a une fin. Une fin ouverte certes, mais une fin satisfaisante. Nous savons aujourd'hui qu'il y aura une deuxième saison, et tout est imaginable mais ici nous avons bien une fin qui permet d'apprécier la série sans être déçu de ne pas pouvoir cliquer sur ""épisode suivant""."
,"4,5",,"Subjuguée par cette série, très prenante car nous sommes faces à l'humain dans toute ses facettes et il ya en plus la notion du choix dans ce show où l'on ne fait pas que subir impuissamment puisqu'on a la possibilité à un moment de 
spoiler: 
retourner dans cet enfer !
Pour ceux qui critiquent le jeu d'acteurs, intéressez-vous à la culture avant, les coréens SONT comme ça majoritairement, si c'est votre 1er ""Kdrama"", pas étonnant ;)"
,"4,0",,"J'ai regardé cette série avant la hype, et je l'ai beaucoup appréciée, cependant je la trouve très surcotée aujourd'hui. Certes, elle est très bien, mais tout le monde vendait ça comme LA meilleure série de tous les temps, ce qui n'est pas le cas à mon sens. Le principe est bon et j'adore ce genre de trames. Les épreuves sont sympas, il y a des rebondissements notamment à l'épisode 6 qui était assez fort en émotions. Les personnages sont très réalistes (petite mention spéciale au policier qui est très beau). La hype se comprend, mais je trouve qu'il y en avait trop qui était fait. Par contre, je trouvais ça assez prévisible que 
spoiler: 
 le numéro 001 est en fait l'organisateur de tout ça.
 Je m'en étais doutée à partir du moment où 
spoiler: 
il avait mit en scène sa mort durant l'épreuve des billes, sachant qu'on ne l'avait pas vu se faire tirer dessus, je trouve que c'était assez logique qu'il ne soit pas mort
. Le jeu d'acteur est bon, on y croit, et l'épreuve qui m'a fait le plus stresser est celle des vitres (la dernière) où l'atmosphère était très prenante. Je suis déçue de certaines morts, mais ça faisait sens car il ne pouvait y avoir 
spoiler: 
qu'un seul gagnant, et c'était un peu évident que ça allait être le personnage principal qui allait gagner.
Pour résumer, cette série est très cool, et si vous ne vous êtes encore rien fait spoiler en allant sur les réseaux sociaux c'est un miracle. C'est sympa, mais pas très joyeux. Cependant tout y est pour passer un agréable moment."
,"1,0",,"Bon j'arrête. Pourquoi personne ne leur dit ? C'est mauvais les gars quoi. Mon chiwawa joue mieux. Chacun pour soi ok ... En mode training psychologique vers la fin du monde on accepte..  exécutions sommaires et fours crématoires on avale...  pas de ouf mais bon chacun son truc et puis papi n'est plus là. Et puis aussi comme ça on se sent encore plus OP à planter la carotide de la meuf qui vient de nous griller la place au Spar. Mais juste arrêtez de crier à chaque phrase quoi... On sait que vous avez des trucs à dire. Tristesse, colère, peur ...  Mais crier ce n'est pas jouer."
,"4,0",,super série. il faut quand même passer les  30 minutes du premier épisode où on voit que l'acteur principal a un jeux trop trop accentué ça fait presque faux mais après des que l action commence c'est bon on rentre dans l histoire et ce même personnage devient même attachant... j'ai essayé la vo mais bon le coréen c'est trop violent pour moi dommage. la VF passe mieux bizzarement moi qui suis assez adepte de vo pour mieux m immerger dans l'ambiance. on ne q ennuie pas une seconde j'ai mangé tous les episodes en 2 jours...après j'adore le film battle Royale...le vrai film pas pour les puceaux comme hunger games
,"2,0",,"Franchement, déçu. Comme pas mal de monde je l'attendais ce retour. Le jeu des acteurs est nul. Une bande de gamins 
spoiler: 
excités, survoltés, pleurnichards, tremblotants en permanence. 
 Bref rien de neuf sous le soleil. Je n'attends rien de la troisième saison. Navrant!"
,"2,5",,"Pas déplaisant à regarder mais d'énormes ficelles scénaristiques gâchent l'immersion.Le propos est naïf, presque niais malgré les torrents de violences et d'hémoglobine. L'esthétique est plutôt sympa. Bref une série plutôt calibrée pour les adolescents.À préférer dans le même genre Hunger Games  ou Battle Royale (de Kinji Fukasaku)."
,"3,5",,"Ca commence comme Squid game et ça évolue en bataille royale. Les scènes épiques sont parfois entourées de bavardages, cela aurait pu passer bien si les personnages avaient plus de hauteur et d'envergure. Mais là peu de personnages sont excitants, le sempiternel vote collectif dure des plombes et les comportements sont assez prévisibles, où est la fantaisie délirante de la saison 1 ?A voir au moins une fois pour certaines scènes détonantes, avec la télécommande ou la souris pour accélérer toutes les scènes bang-bang et les états d'âme peu passionnants qui n'apportent pas grand chose."
,"2,0",,"La série a fait l'effet d'une bombe mais en réalité c'est juste un pétard mouillé rien de plus.  Le concept n'est pas nouveau les scènes sont tellement prévisibles quasi aucun suspense, les acteurs qu'ils SURjouent sa je ne supporte pas, les scènes au ralenti qui furent qui durent qui durent.... Ça ne fonctionne pas pour moi je met les 2 étoiles pour les décors, les costumes"
,"3,5",,"En manque d'inspiration.Après le gros succès de la saison 1 qui se suffisait à elle-même puisque l’histoire était bouclée, que pouvait apporter une seconde histoire ? Les scénaristes ont-ils eu assez de créativité pour créer la surprise ?Mon avis est : pas vraiment. Le début de cette seconde saison semblait pourtant tracer une nouvelle voie avec une enquête de police mais très vite, ce qui a fait le succès de la première saison revient sur le tapis. Ce qui me fait dire que toutes les scènes d’investigation de la police sont franchement inutiles.Globalement, c’est assez ennuyant. D’abord car j’ai eu cette sensation de réchauffé. Ce n’est pas vraiment une suite innovante. Ensuite, il y a trop de passages avec des discussions pas toujours passionnantes et des spéculations en fin de compte inutiles. Cela induit l’impression d’un gros manque de rythme. Les nouveaux personnages en scène sont aussi globalement moins marquants et intenses que la saison 1.Maintenant il reste le jeu éliminatoire et la violence impitoyable qui fait toujours son effet et qui sauve cette saison 2. Le seul élément épicé et vraiment nouveau est la scène de la fin mais … Elle nous laisse sur notre faim. Rendez-vous à la saison 3."
,"4,0",,Squid Game est une très bonne série Coréenne ce qui change ! L'intrigue est assez longue à demarrer mais l'histoire et les personnages sont interessants
,"5,0",,"Pour être honnête, j'avais peur que cette saison 2 soit de ""trop"", et au fin de compte, bon sang je ne suis pas déçu. L'intrigue, 
spoiler: 
le plan de Seong Gi-Hun pour arrêter les jeux
, tout été parfait, pour moi. Je ne comprend absolument pas les personnes mettant 1 étoile, il y'en a probablement certain qui ont mis cela juste parce qu'un personnage Trans dit ""woke"" est présent. En tout cas, hâte de découvrir ""la deuxième partie"" de cette saison 2."
,"1,5",,"Aie Aie Aie on est sur une grosse déception... En gros vous avez aimé la saison 1 ? Bah la saison 2 c'est comme la 1 mais avec les trucs bien en moins... Je suis même content qu'il y ai 7 épisode tant j'ai galéré pour arriver au bout. Tellement de blabla inutile , de personnages grotesques auxquels on ne s'attache pas du tout ( on s'en tape de chaque mort c'est dire ) et les jeux ! LES JEUX QUOI ! Ce qui était le point central et vecteur de toute la tension presente dans la première saison devient totalement secondaire et inintéressant. Mais le pire reste les trop nombreuses incohérences. 
spoiler: 
Déjà le personnage principal est si stupide pour ne pas se douter une seconde que le n°1 COMME DANS LA PREMIÈRE SAISON est un traître ? Même pas une seconde il se pose la question ??? Les votes qui se jouent touuuuujours à une voix même quand ils sont 300 , les gens qui reussissent les epreuves toujours à la seconde près et j'en passe ... Et ce pseudo cliffanger pfffff
 je suis pas certain de matter la saison 3 perso"
,"5,0",,"Je pensais que cette série n'allait être qu'une pale copie de Hunger Games et j'ai été agréablement surpris de voir que je m'étais trompé sur toute la ligne. On prend le temps de nous montrer la cruauté humaine dans son état le plus exhaustif, que ce soit hors du jeu ou à l'intérieur. La série fait prendre conscience de la valeur que l'on peut attribuer à l'argent : 
spoiler: 
soit être prêt à tout pour en gagner ou en perdre afin de changer sa vie de misère ou monotone
. Un débat philosophique qui prend une ampleur considérable tout au long de la série et qui nous laisse un aperçu de ce que nous aurions pu faire à la place du protagoniste principal.Il est rare que Netflix fasse d'aussi bonnes séries sur sa plateforme et j'espère qu'il en sera de même pour les productions à venir, sur ce, j'attends une deuxième saison avec impatience 
spoiler: 
(pourquoi pas sur les antagonistes qui organisent les Squid Game)."
,"2,5",,"Je suis toujours effaré par l'explosion médiatique qu'une série peut produire.A croire qu'on paye ces mêmes médias pour répéter à l'envie les délires dithyrambiques écrit par des stagiaires prépubères.Pourquoi spécialement celle-là ? on ne sait pas.Ceci dit, cette série -juste violente, on a vu pire- reste très classique et prévisible au possible et ne mérite pas tant d'éloges.Dans la lignée récente d'un bien meilleur ""Alice in borderland"" mais moins dur -dans mon souvenir- que ""Battle royale"" (lui, japonais), c'est un bon exutoire pour comprendre les sud-coréens même si je le préfère condensé dans un film comme l'excellent ""Parasite"" de 'Bong Joon Ho'.
spoiler: 
Le twist final va en énerver plus d'un -on l'a déjà vu et revu- mais je crains surtout que ça laisse présager une saison 2 qui pourrait être pire."
,"4,5",,"Vraiment une super découverte! Entre hunger game et battle royale mais cette fois sans trop de trash à la coréenne (le thème de la série aurait pu le justifier). Même si le scénario est un peu prévisible, on se laisse complètement prendre par les différentes émotions que provoquent l'histoire des personnages et le jeu des acteurs. A regarder en VO(ST) bien sûr...!"
,"5,0",,"Tout ce que je peux dire c’est que comparé à la saison 1, je trouve que Squid game ont frappé fort sur cette saison 2, je trouve qui a plus d’actions et de suspens !En ce qui concerne la saison 3 ne vous en faites pas vous n’aurez pas attendre 3 ans ! La sortie sera normalement prévue cette année En tant que fan de la série, j’ai hâte de voir ce que cette saison 3 va nous réserver de plus ! "
,"2,5",,"L'originalité du scenario valait une saison, mais pas deux. La deuxième est très redondante, mal montée, mal réalisée. Avec carrément de grosses erreurs de script et des trous dans le scénario.Finalement, après moultes longueurs, un suspense est placé brusquement, juste à la fin de l'épisode final.On prend vraiment le spectateur pour un imbécile."
,"5,0",,"La série à le mérite d'arriver avec un très bon scénario et une mise en image très propre.Le rythme de la série est très bon, je ne m'ennuie à aucun moment.la tension ainsi que le suspense et les questions que je me pose sur la suite de l'histoire fait que je ne m'ennuie à aucun moment durant cette série, et c'est bien le but.Un bémol toutefois sur la grande violence graphique et psychique de cette série, qui réduit l'humain à l'état de fourmis."
,"2,0",,"Quelle déception ! Aucune subtilité, les personnages sont caricaturaux au possible. Il y a beaucoup d'invraisemblance et d'incohérence dans le scénario. Je ne comprends pas le succès d'une telle série."
,"3,5",,"Après tout le battage fait autour de cette série coréenne j’ai voulu me rendre compte par moi-même.  C’est bine fait, ça tient en haleine, quelques scènes au suspens haletant et à couper le souffle, et c’est très violent. Plutôt du haut de gamme, un peu dans la veine de La casa de papel, mais assez perplexe devant l’engouement généralisé. Une deuxième saison est souhaité par Netflix mais est)ce bien nécessaire ?"
,"3,5",,"Difficile de repartir sur une saison 2 après le succès de la première, qui se suffisait déjà à elle-même. Cela met du temps à vraiment démarrer ici, ce n’est qu’au troisième épisode que l’intérêt reprend. Même si l’ensemble se laisse regarder, l’effet de surprise n’est plus là et on a parfois l’impression d’un simple prolongement sans réel enjeu nouveau. Certaines idées sont intéressantes, mais d’autres tournent un peu en rond. Et pourtant, une saison 3 est déjà prévue pour l’été… À ce stade, je peine à voir l’intérêt d’étirer encore l’histoire, même si les héros sont bien mal en point en cette fin de saison. Espérons au moins un vrai renouveau… ou alors mieux valait s’arrêter là. Sans plus donc…"
,"2,5",,"Dans le genre sur-côté on est sur un gros dossier là. Il faudrait voir à arrêter de s'emballer dès qu'il s'agit d'une prod sud-coréenne et savoir raison garder. Lorsque l'on sait de quoi est capable ce pays en terme de cinéma, on ne peut qu'être déçu de cette production bâclée car hormis une idée de base vraiment sympa mais loin d'être originale, on ne peut pas dire que l'on s'est donné beaucoup de mal à la réalisation. Tout y est facile, les enjeux sont vite enterrés au profit du spectaculaire et bordel ! Qu'est-ce que c'est mal joué ! La pauvreté des dialogues et la débilité des personnages complètent le tableau, on ne s'attache du coup à rien ni personne. Étonnamment ça se laisse suivre quand même mais on est très loin de la masterpiece, du moins concernant la 1ere saison, attendons la suite donc."
,"3,0",,Une histoire complétement barrée mais on se prend au jeu !! Les jeux sont machiavélique  et certaines scènes choquantes !! Certains épisodes assez inégales et parfois trop long mais dans l'ensemble ça s'enchaine bien avec du suspense et du mystère
,"4,0",,"Inventive et très psychologique cette série est très addictive. Le spectateur est un peu voyeur mais c'est jouissif. Jeune public s'abstenir car de nombreuses scènes sont sanglantes. La saison 1 m'a emballée sans retenue. Je suis plus dubitative sur la saison 2 qui me laisse totalement sur ma faim. On a un peu l'impression d'une redite pour certaines scènes et avec 7 épisodes au lieu des 9 , la saison  finit  en plein milieu d'une scène d'action.. . On aurait aimé une fin plus aboutie. Là,  on est obligé d'attendre la suite..."
,"4,0",,"Ce n'était pas facile d'enchainer après la première saison car on pouvait avoir l'impression que l'histoire avait sa conclusion. Or, la solution trouvée pour relancer l'intérêt est une vraie bonne idée. En fait, ce qui fascine, ce ne sont pas les jeux enfantins mais la diversité des motivations individuelles. Surtout l'humain apparaît dans toute sa diversité aussi bien dans le bon que dans l'abject. La cupidité croise le courage et l'abnégation. Certains sont tellement obsédés par leurs dettes de leur vie misérable qu'ils ne se voient pas mourir. Ils pensent toujours que ce sont les autres qui échoueront et mourront. Par plusieurs aspects, l'environnement reproduit les camps de la mort nazi avec les fours crématoires, les dortoirs collectifs et les exécuteurs sans état d'âme. Tout cela avec la légèreté du jeu, de la musique et des coloris pastels.Finalement, cette saison est réussie car elle apporte encore de la surprise et soigne les dialogues et petits détails. Bien sûr, il n'y a plus la totale découverte comme dans la première saison, cependant elle est loin d'être ennuyeuse et donne envie de voir la suite en saison 3."
,"3,5",,"3,5/5 Bien. Une bonne surprise, en neuf épisodes le rythme est soutenu, l'histoire avance plus qu'attendu à première vue, on peut espérer une trame de fond bien travaillée mais ce sera à confirmer dans la suite. Les épisodes s'enchaînent avec plaisir, les acteurs sont convaincants. Les ""ultimes rebondissements"" sont bien de marque asiatique, on peut s'y attendre grâce à quelques indices et le timing est un peu gros mais ça passe. Bien."
,"3,0",,"Il s'agit avant tout d'une série surestimée et d'un phénomène excessif! Il faut bien avouer néanmoins que, passé une introduction ratée, la série s'avère très accrocheuse et plutôt bien produite! Le mélange d'ultraviolence et de grand guignolesque à l'asiatique peut rebuter, mais il n'est pas interdit d'y trouver un certain plaisir coupable."
,"4,0",,"Il y a bien quelques longueurs et incohérences mais dans l'ensemble, Squid Game a le mérite de pousser loin la réflexion sur l'acceptabilité d'une situation imposée. Jusqu'où sommes-nous prêts à aller pour effacer d'un trait des années de laisser-aller? Le dernier épisode est assez magistral et le retournement de situation tout à fait inattendu. Bien vu Netflix"
,"4,0",,"Une série originale et captivante, gore, violente, dérangeante, bien jouée et qui nous tient en haleine d'épisodes en épisodes.Un truc à voir."
,"3,5",,"J'ai trouvé cette 2ème saison légèrement plus aboutie que la première, niveau scénario en tous cas. Elle met un peu de temps à se lancer, le premier jeu nous fait penser qu'on va avoir droit à un simple copié-collé de la saison précédente, mais la suite parvient à surprendre. Le jeu des interprètes secondaires est parfois un peu limite mais la mise en scène est toujours aussi efficace, colorée et inventive."
,"3,5",,"Un énorme battage médiatique pour une série qui aurait pu devenir culte, et qui le deviendra sûrement mais pas pour les bonnes raisons. Squid Game apporte son lot de morts violentes sous forme de jeux colorés et très élaborés. La qualité du jeu des acteurs et l'attachement aux différents personnages constituent le grand point fort de la série, qui n'est finalement pas si ""dingue"" que ça. La réalisation est bien travaillée, avec des idées de mise en scène bien trouvées et la BO reste bien en tête, mais la fin est clairement ratée. A voir une fois pour qui accroche au cinéma sud-coréen."
,"4,0",,Une sacré claque cette série. Avant de voir la saison 2 j'ai revu (en une traite) la première saison. J'ai eu plaisir à retrouver les personnages les jeux sadiques toujours aussi bien construits. C'est comme gladiator dans le fond et les jeux dans l'arène. Le public en redemandé. Les joueurs sont autant volontaires que victimes. Les préparateurs sous masques des jouets cachés derrières des symboles effectuant des tâches. Seul le héros semble totalement inadapté au système du jeu. Probable gagnant mais ne voulant pas gagner autre choses que des amis et des relations humaines. À t'il vraiment de la chance au final ? Ou es t il tombe dans une forme d'enfer dans un monde qui ne lui correspond plus. Le seul qui ne s'amuse pas et qui répond au dicton populaire. L'argent fait il le bonheur ?
,"4,5",,"Même si on retrouve le concept d'Alice in Borderland, cette série est tout aussi captivante et innovante par l'originalité des épreuves. Le suspens est total."
,"3,0",,"Vu Squid Game 2 Je comprend pas les Avis négatifs, certes la Saison 1 est bien meilleur, mais ici on a de nouveaux personnages nouveaux jeux qui se regarde amplement après ils surjoue un peu mais sa c'est dans la culture Asiatique Quoi Qu'il en soit sa reste très correct j'ai passé un bon moment BRAVO ⭐️⭐️⭐️"
,"4,0",,Bonne série d'un pays qu'on connais peut... et pourtant ! C'est prenant et bien réalisé. Jeux macabres et retournements de situations au rendez-vous. Je conseil.     ----Novembre 2021----
,"3,0",,"Bien que la qualité des jeux toujours aussi morbides, sois toujours d'actualité, j'ai trouvé cette suite avec beaucoup de trop de temps mort. L'intrigue est bien trop présente face au jeu qui nous amusait tant dans la saison 1. De plus la fin m'a laissé sur ma faim... 3 petites étoiles car l'effet de surprise n'y est plus.    ----Février 2024----"
,"4,5",,"Série palpitante au suspens intelligemment et diaboliquement bien orchestré. Le sujet est choquant, mais il ne l'est pas gratuitement ni bêtement. Les critiques de la société actuelle sont fortes. Les jeux d'argent, le capitalisme, la quête de richesse à n'importe quel prix, les limites du jeux et l'attrait du gain, etc sont vivement critiqués. J'ai lu beaucoup de commentaires qui tiraient à boulet rouge sur la série. Mais je préfère voir une série comme celle ci, avec certes beaucoup de violence et un cadre particulier, mais avec du propos et une vraie remise en question de nos travers, plutôt qu'une série ou film gore, d'horreur gratuits qui ne choquent plus personne car rentré dans nos habitudes cinématographiques. Là on nous met mal à l'aise dans SquidGame car on nous montre comment réagissent des personnes de tous horizons et de tous caractères, face à la mort, face à un gain d'argent pharamineux. Et on se demande forcément jusqu'où irions nous nous même ?Au delà des messages que fait passer la série, elle est très forte sur son scénario, son jeu d'acteur exceptionnel, la construction des épisodes et sur les jeux que disputent les candidats, toujours plus cruels machiavéliques et rempli de dilemmes moraux.Un sacré uppercut télévisuel"
,"3,5",,"Au vu du gros buzz fait par cette série, elle tient effectivement toutes ses promesses avec un regard sinistre sur la société. Une bonne psychologie des personnages, un certain suspense (même si on se doute dès le début qui va arriver en finale du jeu !), un bin jeu d'acteurs.Par contre, la fin est vraiment navrante, comme si les scénaristes l'avaient bâclée pour surtout ouvrir sur une suite (Vive le pouvoir de Netflix !). Pas sûr que la saison 2 tiendra aussi toutes ses promesses..."
,"4,5",,"Une S2 parfaite dans sa façon de jouer avec le spectateur : Les scénaristes jouent habillement avec les connaissances de la saison 1 pour mieux les détricoter. La scène parfaite pour expliquer la S2 est le passage entre les deux premiers jeux. Après une première saison de haut vol, un tel retour était loin d'être une évidence et pourtant, à la fin, on a juste envie d'en (re)voir plus !"
,"4,0",,"Une très bonne série parfaitement rythmée, dont le scénario épouse comme il faut le standard saison = 8ep."
,"3,0",,"Finalement cette seconde saison a les mêmes qualités et défauts que la précédente. Plutôt emballant au début, on fini par s’impatienter à cause de certains épisodes que l’on étire au maximum pour en faire des épisodes de plus d’une heure qui en deviennent long. Plus de 7h  de visionnage pour 3 jeux c’est long et quand on se tape les incohérences et les acteurs caricaturaux c’est encore plus long. Heureusement Lee Byung Hun (joueur oo1) sauve la saison , acteur exceptionnel qui s’est révélait dans < j’ai rencontré le diable > ou encore  relève le niveau de la série mais malheureusement on a étiré l’épisode 7 pour l’arrêter au moment le plus intéressant. Dommage."
,"4,5",,"Comme la plupart des gens dans le monde, j'ai très apprécié cette série.  Une vraie belle surprise pour quelqu'un qui n'est pas très fan des séries en général.  On retrouve beaucoup d'humanité et de moral dans cette série.  
spoiler: 
Je dois avouer que la poupée m'a bien impressioné
.  Je classe cette série 3e meilleures séries après Fargo et Casa del papel (2 premières saisons)."
,"4,0",,"Une des séries du moment. On se décide à regarder aussi, et c'est vrai qu'en s'y intéressant de plus près, le synospis me parle et me fait de suite penser à une sorte de ""Battle Royale"" moderne mélangé avec un peu de ""Saw"". C'est assez original donc et on dévore les épisodes les uns à la suite des autres. Le début de la série m'a vraiment plu puis, on se lasse un peu et la série penche dans le moins bon sur la fin (notamment avec 
spoiler: 
 ces VIP aux masques bien ridicules
). J'ai pu lire que la fin était prévisible mais pour ma part, je me suis laissé avoir. Dans tous les cas, la mise en scène est vraiment intéressante et c'est une série dont on se souviendra. Quoi demander de plus ? Peut-être pas une saison 2 par contre..."
,"3,5",,"La série est pas mal mais j'ai préféré la série Japonaise ""Alice In Borderland"" qui est clairement du même style. J'attends avec impatience la deuxième saison de cette dernière, contrairement à Squid Game ou je regarderais quand je l'aurais décidé. Les jeux et les intrigues de Squid Game sont moins prenantes."
,"5,0",,"La saison 2 de Squid Game surpasse la première en approfondissant son univers et en offrant une intrigue plus riche et mieux structurée. Elle explore davantage les coulisses des jeux et les motivations des organisateurs, ajoutant une couche de complexité morale et narrative.Les nouveaux personnages, tout comme ceux déjà établis, gagnent en profondeur, offrant des arcs plus nuancés et émotionnellement marquants. Les épreuves sont encore plus ingénieuses, mêlant symbolisme, tension psychologique et spectacle visuel, tout en posant des questions morales inédites.Avec une réalisation encore plus soignée, des décors époustouflants et une bande-son immersive, la saison 2 renforce l’impact de la série. Si la première saison captivait par son originalité, la deuxième impressionne par sa maturité et sa maîtrise narrative, confirmant Squid Game comme une œuvre majeure."
,"3,0",,"Une série pas mal une fois bien ancrée à l'intérieur, en attendant de voir l'issue du prochain jeu, mais en dehors de ça, vraiment pas terrible... Le jeu ""1, 2, 3, soleil"", restera le meilleur jeu en terme de surprise et tuerie, et le 6ème épisode le plus dramatique et émouvant.Hormis cela, l'histoire du début n'est vraiment pas intéressante, puis 2-3 épisodes pour vraiment entrer dans la série qui ne comporte que 9 épisodes j'ai trouvé ça trop long, tandis que la fin est une réelle déception... Le jeu des glaces est trop sélective à mes yeux, tandis que la fin, n'a vraiment aucun intérêt à mes yeux, aucune émotion...Et le flic dans tout ça?! Tout ça pour ça?!Bref, une bonne série divertissante (au moment clé) mais quand on voit l'attrait de celle-ci, elle est quand même un peu beaucoup surcotée  / surnotée. 3/5"
,"3,5",,Série Coréenne surprenante. Âmes sensibles s'abstenir tant les violences seront nombreuses. On se laisse prendre au jeu grâce au rythme et à la narration bien tournée. Quelques incohérences scénaristes gâchent la belle promesse
,"4,0",,"Bonne série de divertissement Coréene sous la forme d'une dystopie à l'esthétique très soignée. Squid Game est une sorte de Battle Royale nourri aux enjeux de la société coréenne (surendettement, pression sociale...), avec une petite touche de Saw. J'ai deviné dès les premiers épisodes l'intrigue finale, qui n'est pas très originale, mais je me suis pris malgré tout au jeu jusqu'au bout. Une bonne surprise !"
,"4,0",,"Un Battle Royale en huis clos dans lequel 456 joueurs s'affrontent pour gagner de l'argent ou mourir au cours de six jeux inventifs durant lesquels tous les coups sont permis. Si certains acteurs surjouent vraiment trop (mais c'est souvent le cas dans les films coréens), on s'attache rapidement à certains d'entre eux. L'ambiance de la série est plutôt réussie, avec une part de mystère liée aux masques portés par les organisateurs du jeu et à l'île où se déroulent les épreuves mortelles. Rapidement addictif."
,"3,5",,"L'effet de surprise de la première saison n'est bien évidemment plus là, mais la suite de cette série coréenne parvient à nous étonner une nouvelle fois en nous montrant l'envers du décor. Certains personnages sont une fois encore insupportables et surjouent, les jeux sont moins intéressants que dans le premier volet, certaines scènes trainent en longueur pour justifier une troisième saison, mais quelques bonnes idées scénaristiques permettent de ne pas s'ennuyer outre mesure. La saison se conclue sur un cliffhanger, en espérant que la dernière saison éclaircira les zones d'ombre de l'histoire : qui tire les ficelles ? Pourquoi le numéro 001 a-t-il pris le risque de participer aux jeux ? Pourquoi le numéro 11 lutte-t-elle contre les prélèvements d'organes ?..."
,"3,0",,"Une saison 1 (très) reussie, avec en fond les soucis de la societé coréenne. la saison 2 commence tres moyennement, pour finir dans le jeu, j'ai plutot apprécié, meme si l'on sent que les createurs ont poussé la serie pour faire plaisir aux fans (qu'il le leur rendent pas !). Cela reste une bonne saison 2, meme si cela aurait pu etre ""encore"" meilleur."
,"1,5",,"Hormis la partie jeu, la série est surcotée, en longueur,  jeu d'acteur pas terrible.  Assez déçu."
,"5,0",,"J'y suis venu par curiosité, j'y suis resté par la profondeur de l'histoire.Bien loin des images que l'on nous en a fait.Cette série est une clac, cela faisait bien longtemps que je n'ai pas vibré autant devant mon écran."
,"3,0",,"Très inspiré de ""Battle Royale"", (donc pas vraiment une nouveauté, comme on l'entend) la série alterne bon et mauvais.Bon : les décors, le background social,  la description par allégorie du capitalisme prédateur, les acteurs, et les jeux eux-mêmes.Médiocre : le dernier épisode chiant, les twists sans grand intérêt, la lenteur de trop nombreuses scènes.Le succès invraisemblable de la série nous assure de plusieurs saisons à venir."
,"4,0",,"Aux deux premiers épisodes, j'ai eu un peu peur.
spoiler: 
Je voulais des jeux !
Or, le démarrage est un peu long 
spoiler: 
car en dehors du game, avec la mise en place de l'enquête et de la vengeance
. Même si les scénaristes ont voulu palier cela par du suspens 
spoiler: 
(notamment avec la roulette russe) 
, on attend le moment où 456 va enfin aller sur l'île.Heureusement, la suite est à la hauteur de la saison 1 avec 5 épisodes qui décoiffent !
spoiler: 
Évidemment, 001 y est pour beaucoup. Le yin et le yang, avec 456. L'alpha et l'omega, le bien et le mal
. J'ai adoré.
spoiler: 
Tout le long, on se demande ""amis ou ennemis?"", ""où veut en venir 001?"", et on a la réponse à la fin. C'est bien un salaud ! mdr.
Je constate dans les commentaires que les gens n'aiment décidément pas le changement. C'est dommage. Perso, je n'aurais pas vu grand intérêt à retrouver une saison 2 copie conforme de la saison 1. Il faut bien qu'il y ait une histoire !"
,"3,5",,"Une ambiance tantôt sobre et mystérieuse, tantôt violente et macabre. On s'attache très vite aux personnages, en particulier le vieil homme (numéro 001 : Il-Nam), Ali et même Sae-Byeok (la voleuse). L'épisode 6 est ignoble, terriblement émouvant. Le vieux y est extrêmement touchant.Une série sans concession qui montre la nature humaine faite d'individualisme plutôt que d'entraide. Il y a de rares mais de beaux gestes d'humanité (la nouvelle venue dans l'équipe de Gi-Hun envers Sae-Byeok lors du jeu de billes). Enfin ceux qui penchent pour le collectif au départ mais finissent par se rabattre sur l'égoïsme face à la pression d'une mort imminente (Gi-Hun en personne). Le côté social est approfondi, les vices de l'humanité exposés. De nombreuses notions y sont abordées et ressemblent en cela à Seven : le pouvoir, la cupidité, l'asservissement, le voyeurisme, le cynisme (les hommes en rouge, la BO avec des musiques réjouissantes face à l'horreur). La fin (
spoiler: 
le fait que Gi-Hun continue de vivre chichement et refuse de profiter de sa fortune
) nous réconcilie avec la nature humaine (bien qu'elle résulte d'un traumatisme) même si elle laisse un goût de perplexité. Je suis partagé sur 
spoiler: 
l'attitude de Gi-Hun et mitigé sur le rôle final du vieux (cela apporte quoi à l'intrigue ? Ne pas se fier aux faux-semblants ?). Egalement un goût d'inachevé : quid du policier ? Pourquoi et comment le frère du policier est passé de joueur à boss ? Tant de questions qui resteront visiblement sans réponses...
Une satire sociale dramatique !"
,"4,0",,"Il faut dire que la série a mis tous les atouts de son côté. Bien plus ambitieuse en passionnante que la série espagnole, Squid game (Le jeu du calamar) est l’œuvre du réalisateur sud-coréen Hwang Dong-hyeok. Elle raconte comment 465 citoyens lambda, qui ont pour point commun un endettement monstre, acceptent de participer à un jeu avec à la clé des millions à rafler. Un jeu composé de six épreuves pour lesquelles l’élimination est synonyme de mort inéluctable .Véritable curiosité visuelle et narrative, cette série accroche immédiatement par son univers, son esthétique extrêmement soignée (que ce soit dans les décors ou dans les vêtements), mais également pour sa manière très subtile de caractériser les personnages tous parfaitement bien interprétés. Ajoutez à cela une compétition digne d’une télé réalité inimaginable, plus des références multiples, à la culture coréenne, à la littérature, à l'architecture et au cinéma... et vous aurez déjà largement de quoi séduire un large public.Côté scénario, il n’y a absolument rien de bien compliqué à comprendre, il faut juste se laisser happer par la curiosité morbide que suscite ce jeu, par dimention terriblement dramatique et par le côté très vite addictif qui en découlent, avec cette fascination permanente pour l’argent qui sert de liant entre tous les personnages.Résultat, on se prend très vite à ce ""jeu de la mort"" (clin d'oeil à Yves Boisset qui avait déjà imaginé un film autour de ce thème avec Le prix du danger) suscitant un fort pouvoir d’identification chez le spectateur. On passe d’une émotion à une autre, et malgré la violence de certaines scènes et le coté parfois malsain du projet, on reste fasciné par cet univers.https://www.hop-blog.fr/squid-game-sur-netflix-un-succes-viral-qui-peut-sexpliquer/"
,"3,5",,"Saison 1 : nous avons droit à un interville sud coréen original mais macabre : distrayantSaison 2 : nous sommes plus sur du thriller. Moins distrayant mais plus oppressant.Saison 3 : épilogue de la série. C'est assez noir 
spoiler: 
(tuer pour gagner de l'argent)
 critique du capitalisme ? C'est assez optimisme 
spoiler: 
(Gi hun N°456 qui est plein d'humanisme en se sacrifiant pour le bébé)
Enfin la fin annonce t elle une suite américaine?"
,"4,0",,"Franchement la série trop trop cool On s’attache s’attache  plus au personnage Les nouvelles épreuves sont hyper original Je pense que la saison 2 est très surprenant et qui dépasse les attentes er surtout le surprise des téléspectateurs Le seul problème, on as attendu 3 ans pour 7 épisode et là encore 1 un pour ça se trouve plus ou moins ?"
,"3,0",,"Le gros succès de Netflix ! Squid Game est une bonne série dans son ensemble notamment pour son originalité et sa construction scénaristique. Cependant, je trouve qu'il a beaucoup trop de défaut pour être considéré comme une grande série. Peut-être un poil surcoté"
,"3,5",,Agréable surprise... Pas très emballé par les 2 premiers épisodes puis après j ai bien aimé... L histoire est plutôt originale... Le concept de jeux d enfants macabres sur fond de critique sociale est bien mené... La mise en scène et les acteurs sont bons... Quelques lenteurs néanmoins notamment lors de l introduction des personnages... Le retournement de fin est pas mal... Bref un bon divertissement...
,"4,0",,"Bonjour,Trés belle surprise que cette série Coréenne, ou le sujet est de savoir Si sa vie pourrait être la valeur d une somme d argent, pour pouvoir vivre correctement en faisant des épreuves de jeux pour enfants ou la défaite est la mort.  Sa mort pouvant rapporter une somme d argent pour ces proches, leur permettant de mieux vivre donc un suicide rémunéré.A découvrir.... même si la violence des images est au même niveau de violence du sujet.Petit défaut,  les traductions des sommes d argent coréenne   10 000 won  =  7,50 euros, cela donne des sommes astronomiques en millions de wons...  dommage que la traduction ne soit pas en euros pour l Europe, cela aurait donner une plus grande profondeur au sujet.La saison 2 continue le mystère de ces jeux, les acteurs sont excellents L histoire évolue, l intrigue tient son rang et de nouveaux intéressants personnages apparaissent....A suivre"
,"3,5",,"Vice du jeu quant tu nous tiens. Cette série coréenne propose une étude de caractères tant soit peu originale. Il est dommage que nous manquions de connaissances sur les codes de jeux et surtout sur la culture de ce pays, car nous avons indéniablement manquer quelque chose à ce niveau la. Les participants sont tous issu de milieux social hétéroclite , un seul point commun, l’addiction au jeu et les dettes colossales qu’ils ont accumulés. Au cour de cette partie ou seul un gagnant repartira avec la cagnotte mais pas forcément indemne de l’expérience vécue. Ce jeu macabre crée pour distraire quelques richissimes VIP qui s’ennuie d’avoir trop d’argent et prennent leur plaisir en voyant leurs victimes s’agiter sur l’échiquier. Ils ont tout mais ne désirent plus rien car trop blasés. Un atout majeur à retenir c’est le visuel soigné avec des partitions de musique classique agréable et douce qui contrastent avec la sauvagerie de l’épopée . On arrive à s’attacher à quelques personnages dont on regrette la disparition. Rien hélas ne s’arrête et tout recommence avec le dernier qui prendra vraisemblablement la place de numéro un."
,"3,0",,"Une déception…. La saison 1 est pour moi devenue iconique, et l’essaie n’est malheureusement pas transformé par cette saison 2. Ça sent le déjà vu et l’effet de surprise disparaît. Malgré une critique cette fois ci de la solidarité et du système de groupe (alors qu’on était plus sur l’individualisme dans la saison 1), j’ai pas vraiment vibré au cours des 7 épisodes. Ça manque de rebondissements et du côté « cruel » qui représente tout son univers.Mais j’ai bien compris que cette saison 2 est liée à la saison 3 donc peut être que cette dernière rattrapera le tout. Je trouve néanmoins que Netflix aurait pu parler d’une seule saison divisée en deux parties car la fin du visionnage est extrêmement frustrante."
,"4,5",,"Visionné afin de satisfaire ma curiosité dû au buz médiatique.Très agréablement surpris, nerveux, intelligent, dynamique, addictif et ultra violent.Je recommande vivement."
,"5,0",,Cette série est un incontournable à ne manquer sous aucun prétexte. Du grand art à tous les niveaux.
,"3,5",,"Certains rebondissements sont téléphonés, le propos politique n'est pas super sophistiqué, et quelques personnages sont surjoués, c'est les trois défauts que je reproche à la série. La recette de base n'est pas totalement neuve (Battle royale, Liar game, Kaiji...), mais ce n'est pas du tout un problème car le réalisateur la pimente avec des éléments intéressants, comme l'arrêt du jeu en cas de vote majoritaire, ou le fait de donner un enjeu mortel à des jeux d'enfant, absurdité à la hauteur du capitalisme. A part ça, le suspense et la réalisation sont très bien maîtrisés, les personnages sont attachants, le ton oscille habilement entre le grinçant, le comique et le tragique. C'est du très bon dans l'ensemble. Dernière chose, avant de regarder cette série, il faut bien être conscient de son niveau de violence (psychologique surtout)."
,"1,0",,"affligeant, quelle daube, scénario nullissime, surjoué par de mauvais acteurs, j'ai tout de même tenu 3 épisodes rien d'autre à en dire."
,"2,0",,"Inabouti, sans surprise, sans âme.Le premier épisode est correct, le second m'a fait dormir et à partir du 3eme, j'ai du avancé certaines scènes trop lentes et sans réel intérêt.Le plus embêtant est le manque de réalisme, on n'y croit pas, les comportements des personnages sont aberrants et incohérents.Quant au dernier épisode, j'ai cru qu'il manquait 3 épisodes et j'ai du vérifier sur internet. Il manque donc une conclusion à la saison. Si j'avais su, je n'aurai regardé aucun épisode.Sept heures de visionnage inutile."
,"3,5",,"Une série organisée sur une ""battle royale"" coréenne, un jeu mortel qui a des organisateurs étranges. Une intrigue bien menée et des acteurs (dont certains très connus en Corée) qui jouent de manière très convaincante. Ça se laisse voir ... très rapidement car c est assez addictif : un bon point."
,"4,5",,"J'ai regardé Squid Game après le raz de marée total qu'a provoqué cette série tant elle a eu de succès. Au début les retours étaient très positifs mais comme souvent, on voit de plus en plus de gens finalement dire que Squid Game, c'est très surcoté et ce n' est pas si bien que ça. Et pourtant, malgré le fait qu'on m'ait totalement survendu la série, je ne trouve pas que ce soit vrai et je pense que Squid Game mérite son succès. Cette première saison n'est pas un chef d'œuvre complet, je trouve par exemple que les personnages sont quand même assez stéréotypés et sont parfois juste là pour remplir une fonction dans le récit. Je trouve aussi le dernier épisode assez frustrant, puisqu'il sert beaucoup plus à teaser une suite plutôt qu'à conclure réellement cette première saison (d'autant plus que le twist concernant l'un des participants est un peu tiré par les cheveux selon moi). Mais hormis ça, Squid Game est un vrai plaisir à suivre et j'ai dévoré la série alors que je ne suis pas coutumier de Bing watcher mes séries. L'intrigue est passionnante à suivre et imprévisible, la violence de la série est assumée à 100% et ça donne une maturité qu'on ne retrouve pas forcément dans les autres séries Netflix. Cette brutalité, mélangée avec l'histoire et les émotions de chaque personnage, font de Squid Game une série qui tend beaucoup plus vers le drame social plutôt que vers le simple divertissement gore, et ce n'est vraiment pas pour me déplaire. Les personnages sont bien développés mais ce qui est impressionnant, c'est surtout la fluidité avec laquelle évolue leur relation : chaque minute passée va amener les joueurs à se repositionner vis-à-vis de leur coéquipiers, soit en s'en méfiant ou en accordant leur confiance, et ça donne souvent lieu à des scènes très touchantes ou qui mettent la rage lorsqu'il y a des séparations/trahisons. On ressent une tension particulièrement forte durant les jeux, et c'est ce qui permet de donner tout le suspens à la série et la rend vraiment addictive. L'intrigue a le mérite en plus d'aller directement à l'essentiel : on ne retrouve pas d'épisodes superflus rempli de sous-intrigues pas nécessaires, ici le scénario avance continuellement et ça offre une courte série de seulement 9 épisodes, mais qui ont tous quelques chose à raconter. Enfin, dernier point sur lequel la série excelle et c'est en grande partie ce qui a contribué à son succès : c'est sa direction artistique. Le ton de l'œuvre, couplée aux costumes et décors nous plongent dans une ambiance qu'on n'avait vu dans aucune autre série et sur ce point, Squid Game se distingue vraiment et je pense qu'on continuera d'en entendre parler même quand la série ne sera plus bankable comme actuellement. Les acteurs sont au passage excellents ! Bref, comme vous pouvez le voir, j'ai été totalement convaincu par Squid Game et même si la série souffre un peu de son succès, il ne faut pas être de mauvaise foi selon moi : Squid Game n'est pas un chef d'œuvre, mais reste mieux écrite et mise en scène que 90% des séries qui sortent actuellement, donc de ce point de vue là, je trouve que cette série mérite son succès !"
,"4,5",,"Excellente série qui mérite largement le battage médiatique. Sobre, esthétique, avec une profondeur psychologique et sociale très maîtrisée. Seul bémol, j'aurais préféré que le passé des personnages secondaires se découvre à travers des flash-back plus travaillés. Foncez. C'est top"
,"3,5",,"Une saison 2 bien plus efficace que la saison 1 selon moi.Alors oui , l'effet de surprise est passé mais le tout est vraiment bien rythmé.Voila , ça se laisse clairement regarder. Autant je n'attendais rien de cette saison 2, autant dès à présent je suis impatient de voir la troisième saison."
,"3,5",,"Une série avec un scénario très original et qui plait et plaira a tout le monde je pense, malgré tout elle a pris trop d'empleur et le fait que tout le monde en parle fait passer cette série comme l'une des meilleurs depuis des années alors que non ! Bref je conseille mais ce n'est pas non plus un chef d'oeuvre"
,"5,0",,"Le messianisme de Squid Game et de Eyes Wide Shut (Stanley Kubrick) sont du Thème du POUVOIR : LE MESSIANISME OU LA CAROTTE. ON Y TROUVERA TOUJOURS LE PRINCIPE DU DÉSIR, C’EST-À-DIRE L’ABSENCE, comme la carotte attachée à distance de la tête de l’âne pour le faire avancer, et s’il mange par accident la carotte, il n’avance plus et en réclamera une autre, telle une drogue, tel un goût de QUELQUE CHOSE, quelque chose de perdu comme le paradis. Le Vrai Goût du pouvoir n’est pas du tout l’appétit des biens déterminés et consistants que l’exercice du pouvoir rend accessibles (femmes, argent, renommée), mais bien telle une drogue le pouvoir lui-même, indifférent à tout ce que le pouvoir peut effectivement rapporter.L’amateur d’argent, de renommée ou de femmes, a seulement le goût de ce que le pouvoir lui rend possible. Le Vrai Amateur de pouvoir ne se soucie aucunement des biens de ce monde ; il entend seulement le pouvoir, et peu importe quoi. Le goût de l’argent n’est pas le goût des biens que la possession d’argent rend accessible, mais le simple goût de la possession d’argent, considérée indépendamment de tout avantage, et même CONTRAIREMENT à tout avantage réel.Le messianisme du CAPITAL : DE TÊTE, CAPUT, PENSÉE (raison) : avec les trois fois neuf et le zéro l’humain tomberait dans l’ABSTRACTION : LE TEMPS, par l’étymologie de TRAIRE, tirer, comme tirer son épingle du jeu, donc « compter ses billes », compter ses têtes de bétail. Monde du WINNER : gagner aux jeux de la Française des Jeux (ou des jeux de Squid Game). Winnerisme de « gagner de l’argent » en se tapant dessus à volonté en toutes saisons : l’amour ou l’amabilité du type commercial se rapproche étrangement de l’amour de type guerrier, le « conquérant » : la conquête du marché. Commerce et guerre ont de profondes affinités. Le commerce est une espèce de guerre permanente et latente et codifiée, la guerre est le déchaînement explosif de l’obsession du gain qui préside au capitalisme, mais, dans les deux cas, les avantages obtenus - par échange ou par violence - restent extérieurs et ne dépassent jamais le domaine de l’avoir, un avoir totalement extérieur, totalement artificiel, comme les jeux de Squid Game et évidemment mortels, ou aliénation de l’individu.L’auteur du scénario de Squid Game a surement lu le Banquier Anarchiste, de Fernando Pessoa, un vrai brûlot contre cette ”sotte siété” à satiété et ses ”infos”, ses signaux-symboles sans référent aux signifiants…..Squid Game est aussi un pamphlet incendiaire et cruel contre cette société « bourgeoise”, donc la nôtre, celle du smartphone et de l’aliénation technologique, et c’est évidemment une dénonciation du Dieu Argent, qui détruit le Bien le plus précieux de l’Être humain : sa Félicité naturelle, sa Vraie Liberté."
,"3,0",,"Squid Game est une série qui a rapidement suscité l'engouement des spectateurs du monde entier. Cependant, après avoir visionné la série, je pense qu'une note de 3/5 serait juste. D'un côté, la série propose une intrigue captivante avec un concept original et des rebondissements intéressants tout au long des neuf épisodes. Les personnages sont également complexes et bien développés, et les performances des acteurs sont solides, en particulier celle de Lee Jung-jae dans le rôle principal. De plus, la série possède une esthétique visuelle distincte, avec des couleurs vives et des décors créatifs.D'un autre côté, certains aspects de la série peuvent décevoir. Les jeux mortels sont souvent exagérés et peu crédibles, ce qui peut entraîner une perte d'immersion pour le spectateur. La série peut également être très violente et sombre, ce qui peut ne pas plaire à tout le monde. Enfin, la série souffre parfois d'un manque de développement dans certains aspects de l'intrigue, qui auraient pu être explorés davantage.En somme, Squid Game est une série divertissante qui offre une expérience unique et captivante. Cependant, la série a également ses défauts, ce qui justifie une note de 3/5. Les fans de drame et d'action devraient y trouver leur compte, mais ceux qui préfèrent des histoires plus réalistes ou moins violentes pourraient être moins enthousiastes."
,"3,0",,"Squid Game est une série qui a rapidement suscité l'engouement des spectateurs du monde entier. Cependant, après avoir visionné la série, je pense qu'une note de 3/5 serait juste. D'un côté, la série propose une intrigue captivante avec un concept original et des rebondissements intéressants tout au long des neuf épisodes. Les personnages sont également complexes et bien développés, et les performances des acteurs sont solides, en particulier celle de Lee Jung-jae dans le rôle principal. De plus, la série possède une esthétique visuelle distincte, avec des couleurs vives et des décors créatifs.D'un autre côté, certains aspects de la série peuvent décevoir. Les jeux mortels sont souvent exagérés et peu crédibles, ce qui peut entraîner une perte d'immersion pour le spectateur. La série peut également être très violente et sombre, ce qui peut ne pas plaire à tout le monde. Enfin, la série souffre parfois d'un manque de développement dans certains aspects de l'intrigue, qui auraient pu être explorés davantage.En somme, Squid Game est une série divertissante qui offre une expérience unique et captivante. Cependant, la série a également ses défauts, ce qui justifie une note de 3/5. Les fans de drame et d'action devraient y trouver leur compte, mais ceux qui préfèrent des histoires plus réalistes ou moins violentes pourraient être moins enthousiastes."
,"4,0",,"En voyant la hype sur Internet et en voyant les résumés rapides, je ne m'attendais pas à quelque chose de bien spécial. Dewey disait ""Je ne m'attendais à rien mais je suis quand même déçu"", moi je dis ""Je ne m'attendais à rien mais je ne suis absolument pas déçu"". Le fond comme la forme sont bons, les acteurs sont bons, le scénario est bon. Mes deux petits points négatifs, ce sont les VIPs et la toute fin de la saison 1 qui est vraiment mauvaise et bâclée selon moi (quel père indigne sérieux...) sinon très bonne série !Pour ceux qui se contentent de la forme, du superficiel, je vous conseille de vous pencher un peu sur le fond (pauvreté, mort sociale, conformisme, Milgram, appât du gain, nature humaine et animale, etc.)"
,"5,0",,"Série incroyable, les plans, le scénario, les petites détails : TOUT ! Un peu long à mettre en place, mais incroyable par la suite ! Je recommande ! Hâtes d'avoir la saison 2 !!"
,"3,0",,"Je suis venue à cette série suite au bon écho selon certains, en trainant un peu des pieds car je ne suis pas fanatique du cinéma coréen.le thème est celui de jeux cruels pour satisfaire la cupidité des uns et l'inhumanité des autres D'autres y verront l'exploitation de la pauvreté par les riches et les puissants.Lle premier du genre est Rollerball, en 1975 avec K James Caan,que  j'avais plutôt bien apprécié à l'époque. Ici c'est une forme encore plus brutale, avec l'hémoglobine en plus. Il y a bien sûr des poncifs, le méchant moche, le gentil qui devient humain etc... C'est tout de même pas mal imaginé dans la variété des épreuves, le jeu des acteurs est coréen c'est à dite qu'il peut sembler un peu.surjoué pour un occidental mais on  finit par s'habituer.Par contre c'est tout de même de la violence gratuite même si on peut y voire une métaphore de la noirceur humaine. D'où ma difficulté à attribuer une note... C'est une série que je ne conseillerai pas à des enfants ou des pré-adolescents."
,"3,5",,"Plus fin et sensé que gore et brutale, la série nous remontre à quel point l'homme est un animal quand il s'agit de sa survie. Cela nous fait réfléchir sur de nombreux points (du moins, un petit moment, après on oublie). Bonne bande-originale également."
,"3,5",,"La série est très bonne dans son ensemble, que ce soit les acteurs, les musiques ou les décors. Elle provoque un effet de stress chez le spectateur dû à l'empathie pour les participants et à l'absurdité du concept. Mais les personnages et les actions sont trop clichés, on prédit toutes les actions à l'avance. Ce qui est bien dommage, car un peu plus de surprises auraient rendu cette série vraiment beaucoup plus intéressante."
,"4,0",,"Voici une série d'anticipation redoutable. Ou les gens surendettés peuvent trouver une forme de 'solution' au bout du jeu du calamar. Un scénario en béton,  un graphisme très recherché des acteurs extrêmement convaincant. Cette série d'origine Coréenne est magistrale. En plus d'une auto critique de la société capitaliste elle nous propose une aventure d'anti-hero très réussie. A ne pas manquer."
,"4,5",,"Le début un peu long, j'ai eu du mal à rentrer dedans je ne savais pas vraiment où j'allais en visionnant cette série. Et quand on comprend ce qu'il se passe ça tient en haleine jusqu'à la fin! A quelques moments on retrouve cette longueur du début. Mais on passe vite outre car la série est vraiment bien j'ai adoré ! A part la fin qui m'a beaucoup déçu je l'ai trouvé insipide sans grand intérêt ça gâche un peu.. Dans l ensemble je n'ai pas su décrocher je voulais toujours en savoir plus série regardée en 2 jours c'est pour dire"
,"4,0",,"Le phénomène Squid Game...On est sur une bonne série c'est certain, mais il me reste un sentiment étrange une fois le dernier épisode terminé.Il manque quand-même un élément indispensable ici, même si les personnages principaux et secondaires sont interprétés avec brio par de talentueux acteurs... je ne sais comment le définir mais je dirais ""on y croit pas trop"". En clair, la satire sociale est présente mais pas assez convaincante pour s'y identifier réellement et être pris à fond dans le jeu. Je ne peux pas m'empêcher de faire un parallèle avec la Casa De Papel qui fait la part belle aux scènes flashback pleines de détails qui rendent les petites histoires indispensables à la grande histoire.Ici ce n'est pas le cas, on attend depuis le début de savoir qui et pourquoi. On a l'impression que le scénario tiendrait tout entier sur 5 ou 6 pages... et aussi trop de questions sans réponses qui parasitent l'adhesion totale à la série. 
spoiler: 
Par exemple : qui sont les employés des différentes castes? qui sont les VIP et quel est leur but ici? Pourquoi quand et comment 001 a t-il créé ce jeu si il en est à l'origine?
. L'enchaînement des épisodes ne produit pas un effet amplificateur emotionnel qu'il devrait avoir, au contraire, dès le milieu de la série on se lasse vite car les méchants manquent tellement de charisme et sont de simples exécutants.Voilà quoi... une bonne série mais pas excellente à cause de tout ça à mon avis !"
,"4,0",,"C'est sympa, ce n'est pas non plus un chef d'oeuvre. Y a des incohérences, des faiblesses. Au niveau des acteurs et actrices c'est vraiment top par contre, même si on sait d'avance qui va mourir ou presque. Ça mérite peut être pas le succès actuel, mais ça mérite d'être connu."
,"3,5",,"Alice un Borderland semble être de meilleure qualité mais ça reste une très bonne saison pour ceux qui aiment ce genre d'ambiance ou l'humanité redevient bestiale.Par contre, le personnage principal mérite des baffes du début à la fin. Ça peut être dur de l'entendre parler pour certain."
,"5,0",,"Une des meilleurs série de tout les temps en ce qui me concerne. Elle a absolument tout et bien que nous n’ayons pas encore la fin, elle est déjà culte."
,"4,5",,La saison 2 est un succès pour ma part. Je vous recommande de la voir mais ne vous attendez pas à entrer dans les jeux des le début de la saison.
,"0,5",,Alors la je ne comprends pas le buzz autour de cette série L'idée de base est pas trop mal mais alors entre des épisodes qui tirent en longueur et des rebondissements attendus cette série est un feu de pailleOn s'ennuie énormément
,"5,0",,"""Squid Game"" – 5/5 (Saison 1)Squid Game est une série qui a révolutionné le genre du thriller psychologique avec sa première saison. Dès les premières scènes, elle capte l'attention par son concept original et son ambiance sombre. L’histoire suit un groupe de personnes qui se retrouvent piégées dans un jeu mortel où ils doivent participer à des jeux d'enfance pour gagner une fortune colossale. Le twist est que, à chaque jeu, les perdants sont éliminés de manière violente, et chaque victoire rapproche les joueurs de la fin de la compétition.Ce qui fait la force de la première saison, c’est la manière dont elle allie suspense, critique sociale et exploration psychologique des personnages. Squid Game n’est pas simplement une série de survie, c’est une réflexion sur la société moderne, l’inégalité des classes sociales et la manière dont les désespérés peuvent être prêts à tout pour échapper à leurs problèmes. Les personnages sont parfaitement développés, et l'on s'attache à eux malgré (ou à cause de) leurs défauts. Le côté humain de chaque personnage est magnifiquement exploré, ce qui rend leur parcours émotionnellement bouleversant.La mise en scène est saisissante, avec des décors colorés et une direction artistique soignée qui contraste parfaitement avec l’horreur des événements. Les jeux sont créatifs et variés, ajoutant une tension constante qui nous tient en haleine du début à la fin. La série parvient à maintenir une tension insoutenable, entre des moments de répit où les personnages font face à leur propre moralité et des scènes de violence brutale qui remettent en question les notions de vie et de mort.La première saison de Squid Game est un thriller social captivant, avec des rebondissements choquants et une critique acerbe des inégalités économiques. La fin est époustouflante, et le final laisse le spectateur avec une réflexion profonde sur la nature humaine. Une saison qui ne cesse de surprendre et de choquer, tout en offrant une vision poignante de l’âme humaine sous pression.5/5."
,"4,0",,"""Squid Game"" – 4/5 (Saison 2)Bien que la saison 2 de Squid Game continue dans la même lignée que la première, elle peine à atteindre le niveau d'intensité et de fraîcheur de sa prédécesseure. La série se concentre davantage sur l’expansion de l’univers et des personnages qui, cette fois, ne sont plus juste des participants, mais aussi des acteurs dans un jeu qui semble de plus en plus contrôlé par des forces extérieures.Le concept reste globalement le même : des individus sont choisis pour participer à un jeu mortel, mais les enjeux sont plus vastes et les secrets plus profonds. La tension est toujours présente, mais l’effet de surprise de la première saison se fait ressentir moins fortement. Certains nouveaux personnages, bien que intéressants, ne parviennent pas à obtenir la même profondeur que ceux de la première saison.Cela dit, la saison 2 reste agréable à suivre, et elle apporte des éléments intéressants sur le fonctionnement du jeu et sur les motivations des organisateurs. Les thèmes de l’injustice sociale, de la survie et du pouvoir continuent de dominer l’intrigue. L’évolution de certains personnages est captivante, mais certaines scènes paraissent redondantes, ce qui donne un léger sentiment de déjà-vu.Cependant, Squid Game saison 2 maintient son aspect spectaculaire et continue à explorer des questions philosophiques sur la moralité et le sacrifice. Bien que le charme de la première saison ne soit pas entièrement retrouvé, cette suite reste une extension solide de l’univers, avec des moments de tension et de drame qui restent efficaces.4/5."
,"4,5",,"""Squid Game"" – 4.5/5 (Saison 1 & Saison 2 combinées)Squid Game est l’une des séries les plus marquantes de ces dernières années, et son succès n'est pas une coïncidence. La première saison est un chef-d'œuvre de suspense, alliant critique sociale, violence viscérale et exploration de la nature humaine dans un monde où les personnages se battent pour survivre. Le concept, à la fois simple et terrifiant, où des individus pris dans la pauvreté sont forcés de participer à des jeux mortels pour gagner une fortune, capte l’essence des inégalités sociales et de la déshumanisation dans un contexte d’extrême pression.La première saison est une véritable claque, avec des moments de tension incroyablement bien menés, une direction artistique soignée et des personnages auxquels on s'attache profondément, malgré leurs défauts. Le jeu de société pour enfants transformé en épreuves de vie ou de mort devient un terrain de réflexion sur la morale, la survie et les sacrifices. La performance des acteurs, notamment celle de Lee Jung-jae, est impressionnante, avec des personnages qui, même dans leurs pires moments, laissent transparaître une humanité brutale et désespérée.Cependant, la saison 2, bien qu’elle conserve les ingrédients qui ont fait le succès de la première saison, n’atteint pas tout à fait le même niveau. Bien que les jeux et l'intensité soient toujours présents, l'effet de surprise et l’innovation de la première saison se dissipent légèrement. L’intrigue se développe davantage autour des organisateurs et des motivations derrière le jeu, ce qui étoffe l'univers, mais peut parfois donner une sensation de redondance par rapport à la saison précédente. Certains nouveaux personnages sont intéressants, mais la profondeur de certains d’entre eux reste insuffisante par rapport à ceux de la première saison.Cela dit, Squid Game saison 2 maintient son essence, avec de nouveaux rebondissements, et continue de poser des questions pertinentes sur l'injustice, le pouvoir et la moralité. Les scènes de violence et de tension, bien qu'attendues, restent puissantes, et l’on suit l’évolution de certains personnages avec une attention constante.En combinant les deux saisons, Squid Game reste une série incontournable qui marie avec brio un thriller haletant et une critique sociale acerbe. Même si la saison 2 ne brille pas autant que la première, elle continue de faire progresser l’histoire et d’ajouter des éléments à cet univers complexe et fascinant.4.5/5 – Un équilibre parfait entre la tension de la première saison et l’expansion de l’intrigue dans la suite. Une série qui reste intense, émouvante et intellectuellement stimulante."
,"3,0",,"L'impression d'avoir déjà vu cette histoire 40 fois. Le ""jeu d'acteur coréen"" me dérange beaucoup mais cela est purement personnel. Je dois tout de même admettre un certain jusquauboutiste agréable, la série va à fond dans le concept."
,"5,0",,C'est l'une de mes séries préférés. Le délire de la série est super. J'aime énormément. On dirait que c'est vrai tellement que c'est bien fait.
,"4,5",,"Je m'ennuie devant les séries anglaises qui nous montrent jusqu'à la nausée l’aristocratie des rosbeef. Affligeant de sucreries. Là au moins on s'amuse, on pétrie la morale. Ca saigne et parfois les moments de tension atteignent notre intimité. Les acteurs sont parfaits. Il y a évidemment des trous béants dans le scénario mais ça marche."
,"5,0",,"Waw! Je cherchais une série qui déchire dès le premier épisode, et bien je suis bien servie. Qualité cinématographique, super scénario, suspens intense, mais le plus de cette série est qu'elle est intelligente et est aussi une satire de la société capitaliste de consommation avec un ton drolatique et aiguisé. Impossible de décrocher."
,"4,5",,"Série coréenne originale , addictive mais violente . On s'attache aux protagonistes du jeu , tous des loosers appâtés par le gain . A coté , ""Le prix du danger"" d'Yves Boisset de 1983 fait pâle figure. On pense aussi aux séries "" ""La servante écarlate"" et "" La casa de papel"" pour les costumes . Le scénario tient la route malgré quelques répétitions . La fin est surprenante et pleine de moralité . La première saison est excellente ."
,"3,5",,"Voilà une véritable série phénomène, de surcroît inattendue...Elle met en scène des acteurs surprenants et admirables. Notons particulièrement HoYeon Jung (jouant Kang Sae-Byeok) qui campe une méfiante candidate avec justesse, et Kim Joo-Ryung, jouant une candidate au bord de la folie, prête à jouer sur tous les tableaux pour gagner (séduire le caïd du groupe, puis rejoindre l’équipe de 456, etc). La galerie de personnages désespérés qui défile devant nos yeux se veut être une fresque de la nature humaine, et ça fonctionne assez bien. L’utilisation de jeux enfantins est le véritable coup de génie de cette série, qui transforme des divertissements futiles en leur donnant un goût de sang… et nous force à regarder ces jeux d’un regard d’autant plus horrifié qu’on a tous déjà joué à l’un d’entre eux. Tout cela est mis en scène dans des décors notables. La composition d’image n’est pas exceptionnelle dans ce projet, mais ça n’était pas vraiment le propos… L'épisode le plus intéressant est comme bien souvent le dernier, compilant les grands thèmes de la sérié (l'humanité, la confiance, l'égalité, mais aussi des révélations sur le Squid Game).C'est en effet intéressant sur le plan humain et philosophique, en ce que le concept de la série questionne l’humanité des joueurs (c'est-à-dire leur sensibilité, les crimes qu’ils sont prêts à commettre pour arriver à leurs fins, etc). Mais on nous assomme parfois de bons sentiments, comme lorsqu’on nous introduit aux cercles familiaux des candidats afin d’entrer en empathie avec eux dans l’ép. 2 : ainsi on nous guide parfois sans finesse dans la narration, ce qui entre en contraste avec la justesse d’autres scènes, et en fait une série aux épisodes très inégaux. Ensuite, le rythme de la sérié est trop long : c'est tout à leur honneur de vouloir nous présenter un univers aussi complet que possible, mais cela engendre quelque peu une baisse de tension et d’engagement du spectateur... C’est néanmoins assez addictif, car on veut savoir qui est derrière ce jeu cynique, et pour quelles raisons l’organise-t-on…En ce qui concerne les rebondissements, les réactions des personnages sont pour la plupart prévisibles, même si on nous réserve quelques surprises.Voilà une série dont on aura beaucoup parlé et qui est très intéressante, mais qui ne révolutionnera pas le genre de du jeu de survie !"
,"2,0",,Une pâle copie de battle royal mais avec de mauvais acteurs. C est sur jouer. L acteur principal est une horreur à regarder jouer. Des scènes lente avec beaucoup de longueurs inutiles.
,"3,0",,"La série événement de Netflix, qui dés qu'elle est sortie a fait le buzz.Ce qui est bien avec Netflix, c'est que l'on a accès a des séries de d'autres pays qu'on aurait jamais prêtés  attention.L'histoire fait penser a Battle royal, et on est pris dans l'action du début a la fin.Ce que je peux ajouter c'est que cette série mérite son succès.J'ai aimé : - le visuel, la photographie, on en a plein les yeux ;- la curiosité qu'apporte ce programme.Je n'ai pas aimé :- dernier épisode un peu longuet qui appelle a une suite..C'est un bon programme, mais il y a beaucoup d'incohérence au scénario, et le dernier épisode cela ronronne, mais globalement la série tient en haleine."
,"4,5",,"Un scénario bien mené, des acteurs convaincants. Cette série sort clairement de l'ordinaire comme les asiatiques savent le faire, visuelle c'est superbe"
,"5,0",,"Au top ! Superbe deuxième saison. Avec une belle épaisseur politique, sociale et philosophique. Que ça fait du bien de voir des acteurs jouer et mouiller la chemise. Superbe esthétique ! "
,"4,0",,"Autant je n'avais pas apprécié ""Battle royale"" autant j'ai vraiment apprécié cette série.Histoire parfois très touchante (billes par ex) , performance des acteurs , bon doublage , scénario , vraiment excellent !"
,"5,0",,"Une excellente série, satire sanglante de la société, mêlant réalisme, notamment dans le jeux d'acteur très pertinent, et originalité avec des décors et des jeux complétement fous, créant un contraste sans cesse nuancé par des liens évidents entre le monde extérieur et celui des jeux."
,"5,0",,"Excellent ! Assez trash, dark, sacrifice humain malheureusement.. J'ai dévorer la série en une nuit !On accroche très vite, scénario bien travaillé.."
,"5,0",,Encore meileureque la saison  3  la preuve que les coréens voient très loin et plus loin encore que vous ne le pensiez vraiment .
,"4,5",,"On adoré. De l'action, du suspense. On s'attache aux personnages. Pour nous aussi bien que la saison 1.  Vivement la 3eme."
,"3,5",,Série qui fait le buzz à juste titre. Les scènes de violences annoncées d'emblée nous mettent en condition. Le programme est original et mystérieux jusqu'à son dénouement. Les nombreux défis qui sollicitent les personnages attachants (pour certains) nous tiennent en haleine du début à la fin.
,"4,0",,C'est une saison qui reste fascinante et qui nous donne envie de continuer à regarder. Même si le début est un peu long. Malgré tout à regarder sans hésitation
,"2,5",,"Je met 2,5 parce que pour moi cette série a mis du teeemps à démarrer. On prend (presque) les mêmes et on recommence. J’attendais ça avec beaucoup d’impatience et en même temps vu l’engouement pour la première saison où il y avait du rythme, un scénario bien ficelé, des acteurs attachants, la on se prend moins au jeu et forcément pas vraiment d’effet de surprise. La série dans son ensemble est tout de même bonne et c’est à voir. Reste à savoir quand sortira la saison 3"
,"1,0",,"Série violence jusqu'à la malaisance. Le scénario, bourré de clichés, passe à la trappe : le seul objectif est clairement de susciter la fascination par le morbide. J'ai tenu jusqu'à l'épisode 3 grâce aux acteurs, dont la performance est remarquable au vu de la qualité de ""l'oeuvre"". J'aurais aimé regarder jusqu'à la fin mais je suis freinée par un mélange d'ennui et de dégoût..."
,"4,0",,"Une morale qui fait réfléchir, une série koréenne très bien ficelée, parfois trop dans l'extrême mais le but étant lié à l'intrigue principale de la série. Le dénouement reste surprenant."
,"5,0",,Tout simplement magnifique cette série sud coréenne il y a de la violence mais aussi beaucoup d'émotions dans cette serie j'espère voir une 2 -ème saison sur Netflix .
,"4,0",,"La série est vraiment captivante. Pour être honnête, je ne m'attendais à pas grand chose, mais je n'ai pas été déçu. Les plans sont beaux, l'acting est pas mal, l'histoire est cool sur un fond intriguant, divertissant et coloré. C'est globalement une bonne série à regarder."
,"5,0",,"Normally, I'm not a big fan of Korean series and music. But here I have to say well done to the director and the actors of this series. I'm not a big fan of series in general, because I never get hooked and get bored very easily. So I am someone who watches a lot of film and hardly ever a series. This time around is the first time I've ""LOVED"" a series and hooked it from start to finish. T
spoiler: 
he story is original and it feels like a kind of hunger game, with characters who are in dire straits and who fight until the end to win a huge amount of money.
 The fact that the series is really different from all the other series is that it has its own universe, its own setting. Watching this series is like a drug. We are addicted and we want more, we want to know more things. We easily get attached to the characters because we pity them enough. And I think it's a good lesson in morale, this series certainly represents, a little exaggerated, today's society. I can only advise you. If I had to give this series a rating, it would be 19/20 because season 2. We can't wait !!["
,"5,0",,Vraiment une des meilleures séries que j'ai vu récemment. Original comparativement à toutes ces séries américaines qui nous sont présentées sans cesse.
,"1,5",,"Rien de crédible , pas compris l'engouement pour cette série, les acteurs sont horribles , scénario niveau 10 ans"
,"1,0",,"spoiler: 
Saw mais en moins bien, 
Les personnages sont encore plus idiots que dans cette saga, le game master est un pâle copie de John Kramer et les dénouements sont prévisibles et moins impactant. On devine dès le début qui va gagner. La série est très très lente, il faut attendre l'épisode 6 pour quelque chose d'intéressant."
,"2,0",,"Je ne m'attendais à rien et j'ai quand même été déçu! L'effet de nouveauté a disparu pour la saison 2 et c'est ce qui a rendu la saison 1 sympa à regarder. Beaucoup d'acteurs dont le jeu est médiocre, des longueurs sur les problèmes persos des candidats, une enquête policière/milices bâclée, tout est prévisible, long et ennuyant. ça n'avance pas, et on se retrouve à devoir de nouveau vivre la saison 1 avec un type qui à l'expérience du jeu... Un peu répétitif donc avec la saison 1! Les meilleurs scènes sont dans les premiers épisodes, en dehors du jeu. Insister là dessus aurait apporté une veritable evolution et un intérêt."
,"3,5",,"Une très bonne série, c'est sûr, passionnante, révoltante, gore... Le seul ""hic"" c'est un début trop exagéré, mais ça c'est le style asiatique, cette variation entre le calme et l'hystérie, sans demi-mesure. Il faut s'y faire, j'ai du mal. Du coup, j'ai mis du temps à m'attacher aux personnages alors que finalement, ils ont un sacré passé et de fortes personnalités. C'est juste pour ça que je ne mets pas une note plus élevée dans la globalité. Finalement une bonne expérience et une série que je recommande. "
,"4,5",,"Série coréenne qui , dans les premiers épisodes, semblait être un jeu de massacre mais au final est une superbe peinture sur la nature humaine.Tous les participants ,""rebus de la société"" sont au début ""forcés "" de se lancer dans cette série de jeux mortels mais, oh surprise
spoiler: 
 partent et choisissent de revenir dans le jeu de leur propre volonté
 par appât du gain et d'une vie meilleure. Même en uniforme avec juste un numéro,  dans la même situation, on assiste aux luttes de pouvoir habituelles , le fort contre le faible, le jeune contre le vieux, les femmes contre les hommes, etc... Tous les jeux sont d'une simplicité enfantine, ce qui rajoute du suspense quand on connait l'enjeu final, le
spoiler: 
 5ieme jeu (le pont de verre) 
présente une particularité ,les joueurs ne jouent plus en individuel mais sont dépendants du résultat de leurs prédécesseurs.Très bon rythme, bien filmé, acteurs excellents ( surtout la N°67 ( HoYeon Jung ), une petite pépite coréenne à ne surtout pas manquer . Top : 4.5  étoiles."
,"4,5",,"Cette série est excellente. Est-ce un chef d'œuvre qui marquera son époque ? il est trop tôt pour le dire. Tout a été dit sur cette série, ce qui est sûr c'est qu'elle plaise ou non, elle ne laissera personne indifférent. Enfin une œuvre coréenne qui connaît un succès mondial mérité ! C'est frais les acteurs sont bons l'ambiance de la série est à la fois pesante et quelques touches d'humour noir très bien dosées viennent apporter un peu de piquant.Le côté Battle Royal est largement inspiré d'autre œuvres Coréenne et américaines mais on trouve son originalité dans l'ambiance visuelle.Son gros point fort c'est qu'elle se démarque par son côté incroyablement immersif. On a vraiment la sensation d'être à côté des personnages à tout instant"
,"4,0",,La série du moment sur Netflix.Et ce succès est mérité.Le sujet est presque philosophique...en rapport avec la dépendance aux jeux et à l'argent.Tout y passe dans les relations humaines...le pire comme le meilleur...Sans dévoiler plus du scénario...le final est surprenant et nous laisse en grande réflexion.Une réussite qui pourrait bien voir arriver un jour une suite.À ne pas manquer.
,"4,0",,"Une série coréenne que personne n'attendait et qui a pourtant eu un  succès phénoménal. Alors, que penser de cette série en général ? Et bien, moi aussi, comme tant d'autre, j'ai été agréablement surpris de cette nouvelle série. De par son histoire intéressante et son atmosphère mettant mal à l'aise, elle va vous tenir en haleine et vous faire dévorer les 8 épisodes qu'elle propose. Les moments bouleversants de la série son nombreux et pour les peu de mystères encore à éclairer, on espère qu'ils le seront dans la saison 2. En tout cas, si vous ne l'avez pas encore visionné, n'attendez pas. Je vous la recommande chaudement..."
,"3,0",,"Moins bien que la une! On s'ennuie assez souvent, des épisodes entiers semblent être là pour meubler 
spoiler: 
comme les premiers épisodes et le dernier.
 Il semble que les scénaristes essaient de faire une suite sans en avoir eu l'idée à la base, ce qui donne l'impression de ce rafistolament."
,"4,0",,Une saison à la hauteur avec plusieurs intrigues très bien menées qui compense un scénario attendu. Les personnages sont moins superficiels même si on n'échappe pas à la caricature et aux stéréotypes. Des rebondissements dignes d'intérêt. Une fin toutefois décevante.
,"1,0",,Je me suis fait pipi dessus. Nan mais sérieux donnez un oscar à cet homme. c'est ce que j'aurais dit si je n'vais pas vu la couleur de l'eau depuis un bail. Sérieusement les jeux d'acteur pour certains ça va encore mais bon ça casse pas trois pattes à un canard
,"3,5",,"Je viens de terminer la série en une nuit ^^' Je tiens à dire que c'est ma première série coréenne, j'avais beaucoup d'appréhension par rapport à ça. Mais j'ai énormément aimé, cette série montre le côté qu'une partie de gens pourraient tout faire pour de l'argent. (Je dis bien une partie) et j'ai beaucoup aimé ce petit côté psychologie. Chaque personnages que l'on rencontre a une histoire et un vécu qui font qu'ils participent aux jeux. L'ensemble de la série est vraiment bien travaillée, mais il y a beaucoup trop de point en suspend. (Je marquerais un spoil en fin de texte) Les acteurs/actrices sont tous bons, et rien à redire de cela. J'ai adoré la série, mais pour revenir aux points situé juste aux dessus, certaines choses font que la fin est très décevante.. 
spoiler: 
1. Le petit Cheol, petit frère de la finaliste (J'ai oublié le nom!) Effectivement l'acteur principal tiens sa promesse mais finalement, il donne directement la garde à la mer de Sang-woo... Déjà à ce stade, je me disais mouais.. 
2. Le policier qu'on voit en infiltration afin de chercher la vérité etc.. Les preuves etc.. Finalement, il meurt sans réponse, ni rien.. Encore une fois, ça servait à quoi ? 
3. Notre bon personnage principal.. Qui au final, on ne sait pourquoi ils l'ont mis en tant que père... Car il n'assume aucune responsabilité et même à la fin, on voit bien qu'il s'en bas les couilles de sa fille.. 
4. Alors, je sais pas si c'était une blague la fin.. Mais la coupe de cheveux.. Pourquoi? 
Voilà, je la recommandes complètement ! Mais ne vous attendez pas à une fin qui vous régalera, car il me semble qu'une saison 2 sera/est prévue!"
,"4,5",,"La plupart de vos critiques parlent d'une fin ""bâclée"" et mal élaborée mais en avez vous compris le sens ? Uniquement une saison deux peut le permettre c'est pourquoi j'ai du mal à comprendre cette analyse. Aussi, beaucoup se disent choqués de la violence qui en émane… La série n'est-elle pas déconseillée aux moins de 16 ans ? Pour des séries en -16, je suis certaine qu'on a vu pire… Je pense que beaucoup sont de mauvaise foi quant à l'appréciation de la série notamment dû au fait qu'elle ait été énormément médiatisée et qu'on en attend alors un résultat ""à la hauteur"". C'est bien dommage. J'ai regardé Squid Game à son lancement, étant adepte du cinéma coréen, j'ai bien sur adoré le travail réalisé sur cette série. Le décor nous immisce directement dans l'ambiance, les personnages sont attachants et leur histoire nous affecte automatiquement. Ayez le recul nécessaire en la regardant et vous ne serez pas déçus !"
,"1,0",,"Tres déçu    du début jusqu'à  la fin ,   jai adoré la saison 1 , avec  de l'intensité, du suspens , des personnages ici dans la saison 2 rien de tout ça  , des personnage caricatural  entre le jeune junkies  , le militaire attein de syndrome postromatique , l'homme transgenre  . On ne ressent  pas la pression de la mort  qui pèse entre chaque jeux . Ca discute , entre les manches , ça rigole ca tape des check    . Bref  je nai même pas envie de regarder la saison 3  qui est inutile d'ailleurs on aurait très mieux fait  tout ça en deux saisons"
,"2,0",,"La saison 2 de Squid Game est une véritable déception. Après le succès retentissant de la première saison, on s'attendait à une suite qui pousserait plus loin les enjeux et la critique sociale, mais hélas, ce n'est pas le cas. Les jeux sont répétitifs, manquant cruellement de l'innovation qui avait fait le charme initial. Les nouveaux personnages introduits n'ont pas la profondeur ou l'attrait de ceux de la première saison, et l'intrigue semble tourner en rond sans apporter de résolution satisfaisante. Le scénario manque d'ambition artistique, et certains moments semblent plus comme des remplissages que des avancées narratives significatives. En somme, cette saison souffre d'un manque d'inspiration et ne parvient pas à capter l'attention ou l'émotion comme sa prédécesseure l'avait si bien fait"
,"1,0",,"Nul, comment peut-on passer d’une saison 1 incroyable à une saison 2 si pauvre….. sans parler des acteurs qui sur jouent beaucoup trop, et de cette fin qui,.. n’est pas une fin."
,"5,0",,"On est clairement dans une suite bien écrite avec un enjeux beaucoup plus grand la ou la saison 1 le seul but était de survivre à tout les jeux, on part sur une intrigue plus profonde avec les différents niveaux d’échelles social nous montre une vision réaliste ou ceux qui sont au plus bas de l’échelle de sont que des déchets et seules quelques chanceux arrivent à se relever. La saison 2 a pour objectifs de montrer que ceux qui tombe au fond du gouffre peuvent se relever et prouvé à la classe supérieur qu’il est possible d’être meilleure. On peut voir aussi que le système de jeu a été modifié en engageant un système de vote pour ceux qui veulent continuer à jouer malgré la mort d’autres joueurs c’est là qu’on se rend compte que la moitié des joueurs privilégie la vie et que même malgré les dettes il vaut mieux continuer d’exister et se relever par sois même quand jouant à des jeux ou chaque billets est un sacrifice humain. D’ailleurs Seaon Gi-Hun ne gaspille pas inutilement l’argent gagné lors des précédents squid games car chaques billets gagné est une vie sacrifiée. Je pourrais continuer ainsi longtemps à argumenter comme quoi la saison 2 est une réussite mais ça me prendrais trop de temps. Donc je laisse 5 étoiles et hâte de voir la révolte lors de la saison 3 et l’évolution de notre personnage principal."
,"4,5",,Un très bon concept et des personnages attachant même si on se doute qu'ils vont mourir car on sait qu'il n'y aura que 1 gagnant. Hate de la saison 2
,"5,0",,"Tout d'abord l'art et la manière démesuré d'un jeu mortel qui nous plonge tout de suite dans un bain de sang et surtout l'accompagnement d'une musique très mystérieuse avec un supplément de suspense qui nous fait tellement intrigué avec les rôles des acteurs et actrices tellement bien joués et maîtrisés du début jusqu'à la fin.L' inspiration coréenne a atteint le top niveau en quelques jours, tout le monde en parlent, tout le monde s'est vu participer à une compétition risqué.il faut à tout prix une suite à cette série rocambolesque, impossible de ne pas penser à une suite de cette histoire tellement tragique voir même dramatique couronné par l'appât du gain."
,"4,5",,"très bonne saison comme toujours enfin que dire c'est squid game, je pense que cette univers et cette série en général aura marqué une génération toute entière !"
,"4,5",,"Alors oui, ça saigne beaucoup dans cette série, les hommes sont cruels entre eux pour des millions de billets.Mais cette série a aussi foi en l’homme : le policier qui risque sa vie pour découvrir ce qu’est devenu son frère ; le numero 456 qui constitue une équipe basée sur l'entraide.J’ai aimé certains clin d’œil dans le dernier épisode.Une série lente mais intelligente et beaucoup plus profonde qu’il n’y paraît."
,"3,5",,"Les 5 premiers épisodes tiennent bien en haleine malgré une intrigue vue et revue. On plongé dans la série et on a envie de regarder les épisodes les uns après les autres.Par contre, le fin est une catastrophe.
spoiler: 
 Pas de surprise sur le gagnant, les jeux contrairement à ce que dit l'Agent ne sont pas du tout équitables. Le dernier ""jeu"" n'est pas un jeu mais un combat à mort. On rode au bout de deux secondes que le vieux est dans la partie. Son explication que tout ça est fait pour s'amuser est très décevante. pas de grandes révélations. Et puis bien sur le gagnant est jeté comme une merde dans la rue avec sa CB et il va même pas voir sa fille... ? ? ? 
C'est dommage tout ça ! parce que ça partait bien"
,"4,0",,Très belle surprise inattendue. C'est prenant émouvant on craint juste de se lasser de l'aspect répétitif du scénario comme avec tout ce qui est addictif. Et cest inattendu cela se révèle être une symbolique de la Vie sur Terre où la course pour les biens matériels font passer à côté de tout ce ce pourquoi on croyait avoir besoin de ces biens. Vraiment une belle surprise malgré quelques longueurs largement rattrapées par des excellents comédiens très attachants.
,"4,0",,Très belle surprise inattendue. C'est prenant émouvant on craint juste de se lasser de l'aspect répétitif du scénario comme avec tout ce qui est addictif. Et cest inattendu cela se révèle être une symbolique de la Vie sur Terre où la course pour les biens matériels font passer à côté de tout ce ce pourquoi on croyait avoir besoin de ces biens. Vraiment une belle surprise malgré quelques longueurs largement rattrapées par des excellents comédiens très attachants.
,"4,5",,"Excellent!!!Cette série est faite pour tous les amateurs d'Hunger Games,Alice in Borderland, The Purge ou encore 3%(la série brésilienne).Pourtant j'ai crains le pire dans le 1er épisode en voyant l'attitude obséquieuse et écervelé du personnage qui en fait des tonnes(propre aux expressions démonstratives des Coréens), mais j'ai très vite été rassuré avant la fin de l'épisode quand la série a basculé dans le drama.D'ailleurs c'est intéressant de constater le changement de personnalité du personnage qui est survolté en étant surendetté et en détresse sociale, concentré et combatif durant les jeux, 
spoiler: 
et dépressif quand il est à l’abri du besoin.
On a coutume de dire que l'argent ne fait pas le bonheur, ici on voit que ce n'est pas l'argent qui est responsable de sa déprime, c'est ce qu'il a dû faire pour le gagner qui pose problème.
La version originale est vraiment très dépaysante mais je recommande la version Français."
,"3,5",,"un scénario hyper intéressant et bien concrétisé, avec de bons talents d'acteurs. je regrette cependant la fin et le personnage principal, que je n'avoue pas bien comprendre."
,"0,5",,"Cette deuxième saison de Squid Games est sans doute possible le bide de l'année. Tout y est extrêmement mauvais. Pour remettre dans le contexte, j'avais trouvé la première saison certes surcotée mais à tout le moins regardable et originale.Trois ans plus tard, sans attente particulière, voici donc une nouvelle saison guidée par l'absurde, la nullité d'un scénario invraisemblable, l'ennui quasi permanent jusqu'au dénouement final (de la saison), une aberration scénaristique qui ne peut être que le fruit d'un sabotage en règle par des membres de la production mal intentionnés.Les acteurs jouent tous comme des pieds, des premiers aux seconds rôles. On devine même le jeu approximatif des gardes, pourtant masqués et peu bavards. S'invitent à la partie un rappeur ridicule, un youtubeur cryptomonnaie (oui oui), un transexuel en transition et en manque d'argent pour payer ses couteuses opérations et son voyage en Thaîlande, 
spoiler: 
(personnage qui se transformera ensuite en cheffe de guerre car on le découvre sur le tard mais il/elle est ancien / ancienne chef des ""forces spéciales"" Coréennes) 
. On y voit un attardé qui risque la vie de sa vieille Maman pour quelques dollars de plus 
spoiler: 
(quitte à l'abandonner durant une épreuve et à lui faire risquer une balle dans la tête, toujours pour quelques dollars de plus )
, une sorcière chamane insupportable qui trouve le temps de recruter deux illuminées supplémentaires dans un début de secte à l'intérieur même du local de jeu (et sans que ça n'apporte rien à l'histoire...A ce sujet, j'estime à environ 80 pourcent du total des dialogues absolument inutiles à l'intrigue ou à un début d'histoire. Remplissage d'une saison, quand tu nous tiens.Le héros de la première saison ressurgit donc deux ans après sa victoire dans le jeu mais ne profite pas vraiment de sa fortune. Il s'est acheté dans Seoul un hôtel pour lui tout seul dans lequel il a jugé bon de détruire à leurs bases (les soubassements), tous les mûrs porteurs pour pouvoir s'entraîner à tirer à la Kalachnikov dans un long couloir. On ne sait pas comment l'hôtel tient debout.Il fait une fixette sur ""l'organisation"" et veut à tout prix les retrouver pour en finir avec cette diablerie. 
spoiler: 
Il paie depuis deux ans déjà une bande de pieds nickelés pour surveiller tout le métro de Seoul et retrouver celui qui distribue les cartes d'invitations. Une fois trouvé, il se dit qu'une partie de roulette russe à ""la loyale"" avec ce dangereux Monsieur ferait avancer son enquête… admettons.
Il réintègre le jeu. Dans la première saison, il aura bien compris que le joueur 001 est un infiltré et est le maître du jeu.
spoiler: 
 Dans la deuxième, il semble avoir oublié ce ""détail"" et donne toute sa confiance, les yeux fermées, au joueur 001. Bah voyons. 
Un policier qui sillone à ses frais et depuis des années les mers alentours pour retrouver l'île du jeu 
spoiler: 
finit par se dire qu'en 2024, ça pourrait être utile de s'offrir un drône pour observer les Iles… du ciel. 

Grâce à ce drône décidemment pas inutile 
spoiler: 
puisque rentabilisé en 24 heures (après deux ans de bateaux et de recherches), il découvre une porte secrète qui pourrait bien être la porte d'entrée de ce jeu macabre… il envoie quelques barbouzes ""hypers aguerris"" qui plutôt que d'ouvrir la porte de loin, avec une corde, entrent sans frapper et se font exploser illico le ciboulot (s'ils en avaient un).
On ne sait pas comment, mais le héros réussit à convaincre quelques gars (et la femme trans ancienne cheffe des services secrets) de faire semblant d'être morts pour voler les mitraillettes des gardes et se soulever. Mais ou bien sûr… ça part en carnage, crédibilité zéro, nul, risible, mauvais. Passez votre chemin."
,"3,5",,Une bonne saison mais qui se finit en queue de poisson. Le final manque de punch. Dommage. On attend la saison 3 avec impatience.
,"3,0",,"Des centaines de personnes lourdement endettées reçoivent une mystérieuse invitation à participer à une série de jeux enfantins. L’enjeu ? Une somme colossale d’argent. Mais très vite, les participants réalisent que chaque épreuve a des conséquences mortelles. Pris au piège dans un environnement ultra-sécurisé, ils doivent rivaliser d’intelligence et de courage pour espérer survivre, tout en faisant face aux dilemmes moraux que leur impose cette compétition impitoyable.Note : ★★★☆☆ - (3/5) - BonSquid Game séduit par son concept percutant et sa mise en scène soignée. L’esthétique colorée, contrastant avec la brutalité du jeu, renforce l’impact visuel et émotionnel. Le suspense est omniprésent, et certains personnages parviennent à toucher par leur complexité et leur humanité. L’exploration des inégalités sociales et du désespoir économique apporte une profondeur bienvenue au récit.Cependant, la série souffre d’incohérences et de facilités scénaristiques qui affaiblissent son propos. Certains twists sont prévisibles, et les antagonistes manquent de nuance. De plus, la fin laisse un goût amer, avec des choix scénaristiques discutables qui ouvrent la porte à une suite sans réel besoin. Malgré ses défauts, Squid Game reste une série efficace et divertissante, bien que son impact s’atténue après le choc initial.Point fort : Une esthétique marquante et une critique sociale pertinente qui renforcent l’impact du récit."
,"2,0",,L'idée de départ est sympa mais bon ... c'est tellement mal joué et niais  . Et il faut arriver à 100 caractères.
,"4,0",,"Ce jeu de massacre serait bien plus intéressant si le héros n'était pas un benêt à qui on a envie de donner des baffes. La série aurait gagné à entretenir le suspens sur le vainqueur en suivant quatre ou cinq personnages dès le départ, avant que le jeu commence. Squid Game est franchement surévalué. C'est une bonne série, sans plus !"
,"1,0",,"Non, il n'y a pas d'épisode 8. La réponse à la grande question qui nous a tous traversé l'esprit. Malgré le retour des jeux , le cœur n'y est pas.456 est devenu très énervé et ne sourit plus du tout, très caricatural.Les autres personnages sont surjoués et l'intrigue est plate.Et cette fin, on sent vraiment que les motivations pour cette saison 2 étaient avant tout de (re)faire un maximum d'argent ou du moin autant que la saison 1 et c'est tout.C'est bordélique et très décevant.En plus , je me suis spolié la ""saison 3"" en cherchant des infos sur la 2eme sur le net. La 3ème saison est prévue pour 2025 mais franchement,  pourquoi continuer à regarder ? Cest tellement téléphoné."
,"5,0",,"A la hauteur de nos attentes. Malgré peut être un premier épisodes lent à mourir, la saison s'est réveiller avec de nouveaux personnages, certain plus chiant que d'autre c'est vrai. Sinon que dire du joueur 456 et 001 franchement,  on valide fort! Ce Duo est une surprise et en meme temps qui ne lai pas bref ca tiens en haleine !! vivement la saison 3 !"
,"4,0",,"Un saison qui mérite d’être vue, pas aussi bonne que la première mais qui a su se réinventer. Je recommande"
,"2,0",,"Pourquoi avoir réalisé cette 2ème saison, plutôt ridicule, dont la fin part totalement en vrille ?..."
,"3,5",,"La première pensée que j'ai eu quand j'ai regardé les premiers épisodes était de me dire Waa quel originalité ! quel esthétisme (même dans le coté gore) ! quelle qualité sonore (surtout la petite musique mais si celle qui te reste dans la tête tu vois laquelle lol) ! le jeu des différents acteurs est aussi vraiment pas mal (et wai ya pas que les ricains qui jouent bien)L'intrigue se développe petit à petit les sentiments aussi les frisons, les peurs, les rires parfois, chaque personnages est traiter ni bon ni mauvais qu'est ce que nous on ferait à leurs places ?? ça sa ma plu le coté un peu neutre du scénariste.Après évidement, il y a le coté violent, le coté du ""message"" car il n'ai pas super on aurait dit quand même une série merchandiser.... style casa de papel ....ou comment faire passer les méchants pour des gentils et le violent et le gore acceptable.....J'espère que les parents de jeunes enfants ne les laisseront pas regardé cette série."
,"2,5",,"Série très surcôtée ; elle se laisse regarder bien que très ennuyeux à certains moments, trop prévisible et le pire ils font passer le seul étranger qui participe au jeu pour un gros idiot! En plus c'est du déjà vu, rien de nouveau."
,"3,5",,"Critique de la société capitaliste et consumériste, la série sud-coréenne déclenche chez le spectateur un étrange point de vue contradictoire, à la fois malaisant et envoutant.Saison 1 : 3,5/5.Composée de 9 épisodes, la première saison montre les dérives de l'argent et les comportements déraisonnés de certains individus pour sortir de la pauvreté qu'ils subissent au quotidien.Par le biais de jeux sanguinolants et extrêmement violents, les protagonistes s'affrontent afin d'obtenir une récompense financière élogieuse.Fort de ses beaux décors et de son côté gore, la série parvient à hypnotiser et à déranger."
,"3,0",,"Pas mal il y a de bonnes idées dommage que l'acteur principal ne soit pas vraiment adapté au rôle qu'il est censé jouer. A chercher constamment à le faire passer pour le bon type naïf et altruiste ça crée un climat qui manque souvent d'intelligence. Le gangster ne joue pourtant pas le rôle du ""méchant"" comme dans les films hollywoodiens. Mais l'acteur principal joue le rôle du ""gentil"" c'est énervant."
,"4,5",,"L'une des meilleures séries que j'ai vues ces deux dernières années. D'accord, c'est encore une série dans le style ""Que le meilleur gagne"", mais c'est plein d'idées originales qui en font une petite pépite."
,"3,0",,"Accrocheuse et efficace, Squid Game l'est certainement. Pour autant, le cinéma sud coréen a su se montrer plus déroutant et mordant dans la satire sociale.La violence, au lieu de soutenir le propos, devient l'argument de vente principal. Les jeux puérils et ultra violents s'enchaînent, au milieu de grosses celles scénaristiques et de séquences melodramatiques lourdingues. Le trait est a ce point forcé qu'on n'y croit guère. Squid Game est une fable sociale, mais aux intentions douteuses. Derrière le propos dénonciateur somme toute basique, on voit vite pointer un plaisir coupable dans le gore et le violent.Les ados auront le sentiment d'avoir vu une série dérangeante, ils auront en réalité un succédané renforcé à l'hémoglobine. Les jeux s'enchaînent, violents et surtout ineptes. La série peine à justifier une telle violence et s'en tire par des pirouettes convenues en guise de bouquet final. Les longueurs miserabilistes (épisode 2 hors sujet), les twists prévisibles et la relative banalité du scénario laissent un fort arrière goût de ""peut mieux faire""Un manga a la Liar Game fait mille fois mieux en terme de complexité et d'intensité dramatique."
,"3,5",,"Scénario original, de qualité, dingue même mais trop dérangeant pour que je mette une meilleure note !"
,"3,0",,"La saison 1 avait son coté original. La saison 2, bien que j'en attendais pas grand grand chose, m'a choqué par son manque de renouvèlement, les idées sont les mêmes, les jeux sont quasiment les mêmes, il y a la même infiltration (joueur 001), et le peu de changement que le réal a fait n'ont aucunes importances, l'idée reste la même…A titre personnel j'ai été plus mal à l'aise devant la saison 2, je la trouve plus violente...Le premier et deuxième épisode sont très bien après le reste est du déjà-vu.L'idée du vote après chaque épreuves et les patchs croix et rond est une des seules bonnes idées nouvelles de la saison.A noter (malgré un visionnage en VF) une EXELLENTE performance de tout les acteurs, je trouve leur personnage très bien joué même s'ils surjouent tout le temps, et que 2 dialogues sur 3 sonnent faux, c'est pour moi aussi la marque de fabrique de la série...Les acteurs sont très expressifs, nous font bien transmettre leur stress, et sont UN PEU attachant...(le gars avec sa valise dans le métro crève l'écran!)Je trouve par contre que les dialogues sont d'une naïveté! aucun échange n'est fin, tout est répété, c'est soulant! (peut être que c'est la VF qui me fait ressentir ca?)Quoiqu'un peu forcé j'ai quand même été content de me faire un avis sur cette suite...après une saison 1 qui avait choquée le monde entier!"
,"0,5",,"Quelle déception ! La deuxième saison de Squid Game est loin d’être à la hauteur de la première. On s’ennuie ferme devant cette suite qui manque cruellement d’originalité et de rythme. L’intrigue tourne en rond, reprenant les mêmes ficelles que la saison 1 sans apporter de vraie nouveauté. Les jeux, pourtant censés être le cœur de la série, sont moins nombreux et franchement moins captivants.Le pire, c’est peut-être le rythme. Les premiers épisodes traînent en longueur, on a l’impression que rien ne se passe. Même Gi-hun, le personnage principal, est devenu ennuyeux à mourir. On dirait que les scénaristes ont perdu leur inspiration en cours de route.En voulant plaire à tout le monde, la série a perdu ce qui faisait son charme. Exit la critique sociale mordante et les subtilités culturelles coréennes, on se retrouve avec un spectacle fade et sans saveur. C’est à se demander si c’est la même équipe derrière cette saison tant la qualité a chuté.Bref, si vous avez aimé la première saison, mieux vaut garder vos bons souvenirs et passer votre chemin. Cette suite est un vrai gâchis qui ne mérite pas votre temps."
,"4,0",,"C'est d'abord excellent, puis ça perd un peu en intensité et connaît quelques langueurs. Globalement la série est très bonne et mérite d'être vue. La fin n'est peut-être pas assez épique ou alors une saison 2 nous permettra d'avoir une réponse à nos (nombreuses) questions...J'ai regardé la série en un week-end, ça faisait un moment que ça ne m'était pas arrivé, une preuve qu'elle vaut le détour"
,"4,5",,"c'est un classique. Si vous avez aimé Hunger games, foncez ! Le seul soucis, c'est qu'on s'attache pas assez aux personnages. Mais, le suspens est bien présent !"
,"5,0",,"Cette série est vachement bien. Elle raconte l'histoire des habitants endettés qui sont invités a un jeu pour gagner un beau pactole. Cependant, ils ignorent les conséquences de celle-ci. Nous passons par toutes les émotions dans cette série, de la joie à la tristesse, et de la tristesse à la colère. Vivement la saison 2.."
,"4,5",,"je viens de revoir la saison 1 une deuxième fois, en binge watching. Ce que j'ai fait uniquement pour Game of Thrones, The Walking Dead & Spartacus Saison 1. Cette saison 1 s'étale sur 9 épisodes, sans aucun temps mort. Les acteurs sont excellents, attachants pour certains, bien typés et l'histoire est bien montée. Elle montre bien ce dont certains d'entre nous sont capables de faire pour de l'argent et nous pose la question: Que ferions-nous à leur place ?Donc, 4.5 sur 5 pour ma part.La saison 2, c'est pour fin Décembre, je crois le 26 Décembre. Pas la peine de dire que je suis prête et que j'attends ça avec beaucoup d'impatience, et ça tombe bien, je serais en congé."
,"5,0",,"Squid game est incroyable. En apparence on voit une série avec des jeux de mort et de survie assez banale. La réalisation, l esthetisme, le scénario, les musiques et les acteurs sont géniaux et parfait... Et puis vient le gros morceau de cette série qui, de manière allégorique, se montre hyper contestataire et démonte le système capitaliste en appuyant sur la déshumanisation, la manipulation de masse et la mise en compétition. C est vraiment incroyable à quel point tous les arguments sont précis et pourraient carrement être une étude psychologique et sociologique de notre système... Cette série est géniale, brillante, intelligente et quasi parfaite. Ça se sent que le réal s y est impliqué au maximum et a soigné tous dans les moindre détails afin de créer plusieurs niveau de lecture pour chaque éléments. Cette série pour moi c est un énorme coup de cœur et ça a était une superbe surprise à sa sortie !"
,"5,0",,"J'ai tellement adoré, une fois commencée on ne peut que terminer la série dans les heures qui suivent. Les jeux d'acteurs sont fous et convaincants. La BO est folle et nous met tout de suite dans l'ambiance creepy  et tendue de la série. Le thème des jeux d'enfants est très bien pensé et utilisé. PS: J'aime Joon-Ho"
,"3,5",,"Les gens avancent de mauvais critiques mais ils s'attendaient à quoi ? Ils respectent tout de même le code de la suite sans rester dans le jeu, en montrant l'autre face cachée même si on a plus autant de surprises ça reste correct."
,"4,0",,"attention , série à ne surtout pas mettre sous les yeux des enfants. Mais on peut vraiment apprécier la qualité de cette série et l'idée original. Beaucoup de suspense et de tension avec pas mal de rebondissement et de surprise. A chaque fin d'épisode on attend la suite avec impatience. A voir"
,"3,0",,"Bien plaisant à mater, mais qu'est-ce que c'est lent ! Sans spoil ce qu'on voit dans l'avant dernier épisode je m'en doutais depuis le début ... Sinon franchement sympa malgré des décisions de certains ""joueurs"" totalement incompréhensibles ...Bref un 3/5 bien généreux"
,"4,5",,"C'est le genre de série que tu peux re-regarder plusieurs fois sans prise de tête.L'idée d'un jeu de la mort, ces tout à fait se que j'aime. Ça se voit que les scénaristes ont bien travaillé le scénario, ils un point d'honneur sur des détails cachés, qu'ont ne comprends que à la fin de ce drama.Les décors sont particulièrement magnifique.J'ai hâte de voir se qui nous attend dans la saison 2, avec également de nouveau acteurs qu'on va découvrir.Je me dis que si ça fait plus de 2 ans qu'ont attend, les scénaristes ont dû nous faire quelques choses d'incroyables, mais bon à voir..."
,"3,0",,"Une plutôt bonne surprise que cette 1ère saison de Squid Game ! Violent, malsain et malin, avec des personnages charismatiques et une bonne dose de sadisme."
,"2,0",,"Après la ( Bonne ) surprise de la saison 1, cette 2eme saison de Squid Game n'évite hélas pas l'effet Casa De Papel, a savoir rallonger inutilement une intrigue qui n'en avait pas besoin, et pensée a la base comme un One Shot.                             Personnages moins attachants, et intrigue sans âme, font de cette saison 2w déjà la saison de trop.           Saison coupée en deux de plus, sans réelle fin ( Tout comme La Casa De Papel... ).                                                   On voit clairement que cette saison n'a pas été prévue de base, et que seul le profit l'a faite naître                         Déception."
,"4,0",,Esthétiquement et sociologiquement c’est un régalLa saison 2 m’a tenue encore plus que la première
,"3,0",,"Une série qui a le mérite de se laisser regarder avec plaisir. Pour le reste c'est assez médiocre avec entre autre une grosse sous exploitation des réflexions sur des sujets sociétaux soulevés mais pas approfondies. Le scénario global est sans grande saveur, la fin supposée nous surprendre semble forcée."
,"0,5",,"Je croyais qu'il n'y avait que chez guignol que les acteurs surjouaient des scénarios inconsistants. Ici, on vous apprend à tout voir à l'envers. La conscience collective capitalise du non-sens, et on sait tous que nombreux seront ceux qui ne filtreront pas cette logique fallacieuse."
,"4,0",,"Bonne série qui pose des questions sur les priorités de l'être humain, la bêtise humaine, les relations familiales ! Le concept est très bien, pas étonnant que cette série soit aussi populaire dans le monde…Je recommande pour la culture générale mais également pour le plaisir !"
,"4,0",,"Très bonne série, mais très souvent dans le cliché, et avec des répliques souvent horribles. Aussi les personnages ne sont pas assez intéressants et trop scénarisés disons-le."
,"4,0",,"Scénario serte prévisible, mais s'agit t'il d'une autre série brutale, barbare, sans aucune intrigue qui montre juste des meurtres inutile ?Moi je dit non. Cette série pour moi est un mélange de plusieurs choses. De la violence comme je l'ai dit plus haut, mais également de la tristesse (pas mal de personnages deviennent attachant et on as de la peine à les voir mourire), de la trahisons, et ce qui est important elle est intriguante. A chaque fin d'épisode on as envie de voir la suite, même si on sait par avance qui va gagner à la fin.Les décors sont bien soigné qui font vraiment penser a une coure de recré ou on joue a tout ces jeux d'enfant. Maintenant le concepte est-il vraiment innovateur ? Bref, des films et séries ou on meure quand on perd à un jeu on nous as déjà fait le coup, avec les Saw ou encore ""Alice in Bonderland"" qui reprend le même concepte.Mais sa reste une série de bonne qualité que je conseille. Je me demande seulement si il y aura une deuxieme saison compte tenu de la fin. Si oui elle devra vraiment être béton avec de vraies innovation, car sinon la note risque de baisser. "
,"3,5",,La série événements qui est fort sympathique. Que j'ai vu avant qu'elle ne prennent autant d'ampleur et qui même si j'attends la saison 2 ne mérite pas toute la hype qu'elle a engendré.
,"5,0",,"J'écris rarement une critique mais cette saison vaut la peine.Les personnages sont globalement bien construits.Si on oublie quelques roles sur joués et le Côté Squid Wick... C'est vraiment bon.Le dernier épisode envoi un climax haletant.J'ai aimé, à ma plus grande surprise, cela vaut le coup d'une saison 2.Et maintenant, j'attends la 3 avec impatience "
,"5,0",,"Une série qui a marqué plus d'un. Vu 2 fois c'est un chef d'œuvre une originalité épique sorti de nul part. Avec une deuxième saison toute aussi épique que la première, mais moins complète."
,"5,0",,Une série qui a marqué plus d'un. Vu 2 fois c'est un chef d'œuvre une originalité épique sorti de nul part.
,"3,0",,"Difficile de ne pas être déçu après la saison 1 exceptionnelle mais il y a beaucoup de réchauffé dans cette deuxième saison. Les 2 premiers épisodes sont mes préférés. Après on est pas mal dans le copier coller et surtout on étire , on étire pour faire une saison 3 qui devrait être intéressante si c’est la dernière…."
,"3,0",,"Bien que l'intrigue soit présente, j'ai trouvé cette saison moins bien que la première saison qui présentait moins de longueurs et des personnages beaucoup plus crédibles. Cette saison 2 est truffée de situations incohérentes et surtout, de personnages qui surjouent de façon insupportable. Certaines scènes sont similaires à des scènes de la saison 1 mais au sein du jeu, on découvre des personnes qui se connaissent ou encore une célébrité, ce qui mène à des situation absurdes, par moment. Certains répliques sont débiles et tirée par les cheveux. Le junky est insupportable et le fils est surexcité comme jamais...Par ailleurs, j'ai beaucoup aimé l'idée de vengeance et l'intrusion d'un personnage improbable dans le jeu. Cette série reste d'une violence inouïe même si j'adore l'histoire de fond. Le final m'a laissé sur ma faim. J'attends de voir la prochaine saison..."
,"3,5",,"J’aime bien cette série, alors je sais elle est devenue extrêmement populaire très vite et c’est ce qui m’a poussé à la regarder, j’aurais moins couru sur le titre s' il n’y avait pas eu autant de hype. Mais il faut avouer que c’est plutôt agréable et plutôt original. J’aime bien."
,"3,5",,"Une série sacrément bien fichue, il faut l'avouer. Le contenu est très varié, le rythme est soutenu et le suspens est bien présent.   Toutefois, très (trop) violent et pour ma part, j'ai eu du mal à visionner certaines scènes. La scène finale est horrible et m'a presque donné envie de pleurer tant c'est à se demande si l'être-humain peut être aussi ignoble pour arriver à ses fins. Cette série présente une certaine forme de violence psychologique qui défie la violence physique."
,"2,5",,"Série très surcoté je trouve, le côté angoissant des épreuves est cependant génial je trouve. Peu être un peu longuet par contre."
,"3,0",,"Pourquoi ?  La saison 1 de cette série coréenne innovante et très décalée, comme souvent d'ailleurs seuls les Coréens savent le concevoir, avait fait des ravages. Non, elle n'est pas destinée à tout le monde et oui, elle peut provoquer quelques cauchemars. Mais ce qu'on en appréciait, c'était le côté jamais-vu, intense, haletant, sans la moindre morale mais témoin du jusqu'au-boutisme cupide de l'être humain. Et avec, il faut le reconnaître, un excellent rebondissement. Quelle hâte, dès lors, de découvrir la saison suivante. Mais voilà, à forte attente, fort risque de déception. Ca n'a pas loupé ! Dans ce nouvel opus, on se demande un peu ce qu'il s'est passé. Soit il n'était pas prévu et il a fallu improviser quelque chose dans l'urgence, quitte à bâcler l'affaire ; soit les scénaristes ont tellement tout donner sur le premier volet qu'ils se sont retrouvé surmenés et vides de toute imagination... Toujours est-il que le résultat n'est pas là et que la fin... c'est vraiment une fin ? On sait qu'une troisième saison verra le jour mais de deux choses l'une : soit on remonte à la surface après avoir touché le fond, soit on acceptera volontiers que la série s'achève plutôt que de creuser sa tombe, elle qui a justement tout misé sur la mort de nombreux joueurs. Mais les spectateurs, eux, ne jouent pas !"
,"4,0",,"Impressionnant de maturité.J'ai été très étonnée suite a l'annonce de la saison 2 de squid game.Pensent que le carton de la saison 1 dissuaderais le réalisateur de risquer de faire un bide sur une nouvelle saison.Et force est de constater que celle saison 2 est toujours aussi intéressante que la première.Certes fini la découverte des décors, ainsi que de l'intrigue de la première saison cette fois ci on revient avec une suite logique qui nous emmène l'enquête de l'organisation et les organisateurs de ses jeux.On y découvre de nouveaux participants haut en couleur et bien plus profond que lors de la première saison.Les épisodes se sont regardés en peu de temps avec le même plaisir devant chaque épisode.Une saison 3 est annoncée et j'attend avec impatience la fin de cette série."
,"4,5",,J’ai passé un très bon moment à regarder cette deuxième saison qui explore davantage le parcours des 2 personnages et leur duel. Le suspens est à son comble . J’ai hâte de voir la suite.
,"3,5",,"Série intéressante mais très inégale...L'idée de base avec son scénario à la hunger games est vraiment bonne, mais le rythme ne tient pas tout le temps. En effet, certains épisodes sont mous et longs, d'autres sont plus prenants.On a quelques rebondissements, mais rien de vraiment incroyable...Le côté esthétique est en revanche très réussi. Certains décors sont magnifiques, et la musique enfantine placée dans ce jeu machiavélique est très bien sentie."
,"4,5",,"On ne peut le nier, Squid Game est un succès. Pure réussite dont on espère une suite qui puisse nous apporter les réponses aux questions que l'on se pose à la fin de la saison 1."
,"5,0",,"La série est tout simplement géniale!! Le scénario est original et cohérent, les acteurs jouent très bien, en plus ils nous font une saison entière sans trop d'épisodes à l'américaine. Honnêtement une des meilleures séries pour moi meme je dirais la meilleure série 2021 pour moi."
,"5,0",,"Personnellement la série me semble une merveille, car il vous attrape depuis que vous voyez la bande-annonce de la série. Je crois que la façon dont ils présentent la bande-annonce c'est la clé de la fréquentation de cette série. Il est très intéressant que les personnages qui participent au jeu soient des personnes qui ont une dette, c'est-à-dire que ce sont eux qui n'ont pas une chance de régler leurs comptes à vie.La série me rappelle le film «La purge » parce que d'une certaine manière ils se débarrassent de personnes qui sont pauvres en ressources et qui n'ont probablement rien à perdre.Je recommande la série car chaque chapitre devient plus intéressant et vous vous concentrerez sur chaque détail de tous les chapitres puisque l'intrigue en général est unique et probablement, proche d'un certain futur de la vie réelle."
,"5,0",,Je trouve que la saison 2 est vraiment génial bien sûr qu'il y a des passages où ont devinent avant que cela ce produisent comme dans la plupart des films et séries.Impatiente de la suite 
,"3,5",,"Petits meurtres entre amisDe l'originalité ? Oui, il y en a. De la folie ? Aussi. De celle dont on se demande parfois comment le scénariste a pu penser à cela, et s'il est bien raisonnable de le laisser en liberté... Car, si la série prétend s'inspirer d'un jeu d'enfants traditionnel dans la cour de récréation, sérieusement, il faut bien décrypter qu'en dehors d'une unique scène, l'adaptation n'a strictement aucun rapport avec le divertissement des bambins. Le jeu du poulpe n'est donc qu'un prétexte pour se livrer à la réalisation d'un fantasme cinématographique. A travers huit jeux barbares, donc, toutes les occasions sont bonnes pour faire couler le sang de façon totalement gratuite. Là où on aurait pu espérer un peu plus d'intrigue psychologique, il faut se résoudre à ne pas vraiment lire l'histoire au-delà du premier degré. La seule information que l'on risque d'apprendre, c'est bien sa propre addiction aux neuf épisodes, liée ni plus ni moins à des pulsions de voyeurisme poussant à vouloir découvrir quelle nouvelle recette d'extermination va être concoctée... Un petit bouillon coréen qui, normalement, est bien trop relevé pour ne pas piquer les enfants. Par conséquent, à ne pas mettre entre toutes les mains et tous les palais, afin de ne pas provoquer de faute de goût, sans quoi un simple haut-le-cœur pourrait se retourner en véritable nausée."
,"2,0",,"Série dont le seul intérêt est de dévoiler la part d'égoïsme que chacun a en soi. Aucune émotion, aucun whaouu. Soit dit en passant quand un spectateur n'a vu ni cube, ni battle royal, ni Alice in borderland ou même hunger game ainsi j'admets que ça peut plaire. Pour ma part c'est vu en entier et ça mérite 2 étoile pas plus"
,"2,5",,"Voilà un drama coréen à la Hunger Games. Le perso vieux était énervant et il a mérité sa fin. La scène des vitraux qui se cassent était beaucoup trop longue, épargnez nous ce genre de moment. Sinon cool mais beaucoup de cruauté"
,"1,5",,"Ils nous ont vendu les 7 épisodes comme une saison, mais en fait absolument pas ! C'est plutôt une Saison 2... partie une ! La fin n'a absolument rien à voir avec une fin de saison... Enfin, si on considère qu'un Squid Game complet = une saison, car là le Squide Game n'est clairement pas terminé... A la fin du 7ème et donc dernier épisode Ils en sont seulement au 3ème jeu (ou 4ème) sur les 6 jeux à terminer pour remporter le pactole. Bref, sympa mais Squid Game saison 2 et un titre un tantinet mensonger.... RV fin 2025 pour la seconde partie de la saison 2, ou le début de la saison 3 pour les communicants Netfix. ;-)"
,"4,5",,"Une direction artistique magnifique, un très beau travail des décors, un scénario et des personnages particulièrement bien écrits et un beau jeu d'acteurs. Un coup de cœur indéniable."
,"5,0",,"Excellente suite de squid game 2 qui plonge plus profondément dans la critique radicale du système capitaliste qui tue l'humanité.J'avais peur que la série se vautre dans le spectacle, mais ce n'est pas le cas."
,"3,5",,"Pas mal du tout pour les épreuves.  C'est vraiment recherché et les scènes d'actions et de suspens sont intenses.  l'ambiance et certaines mises en scènes font parfois penser à Fantomas (1964).  Mais j'ai trouvé la fin décevanteDe plus, Le personnage principal ne m'a pas convaincu; je l'ai pas trouvé cohérent et la niaiserie est poussée l'excès. Je trouve aussi  que certains dialogues sont redondants et ralentissent le rythme de la série"
,"3,5",,gros potentiel mais gâcher par des détail pas crédible et l'histoire est un peu prévisible et certain personnage un peu caricatural à part ça plutôt satisfait de cette saison et hâte de voir la saison 2 qui seras déterminante pour la serie
,"4,0",,"Très bonne série bien filmée avec beaucoup de suspense et un concept original ... pas grand chose a redire !Cependant un peu trop d’exagération et certaines sont surjouée sans forcément que cela soit nécessaire, dommage au vu du scénario …"
,"2,0",,"Autant la première saison était très intéressante autant la deuxième a à mes yeux aucuns intérêts.Elle s'enlise dans le poussif Netflixien.Plutôt déçu, j'ai décroché avant la fin et je reviendrai pas dessus."
,"2,5",,"J'ai passé un bon moment devant squid game, les décors et le jeu des acteurs m'a convaincu,  cependant la série est très prévisible, la fin m'a beaucoup  déçu,  bref une bonne série pour ado."
,"3,5",,"Squid Game, série coréen produite par Netflix. Cette série est devenue rapidement l'œuvre de fiction de netflix la plus regardée du moment. L’histoire commence avec un père croulant sous les dettes et sur le point de perdre sa fille à qui on offre une chance de gagner de l’argent. Il va alors se retrouver dans un lieu avec 455 autres personnes où ils vont jouer à des jeux d’enfants  afin de gagner une énorme somme d’argent. Le premier épisode est très réussi, le contexte est posé et l’univers est intéressant. Le pari est réussi étant donné que l 'on veut voir la suite. Finalement on est pris dans l’histoire dans laquelle on a envie de voir comment les protagonistes vont survivre aux différentes épreuves imposées et comment est cette organisation. Je reproche cependant un manque d’attachement au personnage, honnêtement peu importe qui mourrait je m’en foutait, ce qui m'intéresse c'est comment ils survivent. Ce qui est assez fort avec la série est le fait que l’on sait très bien que les personnages principaux ne vont pas mourir au début et pourtant être pris par la tension à chaque jeux. Certains épisodes sont moins bien que les autres comme l'épisode 2 et 8 qui sont des épisodes de transition. Par contre l’épisode des billes est peut être le plus intéressant car on découvre la vrai nature de l’homme avec ces trahisons et sa lâcheté. Cela est l’épisode avec le plus d’émotion.  Le dernier épisode est aussi réussi, je suis resté choqué devant cette révélation finale et le côté gore du combat final.Si je fais la moyenne des 9 épisodes, la note est de 3,5 sur 5 étoiles. Cette note est pour moi la plus logique, loin d’un chef d'œuvre, cette fiction réussit à nous tenir en haleine pendant toute la série. Si je n’ai pas réussi à réellement m'attacher aux personnages cela est probablement à cause de Netflix, effectivement lâché toute la série en un seul trait ne permet pas un attachement. Les séries qui montrent un seul épisode par semaine permettent de mieux apprécier la série et éviter de tomber dans l'oubli."
,"0,5",,"Tres decevant,  une senario sans intérêt, tous les succès de la saison une ont disparu pour laisser place a des scenes convenues avec pour seul objectif de lancer la saison 3. La fin de la saison 2 est ridicule."
,"4,0",,"Série incroyable ! Bien que j'ai été légèrement spoilée j'ai quand même eu beaucoup de larmes sur mes joues mais aussi beaucoup de colère ! Série vraiment génial, j'ai hâte de voir la saison 2 en espérant qu'elle soit toute aussi bien que la première !"
,"4,5",,"Magnifique serie au scénario hyper captivant...La misére humaine au début pour lancer l histoire , puis la folie et la noirceur de l homme prét à tout sacrifier jusqu'à sa propre vie pour de l argent...Le thème du chacun pour soi et de l égoïsme sont ici à leur apogée...La musique est vraiment sublime tout le long ...Tout est parfait sauf..,..le dernier épisode où beaucoup de questions restent en suspend...Espérons qu il y ait une saison 2 sinon dur dur de finir comme ça....J ai adoré .."
,"2,0",,"Deux étoiles pour l'esthétisme et les quelques scènes visuellement très réussies.Pour le reste mais quelle lenteur ! On arrive péniblement à l'épisode 6 (le seul qui suscite un peu plus d'intérêt et d'émotion d'ailleurs).On attend la fin qui s'avère finalement assez plate...à l'image de la série.Si le but du réalisateur était de créer le malaise, la série est alors très réussie : provoquer  l'ennui et l'indifférence froide devant des scènes d'horreur ... Il fallait le faire! Les personnages sont sans profondeurs. Le sujet aurait pu être traité en 2h, largement suffisant à mon sens.La série ne fait pas réfléchir, elle sert simplement ce qui se fait le mieux en ce moment : un mélange de spectaculaire et d'horreur déshumanisée au possible. Rien qui bouscule assez le spectateur pour le faire réagir tout au contraire. Vu le succès de la série, le ""divertissement"" sadique semble avoir encore de beaux jours devant lui et en dit long sur notre société...applaudissez mesdames et messieurs !"
,"3,5",,"Squid Game est une série de Hwang Dong Hyuk qui est produit par Netflix elle est sortie en fin 2021 et à été un vrai carton car elle est la première série la plus visionné sur Netflix.Saison 1 :La saison 1 est bonne avec des décors époustouflant pour une série mais qui est compréhensible avec le budget de 21 million de dollars ce qui est énorme pour une série mais le producteur étant Netflix ont comprend mieux pourquoi le budget est aussi conséquent. Le scénario est très original et c'est triste que celui ci soit dans des placard coréens pendant des années et qu'elle soit produite aujourd'hui par le géant Netflix, les jeux nous parlent tous et réveil notre âme d'enfant alors que cette série parle principalement de meurtre ce qui créer un contraste en tant que lecteur. On s'attache aussi au groupe de personnage du jeu surtout Seong Gi-Hun un homme qui paraît très méchant mais qui a le cœur sur la main. On peut remarquer dans cette série l'utilisation de gros plan qui est très régulière, ainsi que la bande son qui est très bonne. La fin est très surprenante et donne envie au spectateur de continuer cette série, hâte de la prochaine saison."
,"4,5",,"Une série coréenne super originale rappelant l'univers de Alice in Bordeland dans son coté décalé à la culture européenne , j'ai beaucoup aimé"
,"5,0",,"Une claque ! Cruelle et dérangeante, âme sensible s'abstenir. Scénario original et visuel magnifique. Très originale."
,"4,0",,Étonnamment surpris par la qualité de la série sans concession avec le spectateur pour satisfaire ses enjeux quitte à être difficilement soutenable par moment.Pas hyper fan de la fin mais c'est du très très bon !
,"4,5",,"J'ai vu les 2 saisons. Et j'ai vraiment accroché de A à Z : L'histoire est prenante, on veut voir ou on veut aller tout ces pauvres gens pour de l'argent. La saison 1 est folle. La 2 reprend les bases, en y ajoutant un soupçon d'intrigue policière. La série s'est réinventée sans lasser. Hate de voir la 3"
,"2,0",,"Pourquoi faire un format série quand le programme pourrait tenir dans un format film de 2h grand max ? Certaines scènes sont longues ! mais longues.... et franchement, on dirait un remake des Hunger games. Je ne comprends pas toute cette agitation autour de cette série, si ce n'est le prix de la com qui l'a poussée.... faut être honnête parfois et là, franchement, je ne comprends pas l'engouement... bon courage."
,"3,0",,"Saison 2 clairement moins bonne. Seulement 3 jeux, que 2 nouveaux peu marquants, des personnages secondaires pas très intéressants et globalement une redite de la saison 1. Seuls les deux premiers épisodes, bien que tirant un peu en longueur par moments, renouvellent un peu le style de la série."
,"4,0",,"Très bonne série, qui reprend le principe des ""battle royale"": ils sont 450 au départ, il ne doit en rester qu'un à la fin. L'esthétique est très soignée, avec les codes couleurs et les formes géométriques, la musique et les décors en général. Surtout, le scénario a la bonne idée d'explorer l'envers du décor, et également de s'appuyer sur une réalité en Corée du Sud, à savoir l'endettement insoutenable de certaines personnes qui préfèrent disparaitre, que de continuer à vivre cet enfer sans fin. En parlant de fin, celle de Squid Game est par contre un peu manquée, avec des acteurs secondaires 
spoiler: 
les VIPS
 qui forcent leur jeu, et un dénouement un peu facile (
spoiler: 
le policier tué sans trop d'explications, le jeu qui se déroule finalement sans encombre, le héros qui préfère y retouner que d'aller voir sa fille, tout ça pour préparer une éventuelle saison 2..."
,"5,0",,"Concept original, des performances d'acteurs époustouflantes, une tension palpable et qui vous étreint impitoyablement... Cette série est à couper le souffle. Une pure merveille ! D'un point de vue technique, la réalisation est parfaite. Magnifique ! Enfin on montre que notre époque est capable de faire émerger des univers nouveaux et de le faire avec grand talent."
,"1,0",,"Un navet,le concept, un huis clos dans lequel des personnes endettées doivent participer à un jeu de massacre pour espérer gagner la récompense de quelques millions d'euros. J'éprouve de la difficulté à juger du jeu des acteurs puisque je n'ai vu que la vf mais ils ne m'ont pas convaincus (les intervenants anglophones encore moins). L'attrait de l'intrigue sommaire dure environ 1 épisode et ensuite seule l'envie de découvrir les différents jeux subsiste. Des intrigues secondaires sont commencées mais peinent à exister. Enfin, la résolution finale a provoqué mon hilarité tellement c'était niaiseux.Dans le sens du gore scénaristique, cela voulait peut être égaler battle royale 1, et n'aura même pas l'étoffe du 2 tant le show peine vraiment à se justifier."
,"2,5",,Très moyen.. Je comprends pas le succès de cette série. Prévisible. Peu attachant.. Longuet et répétitif. L être humain à de mauvais goût. Distrayant sans plus..
,"1,0",,"Je n'ai pas mis la note minimum car j'ai tout de même fini la saison. Quelle erreur ! Ce n'était que déception sur déception. Le scénario n'invente rien du tout. Tous les twists sont anticipés à vous faire pleurer (de rire) tellement il était simple de les deviner. Je n'ai aucun problème avec la violence dans les séries mais celle-ci n'apporte rien elle est juste ennuyante à mourrir et dessert la pseudo moralité ""gneu gneu gneu l'argent n'achète pas le bonheur"". Wow. Une révélation. Aussi gênant qu'un clip de rap avec des meufs à poil et Jean-Marie Bigard au milieu."
,"4,5",,"""enorme serie"" acteurs,suspense,il y à tout.moi qui n""est absolument pas serie...je l'ai dèvorè en une journèe...vivement la suite"
,"4,0",,"Je viens de terminer la saison 2 et je suis plutôt surpris de voir tant d'avis négatif. Dans sa globalité je trouve cette suite tout à fait cohérente. J'ai lu que ce qui revient principalement c'est ""mais qu'est-ce que fou le personnage principal ?! Il n'y a pas d'action"". Cependant mettons nous à sa place 2 min. Le mec a sans aucun doute un énorme trauma et 
spoiler: 
sa mission d'infiltration avec une aide militaire a échoué. Il se retrouve donc, comme à la saison 1, impuissant et perdu.
 Ce qui est parfaitement démontré par l'acteur. De plus, 
spoiler: 
guider les autres joueurs et les conseiller ne prends pas et c'est très bien démontré dans l'épisode du 1,2,3 soleil car on le voit comme un joueur étrange qui veut déstabiliser ses adversaires.
 On est donc sur un développement de personnage très crédible selon moi.Personnellement, le rythme de cette saison est parfait, la tension monte, le schéma reste globalement le même mais avec de nouveaux personnages. Le point où je retire une étoile est donc celui-ci. Effectivement on s'attache moins aux personnages secondaires même s'ils restent ok. Le rappeur et la chamane sont par contre totalement ridicules. Mais les alliances/clans, comme à la saison 1, se forment petit à petit et fonctionnent tout de même. Les nouveaux jeux sont intéressants et marchent bien. L'épisode 1,2 et 7 sont pour moi les meilleurs. Le final est prenant mais peut être frustrant  pour ceux qui voulaient en découvrir encore plus dans cette saison. ll faudra attendre la saison 3.  
spoiler: 
De mon côté j'ai réellement apprécié cet assaut contre les masqués, ça rajoute une nouvelle dynamique inédite et on ne sait jamais ce qu'il va se passer.

spoiler: 
J'émets un autre point noir sur le frère du maitre du jeu qui ne sert strictement à rien et se fait berner trop facilement.
Hormis ça, j'ai passé un super moment à visionner les 7 épisodes et je suis impatient de découvrir la suite !"
,"2,0",,"Malgré l'engouement international pour cette série, je ne lui trouve pas énormément de points positifs. Beaucoup de violence gratuite, des scènes téléphonées, et une fin qui n'a ni queue ni tête. Assez décevant puisque le fond de l'histoire est plutôt sympa."
,"5,0",,Incroyable juste incroyable. La série reflète bien le problème de l'argent et du pouvoir ent donnant un côté violent avec un décor enfantin. Les effets spéciaux sont juste remarquable + les thèmes abordés sont justes fou. D'autant plus que il y a plusieurs histoires on ne tourne pas que vers le héro mais aussi ver la pov des gardes qui eux aussi sont retenus. Les acteurs jouaient tous très bien la transformation du héro pendant la série fut très bien montrer.Même si je donne pas beaucoup d'informations la série en vos vraiment la peine. Pour une telle série je ne trouve pas de défaut sa mérite 5 étoiles
,"4,5",,"Très prenant, toutes les facettes de l'humanité exprimées selon les contextes.Ceux qui disent ""surjoué"" sont-ils seulement déjà familiers avec les séries coréennes ?"
,"4,5",,"Une série excellente ! Un peu à la Black Mirror. Stressante et prenante. Un dernier épisode qui gâche un peu tout, mais si non, très très bonne série. Comme on le disait !"
,"4,5",,"Une série horrifiquement géniale. Dans la lignée de Black Mirror et Battle Royal. Une mise en scène fabuleuse qui sert énormément l'histoire, de très bons acteurs et une tension et malaise constants. On s'attache rapidement aux personnages et il est difficile de s'arrêter entre chaque épisodes ! Une série made in Korea de qualité qui apporte une réflexion sur la vie et son rapport à l'argent intéressante mais pas seulement. Un grand moment pour ma part."
,"3,5",,"Je confesse avoir été happée par le style coréen depuis le printemps dernier. Uniquement par les thrillers parfois un peu fantastiques, même s'ils ont l'habitude de mettre 50 psychopathes à chaque coin de rue ou presque que ça en devient risible parfois. Les coréens ont, par ailleurs, une forte propension à étirer en longueur pour rien. Consentir à suspendre son incrédulité la plupart du temps, et on peut passer un bon moment. En effet, ils ont un sens de la mise en scène avec peu de moyen, et l'image toute en contraste est léchée avec une esthétique qui leur est propre. Du fait d'une exportation grandissante, on sent aussi qu'ils font de gros efforts pour éviter le surjeu dont ils étaient coutumiers.Néanmoins, même s'ils aiment un peu trop les joggings avec des bandes blanches sur les côtés appuyant l'aspect ""team"" ou ""uniformisation"" (je peux citer plusieurs séries avec cette récurrence, on dirait qu'ils se fournissent tous au même magasin :p), et que les jeux où il n'en restera qu'un avec des épreuves tordues - (financés par des sales riches et mégalomanes que le héro ira combattre un jour ou l'autre) - sont fréquents dans le paysage asiatique pour dénoncer les absurdités de la société (webtoon/manga/animé/ adaptation en film/séries...), on se laisse piéger car cela reste addictif. Généralement, ce sont les épreuves qui pimentent la série bien avant les relations entre personnages. Ici, c'est l'inverse avec une évolution du principal qui était en bonne voie avant que la fin ne casse tout. Fin qui laisse une porte ouverte pour une seconde saison pourtant non prévue. Ce n'est pas la série du siècle qui aura renouvelé le genre déjà surexploité en Asie, mais j'ai bien apprécié. Surtout pour ses personnages, ma foi, plutôt bien esquissés et campés avec leurs biais cognitifs, leurs faiblesses humaines, leurs schémas répétitifs mais plus largement naïfs et désespérés auxquels on aurait tellement envie de mettre des baffes au début pour qu'ils assument leurs conneries, ou trouvent une voie plus honorable, au lieu de s'enfermer dans ce traquenard."
,"5,0",,"5/5 - Cette série sud-coréenne est un vrai chef-d'œuvre à mes yeux. Le concept est assez courant mais incroyablement bien exploité, et les acteurs jouent très bien. Malgré tout ça, je dirais pas que c'est la meilleure série Netflix, même si elle reste incroyable."
,"2,5",,L'esthétique est soignée mais le scénario lourd et prévisible.Tout est très très appuyé !  Le doublage français n'est pas top non plus. Très sûr-côté !
,"4,0",,"Si le concept de Squid Game n'est pas nouveau, la série est tout de même très réussie. Elle met un peu de temps à se lancer mais devient rapidement très prenante grâce à ses mystères, son suspense et son côté imprévisible. C'est un bon divertissement qui n'oublie pas l'émotion et la réflexion."
,"4,5",,Vraiment génial ! L'histoire est très bien écrite et les acteurs jouent très bien leur rôles. Je recommande même si la série le fait très bien toute seul.
,"1,0",,"Autant la saison 1 était exceptionnelle ; autant la saison 2 est ennuyante et prévisible. Tout ça pour ça ! La saison 2 de termine sans rien savoir et nous dirige vers une saison 3.La seule motivation de la saison 2, le gagnant de la saison 1 veut empêcher les méchants de continuer ce jeu. C'est la trame. Par contre comme dans la saison 1, il y a une taupe infiltrée, le joueur numéro 1...mais ça il avait oublié notre héros....Franchement une saison à oublier. Comme beaucoup de séries malheureusement, surfer sur la.premiere..."
,"3,5",,Très divertissant. L'épisode 1 est un peu long puis on rentre dans le vif du sujet. Nous sommes tenus en haleine et certains personnages sont très attachants (par exemple candidat numéro 1).Cependant rien de révolutionnaire dans cette jolie série qui mérite d'être vue mais sans autant d'éloges.
,"2,5",,"Comme dans la série des ""Saw"" où on attend impatiemment le piège suivant, sur Squid Game 2 on trouve par moment le temps long entre les jeux. Cette saison s'éloigne de la première, les jeux passant davantage au second plan pour laisser la place à d'interminables dialogues entre les protagonistes où l'irrationnel et même la niaiserie qu'on assigne à certains acteurs prennent souvent beaucoup trop de place dans l'intrigue.Je le trouve dans l'ensemble moins abouti que le premier opus, cette saison ne donne pas envie de la revisionner une seconde fois comme on le fait parfois avec d'autres séries."
,"5,0",,"Série géniale avec de bons acteurs, du suspens, une pointe d'humour, de l'horreur, du sang et énormément d'émotion ! C'est intriguant, surprenant et déroutant. Encore une réussite des coréens et non contrairement à ce que l'on entend souvent : Ce n'est pas sur côté !!! Super concept et même si les costumes font penser à ceux de La casa de papel, ça n'a rien à voir. Ça ressemble par contre beaucoup à Alice in borderland."
,"5,0",,Comme beaucoup d'autres personnes j'ai tout aimé dans cette série coréenne donc j'ai rien a dire de plus
,"5,0",,Cette série est une tuerie !!!! Elle est vraiment bien même si l'on sait dès le début le gagnant du jeux tellement c'est prévisible. Squid game est vraiment une série violente mais d'un autre côté à chaque fin d'épisode on a envie de regarder suivant. Vivement la saison 2 !!!! 
,"1,0",,"Trop d'incohérences, aussi bien dans le scénario que dans les décisions des personnages ou leurs attitudes, l'esprit de la série se perd dès les premiers épisodes, poussifs. Quelques débuts de scènes laissent penser que ça va décoller, mais ça retombe comme un soufflé... 
spoiler: 
La roulette russe par exemple, on pense que ça va être tendu, mais non, le gars se suicide au lieu de buter son ennemi... normal. 
 Les personnages ne sont ni attachants ni détestables, trop caricaturaux pour être crédibles, avec des acteurs qui surjouent, du coup on se fout de savoir s'ils vivent ou s'ils meurent. Les gars, qui risquent leurs vies dans les jeux, perdent leur temps avec des discours, des rires ou des encouragements au lieu d'essayer de sauver leur peau. 
spoiler: 
Le jeu du pentathlon à 5, c'est le pire. Ils ont 5 minutes mais en perdent 3 à palabrer, les autres les encouragent y compris ceux qui veulent juste les voir crever pour gagner plus de blé 5 minutes avant...pas crédible pour deux sous 
Bref, rien ne va... à part dans l'avant-dernier épisode, où le jeu du manège ramène un peu la série dans son esprit original, tout le reste est d'un ennui mortel ! Autant rester sur la saison 1, qui est vraiment bien et qui a une fin."
,"4,5",,"Alors mon ressenti sur cette série c'est les montagnes russes. La première saison m'a convaincue, j'ai trouvé ça innovant et novateur mais pour le coup je suis restée sur ma faim pour la seconde qui n'apporte aucune réponse et qui ne présente pas grand intérêt à mon sens. Cependant, la dernière saison que je viens de regarder m'a énormément émue et beaucoup plu. J'ai trouvé les personnages plus attachants, les messages beaux et le rythme très bon, très dynamique."
,"2,5",,"Franchement la personnalité de Seong Gi-hun commence à m'énerver, cette saison 2 était de trop à mon avis...Tout le monde le suit aveuglément dans sa folie mais le final est toujours le même, a force c'est épuisant."
,"1,0",,"Une série qui fait passer le temps. La chute est plus ou moins prévisible selon moi (avec un méchant dans le même état que celui dans ""Saw"" mais en moins bien). Tout le monde parlait de cette série comme LA série du moment, alors j'ai été plutôt surprise. Aucun attachement particulier pour les personnages, pas d'émotions particulières ressentis lors des scènes qui auraient dû être pleines d'émotions. Parfois un jeu des acteurs qui pourrait laisser à désirer, comme des exagérations grotesques. Enfin bref, je ne comprends pas tout l'engouement sur cette série, mais ce n'est que mon avis."
,"3,0",,"Une série pas mal dans l'ensemble et se laisse regarder jusqu'au bout même si imparfaite sur plusieurs aspects, tout d'abord beaucoup de personnages clichés, je dirais même qu'on à tous les clichés: Le grand méchant, Le mec sentimental qui veut faire de mal à personne, Une folle, Un lâche, Un faible, etc... Enfin voilà, c'est très très clichés voir même nanar sur les personnages masqués qui sont juste ridicule MAIS la découverte des ""jeux"", la critique de notre société et du comportement humain, c'est ce qui donne tout le souffle à cette série, c'est donc pas un chef d'œuvre mais une bonne première saison tout de même.En revanche si une saison 2 venait à sortir je penses qu'il va falloir comblé les lacunes de cette première saison, car malheureusement servir 2 fois la même chose sur une autre saison serait une très mauvaise idée !"
,"4,0",,"Je viens de finir la saison 2, contrairement à ce qu'on disait autour de moi, j'ai adoré. Le rythme est toujours aussi captivant et intense. Les nouveaux personnages sont sympas et certains sont très charismatiques ce qui est appréciable car la plupart sont surtout juste drôles et caricaturés. Le plus gros bémol est qu'on termine la saison 2 en en sachant pas plus sur les Squid games que ce qu'on savait déjà à la fin de la première saison. Heureusement que la série est très dynamique et que les personnages donnent envie d'être suivis parce que dans le fond, on patauge un peu dans la semoule et la fin de la saison est particulièrement décevante tant elle nous laisse dans le flou. C'est à se demander si le réalisateur sait vraiment lui même comment est sensée se finir la série. Je laisse quand même une très bonne note parce que c'est plus fort que moi, je suis très friande de ce genre de séries
spoiler: 

 et je me suis prise au jeu une fois de plus."
,"3,0",,"Je ne comprend pas l’énorme succès de cette série auprès des jeunes, des 6emes jouent à «  Squid Game » dans la cour de récré, c’est invraisemblable étant donné la noirceur et le désespoir de cette série. 20% de la série est consacré au jeu, l’autre pourcentage est une vraie critique sociale de la situation en Corée. Le problème de répartition sociale ( des gens très riches et d’autre qui crèvent la faim), là-bas ils n’ont pas la sécurité sociale comme nous, nous l’avons en France. Je trouve qu’il y a des scènes très violente pour des jeunes gens et que la jeunesse n’est absolument pas le public visé par la série. De toute manière, ils n’ont retenu que le côté jeu et non le côté dénonciation sociale. C’est une bonne série qui a failli m’arracher des larmes ( hello l’épisode 6) et qui fait relativement réfléchir au monde qui nous entoure. J’ai plusieurs fois eu peur pour les personnages  au cours des jeux. C’est très très bien fait, les décors sont superbes, et l’idée des jeux est relativement brillante, prendre des jeux  de notre enfance, pour les transformer en chaos ou il est dure d’échapper à la mort. Par contre, je n’ai guère aimé la fin , que j’ai trouvé peu crédible. C’est un peu dommage car j’ai trouvé que c’est sorti de nulle part et que ça n’avait pas beaucoup de sens.  Ce n’est pas la série du siècle, mais néanmoins, je conseille cette série pour les gens mâtures , je déconseille aux jeunes ( les enfants qui sont en primaire par exemple) car je juge cette série trop noir et violente.3/5"
,"4,0",,"Les coréens ne cessent de nous surprendre, en films comme en séries.Cette ""petite"" série se regarde avec plaisir, en V.O de préférence et s'il ne révolutionne pas le genre, il nous rappel avec surprise d'autres productions du même genre."
,"3,5",,"Je suis passé un peu par toutes les émotions sur cette série. Je voulais savoir pourquoi elle a tant fait parler d'elle. J'ai trouvé les premiers épisodes un peu vides, mous, ennuyeux. Il faut se faire au jeu d'acteur asiatique également souvent surjoué au niveau des émotions ce qui pour moi brise complètement l'immersion (manque de bol c'est souvent le héros). Moi qui ne comprends plus vraiment cette époque pourtant je suis encore jeune je me disais "" c'est ca qui a mérité tout ce cirque médiatique ?"" et je me disais ""boh si ca ne bouge pas je vais y mettre un 2...2,5 maxi si je suis bien luné...et puis est arrivé l'épisode 6, qui m'as bien retourné a vrai dire...je ne m'y attendais pas et jai pris j'avoue une belle claque humaine et emotionnelle que ce soit en positif ou en négatif sans trop spoiler. Les épisodes suivant sont aussi d'excellente facture je trouve ce qui me fait remonter ma note jusqu'à un petit twist vers la fin qui perso ne m'as pas satisfait.Pour résumer,  la serie est bonne, retranscrit assez bien l'éventail émotionnel humain du plus sombre au plus bon. C'est bien cru et sans complexe niveau violence mais sans vouloir me répéter le jeu de certains perso est vraiment mauvais (et quelques VF également). Résultat mitigé"
,"3,5",,"Un mélange de Cube ou Exam, rien de nouveau sous les cocotiers même si c'est regardable, je m'attendais à une folie vu que tout le monde en parle... mais ce n'est pas une série qui m'a scotché."
,"2,0",,"Je ne comprend pas l'engouement qu'à provoqué cette série, alors oui, du sang, du suspense mais cela ne dure pas... Le 1er épisode donne envie de voir la suite, mise à part le mauvais jeu d'acteur, sans charisme, le 2eme épisode a été bien long et décevant, le 3eme m'a endormi et fait lâcher le fil, en fait la gestuelle, les dialogues m'ont fait pensé à un vieux Bioman de mon enfance...Next..."
,"4,0",,"Bien ficelé , beau jeu d'acteur , agréablement surprise par cette série , le démarrage était un peu lent à mon goût , comme certaines scènes , mais dans l'ensemble on se laisse prendre au jeu (sans mauvais jeu de mot )"
,"5,0",,"Bien sûr , il n'y a plus l'effet de surprise , et c'est quand même drôlement bon !!!!!!!    Recyclage à fond , très écolo , pour les décors et les costumes !!!!   Les mêmes que la saison 1......on est pas dépaysé , on est en confiance !!!!!!!  comme si on retrouvait ses legos d'enfance.................7 épisodes , trop court.......acteurs parfaits , suspens au r.v , j'attends la 3éme saison !!!!!!!!!"
,"3,5",,"Un battle royale qui mélange horreur et enfance, des jeux d'enfants qui sont mortels, j'ai beaucoup aimer l'idée. Les décors sont très cool. N'hésitez pas à le regarder."
,"5,0",,"On aime ou déteste ! Personnellement j'ai trouvé cette série intéressante même si c'est plutôt long a démarrer. J'ai trouvé l'idée bonne, cela pose question sur le pouvoir de l'argent et les travers de la société. On s'attache aux personnages. Il y a aussi une fin surprenante à laquelle je ne m'attendais pas"
,"0,5",,"Tout le monde parle du scénarios, de l'absurdité de certains choix ou scènes mais suis-je la seule à trouver que les acteurs sont nullissimes (sauf 001) !!! C'est affligeant, je n'ai pas pu regarder tellement c'est surjoué... non, on ne peut même pas parler de jeu d'acteur ! Les enfants dans les pièces de théâtre de fin d'année sont meilleurs !!!"
,"4,0",,"Une très bonne série qui mérite d'être regardée.Les révélations sont aussi surprenantes que le dénouement de l'histoire, même si, personnellement, j'avais dès le milieu de l'histoire, quelques hypothèses qui se sont révélées être vraies."
,"0,5",,"Une des séries les plus nulles que j'ai vu étant une grande fan des kdrama franchement c le pire genre vraiment Tout est prévisible de A à Z le vieux /les trahisonL'histoire vole pas haut les dialogues sont inintéressant interaction vides, les vip mdrrr du gros n'importe quoi Sans compter les scènes super gênantes de la meuf aux cigarette ,des stéréotype tlm de cliché que ça m'as piqué les yeux les longueurs insoutenable et enfin les musique qui vont pas du tout avec l'ambiance et qui te font sortir de la serie Bref une grosse bouse je comprends pas le succès de cette immondice"
,"4,0",,"Ne pas s'arrêter au début du premier épisode qui peut laisser supposer une série qui ne fait que surfer sur le violent et dérangeant. Les coréens nous proposent ici, une pépite qui, comme à leur habitude, allie violence, critique sociale, philosophie, et poésie. Une très bonne série."
,"1,5",,"J'ai bien aimé le 1er Epsode la Saison 2 puis une fois arrivé au Jeu, on s'ennuie mais surtout le choix de casting fait que la Corée a été rattrapé par Hollywood( restons vague pour la censure laisse paraître cette critique)"
,"5,0",,"Une EXCELLENTE série. L’histoire est poignante et très intrigante. C’est une magnifique série très bien réalisée. Je n’ai rien à redire, j’ai aimé la saison 1 tout comme la saison 2 durant laquelle s’ajoutent des particularités et nouveautés ainsi que beaucoup de suspense… Je recommande fortement !!!"
,"3,5",,"J'ai bien aimé la saison 1 de Squid Game. J'ai trouvé le scénario original, même si la fin n'est pas si élaborée et un peu prévisible. La série critique le capitalisme de façon originale et terrifiante. Les jeux d'acteurs sont bons, principalement les deux qui jouent les personnages principaux. Comme d'habitude dans les productions sud-coréennes, il y a des scènes ultraviolentes, mais qui ne sont pas assez choquants dans le contexte général de l'oeuvre. N'hésitez plus a régarder!"
,"4,0",,"j ai bien aimé...c est sur on sent quand meme la 3eme saison tout au long de la 2. contrairement a certains j ai bien aimé les jeux,les musiques decalées, l'ambiance de fou qui rappele la saison 1bons jeux d'acteurs ....pas un copier coller de la 1, c 'est peu etre ca que certains n'ont pas appreciés...je valide et attend la saison 3 en 2025"
,"0,5",,"OMG!!! mais quelle nullité !!!! 3 ans d attente pour ça????La saison 1 est très accrocheuse, de l humour, de l angoisse, un bon jeu d acteurs et une cohérence.La saison 2 de la bouze pour rester correcte. Et une fin qui n'en est pas une. J ai regardé comme beaucoup malgré mon ennuis a de très longs moments et un peu plus de déception a la fin de cette saison, on nous coupe carrément l herbe sous le pied...."
,"4,0",,cet Séries elle la la classe le Thriller suspense un peu epouvant bien géré les acteurs joue très bien juste un peu de longueur mes ses pas très grave
,"2,0",,"C'est long et il y a tellement d'épisodes inutiles qu'on arrive plus à rentrer dans le jeu. Trop de bienveillance, l'épisode 1 partait bien pourtant et le dernier est pas mal."
,"3,5",,"Un classique du cinéma Coréen ! La première saison est très surprenante avec des épreuves mythiques de notre enfance. Dès le première épisode on arrive à s’attacher aux différents personnages, et nous laisse ensuite stupéfait quand on voit où le réalisateur veut en venir. La deuxième saison cependant nous laisse sur notre fin, elle ressemble plus à une demi saison qu’à une saison, ce qui est dommage à mon goût. Mais le suspense va peut être me faire changer d’avis !!"
,"3,5",,"D'après une idée plutôt originale, ça change des séries US habituelles. La saison 1 est très intéressante, on est plus déçus par la saison 2 qui ne va plus trop nous surprendre"
,"3,0",,Note de 3 pour cette deuxième saison. C’est bien mais tellement décevant si on la compare à la  première qui était une véritable  pépite. Personnage plutôt bancal exepter le joueur 001 qui rattrape un peu le vide de la lourdeur du reste. Seulement 2 jeux alors que le principe est tout de même ; les jeux .. et enfin il aurait peut rajouter 2 épisodes pour clôturer une fin afin que ça ne se finisse en queue de poisson en nous laissant pleins d’interrogations en patientant pour une 3 ème saison.
,"3,0",,"Tout le monde ayant vu cette série, je m'y suis mise à mon tour. Mon bilan est que c'est très surcôté. C'est une bonne série mais loin d'être un chef d'oeuvre comme j'ai pu lire dans certains articles. Oui les acteurs sont bons, les décors sont beaux, la BO est sympa et le synopsis original. Mais la fin de la saison est moyenne, je m'attendais à un meilleur final. À voir pour la seconde saison."
,"3,5",,"La singularité du scénario et la pression constante font de la saison 1 un 4,5/5, mais la répétition avec la saison 2 et la fin quelque peu frustrante fait chuter la note selon moi"
,"5,0",,Très bonne saison avec beaucoup de scène violente. La fin laisse sur une possible suite.
,"3,5",,"Une bonne série de ""Genre"",malgré des personnages un peut caricaturaux ,une intrigue prévisible, le casting est un sans faute et la réal est soigné.A voir"
,"5,0",,"Une saison 2 parfaite, qui n'est pas un copier coller. J'ai adoré, plein de nouveaux perso super intéressant"
,"3,0",,"Une bonne saison dans l’ensemble mais loin de la première en qualité je trouve : -Des scènes et des dialogues ullttrrass lents surtout dans les premiers épisodes, après c’est plus entre les jeux. -Trop de personnages inutiles, pas assez de background pour s’attacher à eux, et d’autres complètement en marge ce qui m’a fait les détester (entre autre le rappeur ringard)-Un final OK tier, oui c’est un plot twist, mais on sent que la 3ème saison et plus une partie 2 de la saison 2. Conclusion, une bonne saison, un bon suspens, mais largement moins bien que la saison 1 qui met tout le monde d’accord."
,"0,5",,"Je dois dire que Squid Game Saison 2 m'a vraiment déçu. Les dialogues sont interminables et souvent sans intérêt, ce qui rend chaque épisode pénible à suivre. L'intrigue, elle, est pratiquement inexistante, se perdant dans des détours inutiles et sans véritable direction. On a l'impression que cette saison 2 n'a été créée que pour remettre un peu de lumière sur une série qui avait déjà tout dit dans sa première saison. Franchement, c'est dommage qu'ils aient voulu faire une suite."
,"3,5",,"Bonne série, très divertissante et au scénario prenant. Comme c’est coréen il est de bon ton d’encenser de façon exagérée pour se faire passer pour un cinéphile émérite. On est pas sûr du cher d’œuvre mais il n’en reste pas moins que la proposition est bonne et qu’on englouti ça d’une traite avec plaisir !"
,"2,0",,"D'une lenteur... à la limite de l'exaspérant. C'est bien réalisé, mais les personnages n'ont aucun charisme, quand ils ne sont pas complètement idiots. On nous promettait de l'action et du gore. Pour les 2-3 scènes effectivement un peu trash (et encore, on a vu pire ailleurs), on doit se taper du meublage, du meublage... Le dernier épisode est une masterclass de lenteur. Chaque scène dure une plombe... tellement agaçant que j'ai fini par zapper..."
,"4,5",,Franchement incroyable ça permet de voir où sont les valeurs humaines dans nos sociétés où on a appris la grâce de l'amour et la relation saine à l'argent.Bravo au réalisateur ça va très loin mais ça me semble raccord avec la vie du monde actuel
,"1,0",,Très déçue ! C’est redondant et les personnages sont inintéressants et pas attachants pour un sous !
,"4,0",,"Pas du tout coutumier des séries, je dois dire que celle ci a fait exception à la règle ... perso, complètement pris au jeu et au scénario.... dans le principe hyper simple mais visuellement bien retranscrit ... le jeu d'acteurs est juste car ne tombe pas dans le mélo. ou la terreur à 2 balles ... je pense que c'est précisément ce qui fait mouche pour ce type de série ... le dosage est fin et ne pèse finalement pas trop ......La fin un peu classique même si pas forcément attendue ..."
,"4,5",,"Bonjour, cette série est à regarder les yeux fermés.Bien sûr il y a un peu la dose d'hémoglobine et de sang, mais rarement de l'horreur absolue. Ce qui est extrêmement frappant c'est la justesse des jeux d'acteurs, l'attachement que l'on se surprend à avoir avec les personnages (même si, connaissant d'entrée les règles, il faut savoir ne pas trop s'accrocher). J'ai particulièrement aimé les petites touches d'humour qu'il y a et la justesse des dialogues. Les rebondissements sont intéressants, même si on sent quand même facilement comment ça se termine. Enfin, c'est selon s'il y a une deuxième saison."
,"5,0",,"Excellent.Musicalement, scénaristiquement, dans le jeu d'acteurs, dans les émotions procurées...Il faudrait être déphasé pour passer à côté de ça."
,"3,0",,"Scénario original qui rappelle l'excellent Battle royal, mais sans en atteindre le niveau. L'hémoglobine est là, le rythme est soutenu avec des personnages principaux intéressants.En revanche la série cumule trop de scènes grotesques et de personnages secondaires qui décridibilisent l'histoire... notamment le pakistanais ou la nympho qui m'ont particulièrement agacé. On pouvait tirer bien mieux de cette série."
,"3,0",,"L'idée n'est pas nouvelle mais globalement c'est assez addictif. Si les personnages sont un peu simplistes, le scénario tient à peu près la route. Par contre, beaucoup d'invraissemblances, il faut vouloir y croire, ça rend l'ensemble très inégal. Le concept des vip est plutôt naze, par exemple. Globalement une série qui se regarde, certainement pas inoubliable."
,"2,0",,"Il parait que le ridicule ne tue pas... Sauf que là oui puisque beaucoup de protagonistes ridicules meurent 
spoiler: 
comme le rapeur quel purge lui 
, on devrait être triste pour eux mais non, ils tapent tellement sur le système et ne sont pas attachants que leurs morts nous fait ni chaud ni froid... Cette saison est vraiment décevante, alors que la saison 1 était de qualité malgré des défauts...."
,"4,0",,"Superbe photographie, mise en scène et les acteurs sont dans l'ensemble tous bons. Évidemment il faut regarder en vost, ne jamais prendre trop au sérieux les personnes commentant en parlant de la vf....Une série très agréable à regarder, visuellement raffinée. Le scénario peut interroger parfois mais cette série dénote des séries américaines tradi."
,"2,5",,"Des bonnes idées, des bons moments mais l'ensemble est largement en dessous de ce qu'on en dit. Les personnages sont clichés au possible, peu de surprises scénaristique du début à la fin, un épilogue qui figure sans doute parmi les plus moisis de toute l'histoire des séries tv, des moments en creux qui ne servent même pas à mettre en relief les autres. Comme beaucoup j'en étais à attendre les jeux en eux-mêmes mais ils ne composent pas non plus la totalité de la série du coup tout le reste parait plutôt fade."
,"4,5",,"Après une première saison vraiment exceptionnelle. La crainte était forte pour la deuxième saison mais au contraire, le parti pris scenaristique est très bon !C est pas juste un copier coller idiot de la première saison,  y a toute une histoire ...Une des meilleures séries existantes Saison 3: Je ne peux croire à autant de méchanceté chez les êtres humains 
spoiler: 
au point de sacrifier un bébé en continuant le jeu en ayant deja un million ou en étant vip et en demandant à ce que le bebe particpe au jeu...
 ça va trop loin ... 
spoiler: 
je ne crois pas non plus au vote. Apres tant de morts, personne ne continuerait le jeu
 et la saison 3 est trop longue.."
,"4,0",,"Le côté totalement irréaliste nous sauve de la suffocation... Une série qui aspire et annihile toute résistance... Déception par rapport au dernier jeu, un peu facile... mais un rebondissement final salvateur..."
,"4,0",,"Quel plaisir de voir une série asiatique se démarquer des nombreuses séries actuelles! Certes, l’histoire fait penser un peu à Battle Royal, Hunger Games, etc. Mais la diversité des « jeux d’enfants », alliée à une violence crue, rend cette série atypique.La série assume complètement le côté théatral et épique, ce qui lui permet de faire prendre n’importe quelle voie au scénario, ça ne pourrait dérouter le spectateur. Ma critique principale serait justement ce côté épique, oùbon devine très rapidement comment vont se terminer les jeux. On devine bien entendu tout de suite qui est le personnage principal ( d’ailleurs le premier épisode traîne un peu à ce sujet). On aurait pu s’imaginer un modèle style Game of Trones, où il est impossible de désigner un personnage principal, ce qui augmenterait le suspens ( tous peuvent mourir du jour au lendemain). Disons que le plaisir vient surtout du « comment » et non du « qui ». À noter, que la fin de la saison 1 est pas mal! Bien qu’un indice plus ou moins subtil a été glissé à un moment > quand 
spoiler: 
numero 1 monte sur tous les lits 
et que notre  héros lui demande comment il a fait …"
,"4,0",,"Le concept n'est pas très original mais Squid Game apporte une esthétique agréable et un bon jeu d'acteurs. Une très bonne surprise, malgré des renversements de situation un peu prévisibles."
,"4,0",,"J'ai vu les saisons 1 et 2. Et bien j'ai préféré la saison 2. Je l'a trouve plus subtile, pas si prévisible. Malheureusement à la fin , on reste sur sa faim.  On n'a plus qu'à attendre la saison 3!"
,"2,5",,"Mi divertissant mi nanardesque.Le doublage fr est mauvais.Les personnages sont caricaturaux et peu crédibles.La saison 2 manque de nouveautés, manque de longueur , 7 épisodes c'est trop court pour développer l'intrigue.Mais le pire c'est à quel point cette saison est prévisible ce qui fait perdre toute intensité à certaines scènes :- Quand Gi-hun joue à la roulette russe on sait très bien qu'il va gagner.- Quand les joueurs votent pour savoir si ils continuent le jeu on sait très bien qu'ils vont voter pour rester.Du coté positif les nouveaux jeu sont plutôt sympa et quelques nouveaux personnages sont quand même bien réalisés.Au final déçu mais ça vaut quand même le coup de regarder si vous avez aimer la saison 1."
,"4,5",,"Superbe !On ne ressort pas indemne du visionage et des aspects sociologiques qu'elle aborde.Une grande série, avec une fin, pas un truc à rallonge pour faire du pognon sur 5 ans. Même si une saison 2 voit le jour, cette seule et unique saison se suffit à elle même."
,"3,5",,"Saison 1 plutôt bonne, saison 2 dans cette même continuité même si l'on reste sur notre faim à la fin (wow quelle jeu de mot de dinguo!!). Bref, vous aimez battle royale ou hunger games ? Foncez, les acteurs sont pas mal, les enjeux sont différents. On est face à une humanité plus réaliste que dans hunger games. Sinon que dire, les décors sont cool, quelques scènes innatendus mais d'autres prévisible surtout dans la saison 2. Une série à voir"
,"4,0",,"La violence de la série est à la hauteur du désespoir des participants. Et si jouer pour mourir,  en fin de compte ce n'était pas la vie de chacun comme si la plupart de nos vies ne servaient à rien, vite née, vite oubliée à moins d'avoir de l'argent pour en profiter. Belle série qui fait réfléchir."
,"3,0",,"Vu les critiques élogieuses je me suis laissé tenté par cette série.Finalement je suis assez déçu, pas mauvais mais surévalué à mon gouts.Beaucoup d'incohérences et certains personnages insupportables.Je ne regarderai pas la saison 2 pour ma part, il a mieux....dispensable."
,"3,0",,"Oh la la 4,2 ça ne les vaut pas. Le concept est original, les décors aussi. Je n'ai pas été du tout touché émotionnellement. C'est un faux buzz, l'engouement n'est pas justifié. Ça se laisse voir, c'est un peu longuet."
,"5,0",,"""Squid Game Saison 2 : Court, mais percutant !Cette nouvelle saison frappe fort avec seulement 7 épisodes, mais chacun est une véritable claque. Les enjeux sont encore plus élevés, les jeux toujours plus diaboliques, et les émotions à fleur de peau. On retrouve l’essence même de Squid Game, avec un rythme effréné et des personnages qui marquent les esprits. Bien que le format soit court, chaque minute est utilisée à la perfection pour nous tenir en haleine jusqu’à la fin. Une saison intense qui prouve que la qualité prime sur la quantité !"""
,"5,0",,"WoW, j’adore!Je trouve que tout est incroyable dans cette série.Le seul problème est son succès. Je trouve que ca ruine un peu la série d’avoir autant de meme et de video sur internet…Mais sinon, je recommande à tous"
,"3,5",,Je trouve que la saison une de squid game et très fort en rebondissements et surtout très très riche en fil en aiguille c’est : la dernier minute à chaque fois que tout ce joue
,"2,0",,"Ok la direction artistique est reussie et les jeux sont parfois haletants, mais le reste… c’est long, horriblement mal joué (et pas uniquement parce que ce sont des codes de jeu différents), extrêmement patapouf et lourd, tout est surligné, souligné jusqu’à ce que tout le monde soit bien sûr que le plus debile d’entre nous a bien compris… bref si ça c’est un phénomène de société c’est quand même un poil décevant pour la société ;-)"
,"5,0",,"Aucune fausse note du début à la fin. 9 épisodes de pur plaisir. La réussite est notamment du au fait qu'on soit constamment dans la peur de savoir qui va se faire tuer, c'est haletant. Et puis toute l'imagination et la qualité de réalisation pour ces décors, mélange entre camp de la mort et monde merveilleux, qui crée l'ambiance la plus parfaite qu'on aurait pu avoir pour cette série.J'attends vivement la saison 2. 5/5"
,"2,5",,"Qu'une série de cette sorte suscite un tel enthousiasme général en dit hélas long sur les goûts contemporains. La première demi-heure est excellente, car le scénario prend d'emblée une dimension sociale, introduit un personnage attachant et le met en scène dans une situation grotesque. Le reste n'est qu'une avalanche caricaturale et poussive de clichés qui frise parfois le nanar. Heureusement la série est sauvée par le jeu impeccable et toujours très juste des acteurs."
,"4,0",,"J'ai vraiment beaucoup aimé la saison 1 de squid game : il y avait de l'action, le scénario était innovant et on avait du suspense...Tandis que la saison 2... elle est terriblement molle, lente : à part l'épisode un (mais quel goat ce recruteur) c'est une copie de la saison 1, sauf qu'il n'y a que 2 nouveaux jeux qui sont bien, mais pas aussi immersif que ceux de la saison 1... et puis la fin... j'ai même pas envie d'en parler mais il faut bien 
spoiler: 
gi hun décide d'être pacifiste et de ne pas attaquer les cercles lors du ""jeu spécial"" mais veut bien amener à la mort une dizaine de personnes en les faisant attaquer les gardes ! Mais je pensais qu'il avait gagné en maturité ! Si la """"""bataille"""""" n'a pas durée moins de 5 minutes, c'est uniquement pour le scénario: les gardes était 10 fois + ( mais comme par hasard ils arrivaient par vagues et n'avaient pas eu l'idée de les prendre par derrière... pfff)
Bref, la saison 2 et une machine à fric qui n'a que 7 épisodes et qui est lente juste pour accueillir la saison 3.Mais j'ai mis 4 pour la saison 1 et pour les points positifs de la saison 2."
,"1,0",,"Je m'attendais vraiment à une continuation réussie mais enfaite c'est une deuxième saison où on perd notre temps !Je n'ai jamais vue une série /saison remplie de personnages aussi ridicules et pas crédibles.Malheureusement, j'ai continuer à regarder parce que j'étais curieuse pour la fin mais c'était tellement choquant de voir que le dernier épisode ne mène à rien. On doit juste attendre la troisième saison, que j'espère, sera bien meilleure que la deuxième !"
,"3,0",,Très bon divertissement. Série qui a permis une ouverture d'esprit des gens sur les séries coréennes qui ont de très grosses productions depuis quelques années.
,"4,0",,Tres bonne série...un jeu très violent mais au combien captivant !!!!!!!!!!!!!!!Vivement la saison 2
,"4,5",,"Squid Game  c'est une super série Netflix, originale et fascinante à regarder. L'importance des personnages, avec qui on s'attache, est très bien travaillé jusqu'à leur mort. Le principe de jeu mortels est très bien trouvé. La première saison était axée sur la découverte des jeux, tandis que la deuxième je pense plus sur la destruction des jeux. Je recommande ! Les points de cette série sont surtout dans la saison 2, avec un départ très ennuyeux et une fin incomplète."
,"4,0",,"J’ai bien aimé la saison 2 de Squid Game. L’histoire est prenante, les nouveaux jeux sont bien faits, et on retrouve la tension de la première saison. Les personnages sont intéressants, même si ça manque un peu de surprise. Je lui mets un 4/5, c’est très bien !"
,"4,5",,"Je me suis décidée 3 ans après la sortie de la saison 1 que j’ai enchaîné avec la saison 2.Une des meilleures séries que j’ai pu regarder avec breaking bad .Même si le jeu coreen reste assez difficile à appréhender pour des europeens , tout est clairement addictif . Vraiment impressionnée par cette série ."
,"2,5",,"Cette série nous offre des scènes bien pensées et asses haletantes. Mais malheureusement le scenario en fond est assez catastrophique. Alors oui on retiendra de nombreuses scènes qui sont assez angoissantes et pas mal ficelées, mettant à l'épreuve psychologique le spectateur. En dehors des scènes de jeux, c'est vraiment très pauvre. On comprend à un moment que le but est un trafic d'organes, puis finalement c'était autre chose. La fin est super bancale, completement absurde, on retiendra que les scenes de jeux, c'est un peu dommage que l'histoire ne suive pas"
,"4,0",,"L'esthétique est excellente, l'histoire n'est certes pas très originale mais traitée de manière différente de tout ce que j'ai pu voir jusqu'à présent."
,"1,0",,"L'épisode 1 de cette seconde saison de Squid Game est assez sympa, j'ai bien aimé le duel à la roulette russe mais il faut dire que le personnage du messager y est pour beaucoup.Sinon le reste est à jeter, c'est juste une pâle copie sans saveur de la première saison, et qui a bien pu avoir cette idée horrible que de nous mettre 30 minutes de vote par épisode comme si quelqu'un en avait quoique ce soit à cirer !"
,"5,0",,"Excellente série , le jeu d’acteur coréen est particulier mais vraiment agréable ,Saison 1 parfait et saison 2 vraiment bien pour une suite Des critiques pour la saison 2 assez dur que je ne comprend pas vu le bon niveau du scénario"
,"4,0",,squid games est une bonne série  .une intrigue très bien mise en place avec le pourquoi du comment  les personnages sont attachant  de multiple messages passe a travers cette série      des détails très appréciée    et un suspense  mis en place a la fin pour la saison 2 qui nous  l'aise notre imagination pour une possible saison 2 déjà bien attendu
,"1,5",,"le film est long à démarrer, les acteurs sur joue on est sur du film coréen c'est un peu normal. les scènes de violence sont plus ou moins réussi, du sang un peu partout, on serait plus sur des scènes de gore, l'histoire est poussive, je n'ai pas accroché."
,"4,5",,"Je tiens à dire que je comprends parfaitement certains avis négatifs pour ma part, j’ai adoré cette série et autant pour la saison 1 que pour la saison 2 .J’avoue qu’au début, j’avais peur que la nouvelle saison soit semblable a la  précédente, mais j’ai été agréablement surpris par la diversité et l’originalité qu’elle propose.Il y a quand même certains personnages que j’ai trouvé vraiment insupportables et qui empeche de mettre 5 etoile"
,"4,0",,"C'est super réalisé, très bien écrit, les personnages ont une histoire, un récit, on comprend les enjeux, et c'est surtout très divertissant. Je comprends le succès c'est mérité. En fait tout est bien dosé : de l'émotion, du suspens, de l'action, des retournements ..! Les acteurs sont parfaits également et la mise en scène brillante. Mention special aux décors et aux musiques."
,"3,5",,une des rares séries coréenne qui a su devenir culte et apprécié par une grande majorité de personnes ! le scénario est très original une sorte de Battle Royale avec beaucoup de suspense et de rebondissements qui sait se renouveler ! la fin laisse envisager une Suisse qui j'espère vera un jour le jour... car honnêtement c'est presque décevant au bout de toute la saison précédente.... cela laisse trop de mystère planer qui est vivant qui est mort que vont-ils devenir pourquoi... j'avoue avoir quand même du mal à différencier les protagonistes est un peu habitué au physique asiatique...Tw torture sang meurtre assassinat immigration alcoolisme drogue paris sportifs trafic d'organes sexe
,"4,0",,une des rares séries coréenne qui a su devenir culte et apprécié par une grande majorité de personnes ! le scénario est très original une sorte de Battle Royale avec beaucoup de suspense et de rebondissements qui sait se renouveler ! la fin laisse envisager une Suisse qui j'espère vera un jour le jour... car honnêtement c'est presque décevant au bout de toute la saison précédente.... cela laisse trop de mystère planer qui est vivant qui est mort que vont-ils devenir pourquoi... Tw torture sang meurtre assassinat immigration alcoolisme drogue paris sportifs trafic d'organes sexe
,"3,5",,"après de longues années d'attente elle est de retour : cette série coréenne qui a su devenir culte et apprécié par une grande majorité de personnes ! le scénario est très original et similaire au premier, une Battle Royale basé sur des jeux enfantins accompagné de suspense et de rebondissements ! toutefois j'ai trouvé certains passages des jeux extrêmement longs et ennuyant notamment lors d'un revisionnage... la fin laisse envisager une suite qui j'espère vera un jour le jour... car honnêtement même si certaines questions ont été élucidés... beaucoup trop de mystère demeurent sur ce quadvienne les personnages....Tw torture sang meurtre assassinat immigration alcoolisme drogue paris sportifs trafic d'organes sexe"
,"4,5",,"Très bonne série auquel on accroche très vite. Les épisodes sont tous aussi bons les uns que les autres. Au delà de la cruauté bien utilisé, j’admire beaucoup l’aspect psychologique derrière les jeux. A voir !"
,"4,5",,"Une superbe série . Une bande son parfaite , un scénario à couper le souffle , je recommande vivement"
,"2,0",,"Oui bof on en fait beaucoup pour pas grand-chose. Parlons d’abord de la violence, elle n’excède pas celle de beaucoup de séries, certains épisodes de Black Mirror sont bien plus perturbant et angoissant. Ici la violence semble insignifiante, les 200 et quelques morts dans le premier épisode pendant la partie de 1-2-3 soleil nous sont aussi indifférents que ceux d’un jeu vidéo dont la série reprend l’esthétique. Sur le plan esthétique justement rien de nouveau, tout semble repris de films et de séries de ces cinquante dernières années, comme la musique classique douce dans un milieu carcéral futuriste, on a vu ça des dizaines de fois, et Le beau Danube bleu ! 2001, l’odyssée de l’espace est sorti il y a 53 ans !Les cliffhangers sont grossiers, tous les jeux se terminent à la dernière seconde avec les héros à la fin. Un exemple : à la fin du premier jeu il en reste 201, un joueur veut appliquer la règle qui dit que l’on peut tout arrêter si la majorité le décide. Comme par hasard il y aura 100 oui et 100 non, et comme par hasard celui sur qui tout se décide et l’un des héros.D’autre part je n’ai pas vraiment apprécié certains acteurs/actrices surtout l’acteur principal et son air perpétuel d'enfant étonné, il est vrai que le personnage est assez simplet, en tous cas dans les premiers épisodes.Sinon cela se laisse voir, et y aura toujours des critiques pour dire que c’est une dénonciation de notre monde, l’appât de l’argent, la société ultralibérale ou que sais-je.
spoiler: 
Tout petit twist dans le dernier épisode, assez prévisible d'ailleurs. Finalement on sait très peu de choses, on est bon pour une deuxième saison mais je ne sais pas si je vais suivre."
,"3,0",,Mention spéciale pour les acteurs qui ont super bien interprétés les rôles. J'ai apprécié cette série qui sort de l'ordinaire mais quelques passages m'ont fait décrocher. J'attends quand même la saison 2
,"5,0",,"Une très belle production, niveau décors vraiment bien fait, les scènes sont intenses lorsque l'on joue avec la mort au sens propre du terme. Beaucoup de rebondissement, très dynamique et chaque épisode donne envie de voir la suite."
,"4,0",,"une série bien pensée remplie d'action et d'originalité qui reprend en quelque sorte le genre ""battle royal"" qu'on peut voir dans les jeux-vidéos ou dans le film du même nom. L'histoire est assez prenante mais ça manque de sens à certains moments et la fin est un peu décevante. Une très bonne série mais sûr cotée."
,"3,0",,Après une bonne première saison qui était totalement ouf et plein de surprises la saison 2 en fait de même et j’espère que le saison 3 sera comme ça.
,"3,0",,"Un sujet percutant : des personnes endettés qui feront tout pour gagner un jeu qui leur apporteront gros même tuer leurs concurrents. Contexte sociétal qui nous parle, on s'attache à chaque personnage malgré qu'on comprend que tous ne survivront pas. Néanmoins, quelques scènes tirent en longueur : les variations entre les scènes d'actions palpitantes et des scènes de calmes, pesantes sont ennuyeuses par moment. On attend la suite espérant que l'histoire ne se répète pas et qu'on arrive encore à nous surprendre !"
,"4,0",,"On retrouve l'univers de Squid Game pour une deuxième saison qui nous avait manqué. Bien qu'on connaisse les enjeux et dangers de ce jeu on est quand même surpris et embarqués à chacune des parties. La nouvelle règle de pouvoir faire gagner plusieurs personnes au lieu d'un dans la première saison, nous redonne l'espoir que la plupart des personnages avec lesquels on s'attache, pourront s'en sortir indemne à la fin ! Même si les scènes de vote se répètent, on ressent toujours la pression quand chaque joueur s'avance pour aller voter ! Pour finir, le joueur numéro 1 !!!! Encore un antagoniste qu'on finit par apprécier et soutenir ! Hâte la suite de cette saison !"
,"4,0",,"7,75 / 10 Squid Game est une très bonne mini-série, presque excellente, à laquelle il manque tout de même pas mal pour atteindre le parfait chef d'oeuvre. Pour commencer, le temps est pris pour présenter en profondeur notre protagoniste pour lequel on empathie rapidement malgré que l'on ne cautionne pas son comportement. Plus encore, c'est le portrait de toute une classe sociale de la société coréenne qui est dépeinte. L'action prend également son temps pour s'installer afin de renforcer son caractère mystérieux, et jusqu'ici tout va pour le mieux. Le déroulement des événements est fluide malgré plusieurs longueurs et quelques scènes inutiles. Le jeu des acteurs est naturel et très bon, et nous suivons avec effrois le chemin de la déshumanisation qu'ont volontairement emprunté les personnages. Constat dramatique de la violence de la société qui force les plus faibles à se battre entre eux pour de l'argent, où ce sont souvent les plus sympathiques qui en font les frais, tout cela sous les regards excités de ces riches qui eux ne savent plus quoi en faire. Le scénario est globalement bien écrit, et on le remercie de ne pas s'être encombré d'histoire d'amour à la con comme les séries occidentales aiment tant. Néanmoins, on peut tout de même lui reprocher quelques facilités et des dénouements qu'on voit arriver gros comme le nez par manque de substance scénaristique (ce n'est pourtant pas le cas d'habitude dans les réalisations coréennes), surtout que certains éléments ne servent pas l'intrigue et ne sont pas véritablement utile si ce n'est étirer la série pour la faire durer. L'intrigue secondaire aurait pu, quant à elle, être un peu étoffée.Finalement, cela aurait pu être beaucoup mieux avec un travail plus en profondeur des personnages autres que Seong, ainsi qu'une meilleur utilisation des personnages secondaires dans l'intrigue, par exemple on à l'impression que Ali (!)spoiler(!) n'a été ""élevé"" uniquement pour mourir et servir le propos moralisateur (!).En fin de compte, Squid Game est une série agréable qui souffre d'un scénario paresseux, non abouti, trop imparfait pour que la mini série puisse prétendre au titre de chef-d'oeuvre."
,"4,0",,"Enfin une bonne série sur Netflix !! Ça faisait longtemps depuis la sortie de la Casa de Papel. Le sujet de la série est très efficace, il n'y a pas de chichi, l'action ne se fait pas désirer trop longtemps et surtout, il n'y a pas un blabla interminable.Cependant, c'est dommage que certains éléments du film n'ont pas été plus travaillé, comme l'infiltration du policier qui finalement ne sert à rien (on aurait pu penser qu'il aiderai certains joueurs d'une façon ou d'une autre). Puis les personnages ne sont malheureusement pas très intéressants. En définitive, il s'agit d'une bonne série qui se regarde facilement mais qui aurait pu être encore mieux travaillé."
,"3,5",,"Les couleurs, l'ambiance, la musique, le jeu d'acteur et le casting font que cette série est très agréable à visionner. Malheureusement, j'accroche moins pour la saison 2. Pas pour l'aspect répétitif mais par la stupidité et le caractère illogique de certains personnages.Ca reste malgré tous une très bonne série, surtout pour découvrir les Kdramas."
,"4,0",,"Oui, je suis un peu en retard, mais je viens juste de découvrir Squid Game, une série qui a beaucoup fait parler d'elle. Avec toutes les critiques élogieuses que j'ai entendues, j'avais de grandes attentes. Je dois dire que je n'ai pas été déçu. Bien que la série ne soit pas parfaite, elle mérite amplement son succès et les critiques positives qu'elle reçoit.Synopsis Général
spoiler: 
Squid Game est une série de type survival game qui rappelle des œuvres comme Hunger Games, Battle Royale ou Alice in Borderland. Cependant, elle apporte sa propre touche unique. Des personnes endettées acceptent de participer à des jeux d'enfants pour remporter une somme d'argent colossale, avec des conséquences mortelles. La série propose une critique sociale sur les problèmes financiers en Corée du Sud.


Scénario


Le scénario de Squid Game présente plusieurs incohérences, mais il reste généralement efficace. La série est simple dans son approche, mais elle réussit à surprendre à certains moments. Par exemple, dans l’épisode 2, lorsque les participants votent pour arrêter les jeux, j’étais vraiment convaincu que le dernier vote serait pour continuer. L’épisode avec le jeu de billes est particulièrement émouvant, car il révèle que les binômes doivent s’éliminer, ce qui est l'un des moments les plus poignants de la série. La révélation finale avec le candidat 001, qui est en réalité le grand organisateur des jeux, m’a également surpris.


Cependant, certaines incohérences demeurent. Par exemple, les organisateurs prétendent vouloir des jeux équitables, mais permettent aux participants de se massacrer pendant la nuit, ce qui instaure une loi du plus fort. De plus, le jeu où les participants doivent sauter sur des vitres est basé sur la chance pure, ce qui est injuste pour ceux qui se trouvent en première position. Enfin, la partie avec le policier semble un peu tirée par les cheveux, notamment en raison du manque de vigilance concernant leur démasquage. Malgré tout, l’histoire est captivante et parvient à maintenir l’intérêt.


Personnages


Le point fort de la série réside dans ses personnages, qui sont fascinants et nous poussent à nous attacher à eux. Le personnage principal, le candidat 456, est initialement présenté comme un individu paresseux qui vole de l'argent à sa mère pour jouer. L'évolution des personnages tout au long des jeux est bien réalisée, et leur développement est particulièrement intéressant. Les deux finalistes, les candidats 456 et 218, sont très bien construits, avec des motivations clairement définies. Mention spéciale à Kim Joo-ryoung, qui incarne la candidate 212. Malgré le caractère désagréable du personnage, son interprétation est remarquable. En revanche, la fille nord-coréenne, qui n’a pas vraiment évolué et meurt de manière presque négligée, aurait mérité une meilleure conclusion. Il a eu une chance d'apporter de la profondeur dans l’épisode avec les billes, grâce au sacrifice de son partenaire, ce qui a rendu son sort encore plus déchirant
.Réalisation
spoiler: 
La réalisation est un autre point fort de la série. Squid Game est visuellement impressionnante, avec des décors réussis qui donnent l’impression de regarder un film divisé en neuf parties. Les scènes avec les marches sont particulièrement bien réalisées, et l'atmosphère enfantine mélangée à un sentiment carcéral crée une tension constante. Les costumes et la musique sont également de haute qualité, ajoutant à l’ambiance générale. La série démontre un grand savoir-faire cinématographique à la coréenne, qui n’a rien à envier à Hollywood et pourrait même lui donner des leçons.

ConclusionEn somme, Squid Game est une série qui, malgré ses imperfections et incohérences, réussit à captiver grâce à son concept unique, ses personnages attachants, et sa réalisation soignée. Elle offre une critique sociale pertinente tout en fournissant du divertissement de qualité. Je recommande vivement cette série à ceux qui cherchent une expérience intrigante et émotionnelle. Je lui donne la note de 4 sur 5spoiler][/spoiler]"
,"0,5",,"La saison 2 a tout gâché, il ne fallait pas faire de saison 2 si c’était pour bâcler le scénario, 456 devait mourir depuis le début de la saison 2 !!"
,"0,5",,"Ce qui est incroyable avec cette série, c'est à quel point une saison inintéressante, indigente, au scénario bancale, aux dialogue minables et aux acteurs globalement mauvais et caricaturaux puisse se faire passer pour un phénomène de société. À grand renfort de pubs et  de promotions plus ou moins dissimulées, on arrive à faire croire aux gens que c'est l'oeuvre immanquable du moment. Allociné participe d'ailleurs à cela  en proposant une note de 4 sur 5 alors que sur 50 critiques, seule une petite dizaine égalisent ou dépassent cette note.  A part quelques jeunes adolescents qui trouvent leur compte dans la fause subversion de cette saison 2, elle est détestée par tous. Pourtant, cette catastrophe industrielle est sans cesse réhabilitée par les plateformes et autres institutions en train de réussir à faire un maximum de fric avec.C'est pour ma part une des saisons de série les plus irregardables qui m'ait été donnée de voir. J'ai regardé jusqu'au bout parce que c'est très court mais aussi pour un potentiel nanar que j'espérais. Finalement, la série est tellement nulle qu'il est meme impossible de rire à ses dépens."
,"3,0",,"Sur-côté, prévisible, incohérent.. Mais bizarrement on passe un bon moment (grâce à la direction, aux acteurs et à la mise en scène (la bande son n'est pas désagréable non plus))incohérent : 
spoiler: 
LA majorité des joueurs ont voulu arrêter le jeu scandalisée par le traitement reçu -> beaucoup de plainte à la police devrait être déposées suffisamment pour que les flics y croient, il devraient aussi pouvoir trouver au moins un de ces plaignants suffisamment désireux de se venger pour qu'il joue les infiltrés, en se faisant implanté un tracker gps sous cutané permettant de trouver l'ile (entre leur 1er participation au 1er jeu et la session suivante). Aucune raison de payer le gagnant plutôt que de l'abattre et c'est pas la pseudo raison de l'épisode final qui me fera changer d'avis (tellement simple de buter le vieux et de se partager le magot si lui veut respecter les règles de son petit jeu de psycho)
prévisible : 
spoiler: 
Dès qu'on sait que le frangin du flic a été vainqueur en 2007 (de mémoire) on se doute très fortement (perso j'étais prêt  à parier à 10 contre 1) que son frère est le mec au masque noir.
Sur-côté : 
spoiler: 
pour les raison précédente et parce que des milliardaires qui font s'affronter des pauvres dans un jeu à mort c'est du déjà vu donc la série ne compense pas ses incohérences et sa prévisibilité par un concept si innovant"
,"4,0",,La Saison 2 est toujours aussi bien et captivante !!! J'ai hâte de voir la suite ... ..............
,"3,0",,"Je viens de finir le visionnage... Depuis sa sortie je n'avais pas voulu la regarder...mais j'en avais besoin pour une activité extérieure basée sur ce thème.Bref j'ai commencé. Et bien failli arrêter après le premier épisode.Je ne connais rien au cinéma Coréen donc je ne peux pas juger...mais je ne comprends pas les commentaires qui disent que les acteurs jouent dans la pudeur. Pas du tout. C'est du surjeu insupportable, surtout dans les mimiques et mouvements corporels.Ce n'est tellement pas réaliste que s'attacher aux personnages demande vraiment de la volonté.Je me suis accrochée... j'ai tout regardé.En fait, c'est tellement classique et réchauffé que je ne comprends pas le phénomène sociétal... Relisez Marche ou crève de Stephen King...tout y est. Ou Running Man... Depuis, on a eu tellement de séries du style et de films en mode jeux où il faut survivre...J'ai préféré Hunger Games ou la très intelligente série Brésilienne 3 pourcents.Un vieux film aussi qui reprend cela c'est The Exam.Ici à part du sang pour du sang...boaf. L'histoire n'est pas super recherchée. Quelques très bonnes idées scénaristiques..un sadisme infâme de lier la mort de ses propres amis et concurrents à l'innocence des jeux d'enfants...Le côté malsain devient un moment presque stupide. Comment des participants pourraient-ils continuer à jouer avec autant de traumatismes répétés ?Ensuite...que le ou
spoiler: 

 la gagnante ait dû mal à revivre normalement...euh... Même pour les gens qui gagnent au lotto il y a un accompagnement.Bref ça manque de ficelage. Vu que ce qu'on nous balance est très gros...on attend le même niveau d'exigence sur les précisions du scénario.Du coup je sors de cette série mitigée. Je n'ai rien vu de neuf...me suis parfois ennuyée ferme...ai eu de bonnes surprises par moments dans l'émotion...mais globalement...ces personnages surjoués et caricaturés m'ont peu convaincue...
spoiler:"
,"4,5",,"En espérant que la saison 2 ne se dirigent pas vers une révolution pour faire tomber le jeu comme tous les films/série de ce genre Battle Royal , Hunger game ect ... car la saison 1 est réussi avec un vrai univers ce qu'il a distingue d'un Alice in Borderland en plus du jeu d'acteur qui surclasse son homonyme japonais"
,"3,5",,C'est une bonne série divertissante avec de nombreux rebond. Le tout est en revanche très similaire en tout point à animal world. La série n'invente rien et ne surprend pas vraiment. J'ai malgré tout passé un bon moment à regarder la série.
,"3,0",,Cinq étoiles pour le jeu de certains acteurs actrices remarquables. Mais trois pour tout le reste. Le sujet est complètement saugrenu.  Le chef des opérations est finalement un vieillard en fin de vie. Mais quelle idée géniale pour s'amuser au dépens de personnages accablés par le sort et les dettes. Certains passages très émouvants comme celui du jeune flic qui espère venir à bout des malfaiteurs dont un caïd se révèle être son frère.  Un frère qui n'hésite pas à le supprimer.  Et encore un de moins. C'est ça pendant tout le film...Au lieu de compter les moutons on compte les cadavres....Quel gâchis pour ces bons acteurs !
,"4,5",,"Une critique sociale, une dystopie contemporaine, au travers de la culture du jeu à la coréenne. L’effet pervers du capitalisme exploré dans toute son inhumanité"
,"1,5",,"Un bon gros navet, la fin est juste catastrophique. Si vous avez entre seize et vingt et un ans et que vous êtes pas très difficile. Ça peut vous plaire...Sinon passer votre chemin"
,"3,0",,"Rien de bien nouveau puisque le battle royale existe depuis très longtemps coté asie mais ca reste plaisant. Quelques longueur et une toute toute fin de saison qui ne tient pas la route.Meme si la série est bonne, elle reste sur-cotée."
,"3,0",,"Une note de 3/5 pour l'ensemble de la série, excepté la fin qui est un véritable 1/5, dénué de tout sens."
,"2,0",,Qu'est-ce qui m'as donné envie de regarder cette série ? Alice in borderland. Après plusieurs épisodes je me demande encore où est l'intérêt... Les Jeux? Un prétexte pour de la violence et du Gore en veux tu en voilà. Le scénario ? C'est plat et aucun suspence digne de ce nom. Les personnages sont mous et les dialogues d'un ennuie infinie. Je ne comprends vraiment pas cette hype autour de squid game.
,"1,0",,"Le jeu des comédiens est mauvais, surjoué et insupportable. La saison 1 était beaucoup plus intéressante"
,"5,0",,"Alors saison 2 je trouve top! Un super casting avec de grands acteurs/actrices Quand je lis certains commentaires négatif il est clair que ces gens là ne connaissent RIEN à la culture coréenne Souvent les séries et encore plus les films ont des fins ouvertes car en général les coréens(nes) aiment ça, c'est CULTUREL Leurs jeux d'acteurs est top, pour les personnes qui pensent que c'est ""surjoué"" allez en Corée et vous verrez que certains ont ce comportementDonc merci de vous intéressez à la culture coréenne avant de faire une critique videBravo pour les acteurs qui ont superbement bien joué leur rôle Merci au réalisateur d'avoir fait revenir T.O.P sur le devant de la scène !J'ai adoré cette 2eme saison autant que la 1ere! Enfin une 2eme saison qui ne fait pas un copier/coller sur leur scénario comme certains films ou séries Gong Yoo un jeu d'acteur époustouflant Bravo encore et svp aux personnes qui lient les avis, faites un gros tri et gardez les avis CONSTRUCTIFS négatifs ou positifs"
,"3,5",,"Bien ficelée, minimaliste, cohérente, bien joué.Scénario simple et côté psychologique parfois faible à mon goût.Longueurs pertinentes (ou non), un mystère bien gardé."
,"4,5",,"Une série géniale car elle depeint par une métaphore sur les jeux la société cruelle dans laquelle on vit... Où les endettés ne valent rien, où les riches s amusent et considèrent les humains comme des pions. La violence ' est jamais gratuite mais au service de l intrigue, et ' est pas d ailleurs ce qui est le plus violent.... Petit bémol pour la 
spoiler: 
fin où je trouve incohérent le fait que le personnage principal n aille pas de suite voir sa fille. 
, et 
spoiler: 
la raison pour laquelle ce jeu est créé. J imaginais une raison encore plus choquante voire "" humaniste "" ( les réhabiliter, leur faire prendre conscience de leurs erreurs ...) . Enfin l intrigue du policier est intéressante mais retombe comme un soufflet , du moins pour l instant.
...Bref une satire sociale bien plus fine que certaines séries françaises très 1er degré. A voir !"
,"1,0",,Le jeu des acteurs est pitoyable... Heureusement que le scenario donne une minimum envie de regarder la suite parce qu'on passe son temps à lever les yeux au ciel en les regardant.
,"5,0",,"""Squid Game"", créée par Hwang Dong-hyuk en 2021, est une série dramatique sud-coréenne qui a captivé le public mondial. Elle suit un groupe de personnes endettées qui participent à des jeux mortels inspirés de jeux d'enfance pour remporter un prix monétaire colossal. Chaque personnage a une histoire unique, et le développement de leurs motivations ajoute de la profondeur à l'intrigue. Les visuels sont saisissants, avec des costumes et des décors méticuleusement conçus qui contrastent avec la gravité des enjeux. La série soulève des questions importantes sur la société, l'avidité et les inégalités. Je recommande vivement ""Squid Game"" pour son scénario palpitant et sa réflexion sur les travers de notre monde contemporain."
,"4,5",,"Je l'ai trouvé superbe: la critique de nos valeurs capitalistes, de nos liens et leur ambivalence, de nos secrets cachés et notre détermination face au danger (ou même la mise en abime des vip avec nous les spectateurs).Une quête du sens de la vie en soi avec sa question redondante: ""pourquoi?""Beaucoup compare cela à BR mais je trouve plutôt que c'est inspiré de Kaiji une série animé japonaise (Gyakkyou Burai Kaiji).Un bémol pour le dernier épisode décevant pour moi, ça ne va pas assez loin dans les réponses et le plot twist est si attendu."
,"4,5",,"Une bonne série dans l'ensemble, pas de fausses notes notables. La série est bien fichue, pleine de surprise et de suspens, le tout dans une ambiance très singulière qui change clairement du monde télévision américain. Un concept simple finalement, mais rafraichi par la mise en scène et le coté jeux pervertis.Note : Série vue en VO"
,"4,5",,"Une saison ultra différente de la première, mais qui est tout aussi plaisante à regarder. J'avoue que j'avais une crainte au moment de l'annonce de la saison 2 et 3 mais celle-ci s'est vide dissipée. Le choix des personnages et de leur histoire est parfaitement exécuté, les décors sont époustouflants (aussi impressionnants qu'en saison 1) et la tension est présente. L'histoire en dehors du jeu permet de voir celui-ci d'un autre point de vue et nous permet d'en apprendre plus sur les personnages. Le seul point faible de cette saison est la longueur de certaines discussions de vote. Bien que nous soyons dans une saison plus psychologique et réfléchie, ces moments de flottements donnent envie d'avancer de quelques secondes/minutes pour reprendre les jeux récréatifs. Le dernier épisode nous donne clairement envie de dévorer la saison 3 qui serait plutôt une saison 2 partie 2. (peut-être auraient-ils pu faire une saison plus longue sans les moments tirés en longueur ?)"
,"3,5",,une bonne série a regarder au moins une fois. le concept est très originale et le développement des personnages est intéressant
,"0,5",,"Squid game, la série phénomène de 2021, dont tout le monde faisait l'élogeC'est donc avec joie que je l'ai commencé, moi qui suis une grande fan du survival game mais quelle déception! J'ai enchainé les épisodes me disant que l'épisode suivant serait mieux puisque cette série est ""incroyable"" mais malheureusement au dernier épisode je ne pouvais plus me dire ça, espérant n'avoir pas vu la même série que les fans. Série coréenne mais à l'américaine, inspirée de choses vues et revues, un scenario bancal, du sang pour du sang, bref du grand n'importe quoi.Aujourd'hui nombreux sont ceux qui avouent l'avoir regardé parce qu'elle était à la mode et avec du recul se rendent compte que c'était une série banale. Mais il reste des gens qui continuent de défendre la série, vous pouvez arrêtez de mentir ça fait plusieurs années y a prescription maintenant. Sérieusement va falloir m'expliquer votre engouement (sauf si vous avez 12ans)."
,"5,0",,L’ambiance ainsi que l’histoire est très intéressantes. J’espère simplement que la prochaine sera aussi bien que la première.
,"4,5",,"Squid game, squid game, tout le monde a déjà entendu ces deux mots qui pour vous et aussi pour moi d'ailleurs signifiait la violence pur et le suicide.Malheureusement, il est impossible de le nier: cette série est trash, mais elle a un fond.Émouvance, amitiés, trahison et même leçon de vie, cette série parle de personnes endettées en cherche de remboursement qui trouvent alors ce ""jeu"", comme espoir.Comme vous le voyez, je ne me suis pas emballé pour cette critique, je pourrais le faire d'ailleurs mais je préfère vous garder la surprise.Déconseillé aux âmes sensibles mais une presque excellente série à avoir absolument"
,"4,5",,"J'ai trouvé cette deuxième saison dans le même esprit que la première, et d'un niveau presque équivalent. C'est assez jubilatoire. Les personnages sont évidemment souvent caricaturaux, mais ça fait partie du concept. Si vous avez aimé la première saison, alors vraiment il n'y a pas de raison pour que vous n'aimiez pas cette deuxième."
,"4,0",,bien meilleure saison que la 1 . mise a part l'épisode 3 un peu moins bien sinon le tempo est bon. et les premiers épisodes sont intéressants
,"4,0",,"Une bonne série à regarder, il y a de l’action, de la tristesse, et de la peur. Je recommande cette série si vous ne l’avez pas encore regardé. Sinon il y a la saison 2 et la saison 3 qui vont arriver bientôt."
,"4,0",,"Le concept original de Squid Game, qui mêle le survival game et le propos social, aura su séduire très vite le monde entier. Dans cette série, une compétition est organisée entre des participants en détresse financière (qui ne reculent devant rien pour obtenir un gain exorbitant en cash), le tout dans le cadre d’un savant mélange de tension, de suspense, de loufoquerie et d’une remise en question profonde de la société actuelle. On suit ainsi des personnages nuancés, chacun avec leurs motivations propres développées, dont l’interprétation par Lee Jung-jae (Seong Gi-hun) fait preuve d’une justesse étonnante.Il est désormais impossible d’ignorer cette œuvre dont la force est précisément son équilibre entre là où on ne l’attend pas : au sein même des scènes brutales de violence et de cruauté se glissent des émotions puissantes avec des personnages tourmentés, tandis qu’elle soulève des interrogations sociétales et humaines sur la pauvreté et l’inégalité inhérentes à nos sociétés libérales. Si l’aspect visuel est omniprésent (on ne compte plus les décors colorés, l’univers enfantin des jeux d’enfants détournés en jeux mortels), celui-ci ne serait rien sans l’originalité du concept.Pourtant, certains pourraient reprocher à Squid Game d’être trop violent, ou trop centré sur des scènes d’action parfois au détriment d’une énonciation verbale précise de la complexité narrative. Mais, au regard de sa grande qualité, on ne peut que recommander Squid Game, une série captivante qui associe suspense relationnel, réflexion sociale et critique mordante du capitalisme."
,"4,5",,"Squid Game, encore une série Coréenne exceptionnel. L'inégalité riche/pauvre est bien démontréLes pauvres sont t ils vraiment prêt à tout pour survivre ?Les jeux sont très agréable à regarder et ça nous fais pensé à notre enfance Les jeux d acteurs sont extrêmement bon On est plongé sentimentalement dans chacun des personnagesSérie quasiment parfaite, je retire 0.5 pour la fin m'as déçuMais je recommande à tous cette série !"
,"2,0",,"Globalement mauvaise, cette série ne trouve rien pour la sauver. Les acteurs sont assez mauvais, les décors et l'intrigue sont trop classiques et le scénario est cliché et téléphoné comme jamais. Je cherche encore à comprendre d'où lui sort ce succès tant ça n'est pas bon... Les goûts et les couleurs"
,"4,5",,Excellente que ce sois la saison 1 ou la saison 2 elles sont aussi bien l'une que l'autre cette serie est incroyable action suspence tristesse emotion vraiment je recommande
,"3,0",,"Alors oui, passées la violence des scènes quelques peu trop longues et gratuites (ai bout d'un moment ça va, on a compris), on se laisse prendre à vouloir savoir comment cela va se terminer. Même si on se doute de la fin du jeu (un peu cousu de fil blanc), 
spoiler: 
la fausse bonne idée du vieil homme qui est en fait le créateur, n'est pas vraiment crédible.
..il y a de bonnes intentions dans cette série mais beaucoup d'incohérences. Elle tient surtout grâce à une certaine intensité.Bref, se regarde mais on est loin de ""Breaki'g Bad"" et l'engouement des très (trop) jeunes pour cette série m'apparaît inquiétant voire malsain !"
,"4,5",,"Avec son concept original et glaçant, Squid Game captive en mêlant compétition mortelle et critique sociale. Les personnages, portés par Lee Jung-jae et un casting solide, naviguent entre espoir et désespoir dans une lutte pour leur survie. Les décors colorés et la tension omniprésente renforcent l’impact d’un récit aussi brutal qu’intelligent.Malgré une fin controversée, la série s’impose comme un phénomène marquant et une critique percutante des inégalités."
,"4,0",,"La saison 2 de Squid Game reprend le flambeau avec des enjeux encore plus grands, explorant les conséquences du succès de la première saison. Les nouveaux jeux sont plus complexes, et les personnages, notamment le retour de Gi-hun, sont confrontés à des dilemmes plus profonds. La tension est toujours palpable, et la série maintient son équilibre entre drame humain et violence systémique.Cependant, la fin semble un peu bâclée, probablement en raison de l’annonce d’une saison 3 qui sortira quelques mois seulement après la saison 2. Cela laisse une sensation d’inachevé."
,"4,0",,"Le tant attendu retour de Squid Game, la série enfantinement violente qui a su nous charmer de par son intrigue, de par son casting, et surtout, je pense qu'on l'a négligé, son visuel. Des couleurs vives dans une ambiance oppressante. La saison 1 a su nous tenir accroché durant toute la saison, en nous faisant découvrir le côté des jeux, et le côté des ""hommes en rouge"" avec l'infiltration du policier. Bref, une saison 1 qui a mérité son succès. Mais qu'en est-il de la saison 2? La saison 2 a réussit à maintenir la tension et le suspense qui ont fait le succès de la 1ere saison tout en explorant de nouvelles dynamiques. On retrouve grosso modo le presque même scénario : 
spoiler: 
 Le policier qui cherche, Gi-Hun dans les jeux, et les hommes en rouge qui font du traffic d'organes 
, cela dit, même si c'est minime, ce parallélisme narratif ( similarité entre la saison 1 et 2 ) peut se vanter d'avoir quelques nouveautés à nous offrir : 
spoiler: 
 On suit une jeune femme qui tente de retrouver sa fille perdue en Corée du Nord et qui finalement rejoint les hommes en rouge et participe au massacre, mais qui essaie d'empêcher le traffic d'organe et se voit menacer. On suite aussi le policier qui est à la recherche de l'île où les jeux se passent. Et puis on suit Gi-Hun au sein des jeux, avec de nouveaux jeux, de nouveaux équipiers, de nouveaux défis, et une rébellion finale ( dont on reviendra rapidement ).
. On apprécie le scénario, qui parvient à être à la fois familier et novateur en explorant de nouveaux horizons sans perdre l'essence de la série. La musique et les visuels restent impeccables, renfonçant l'atmosphère oppressante et immersive. On apprécie également le retour de certains personnage, comme, sans spoil, le meilleur ami de Gi-Hun ( qu'on peut voir dans la bande annonce ) et ( du coup la c'est avec spoil ), 
spoiler: 
 L'homme au costume, le policier, celui qui aide Sae-Beyok ( dans la saison 1 ) à retrouver sa mère, mais aussi le créancier qui menaçait Gi-Hun dans la saison 1, et, qui se retrouve à bosser pour lui dans la saison 2 ( personnage auxquelles certains peuvent s'attacher de part le retournement de veste, sa nouvelle loyauté envers Gi-Hun, et aussi de part le fait que finalement, il était pas si méchant que ça ;) ). On retrouve également le maître du jeu, etc ... 
. Hors contexte mais on fait aussi un gros big up à notre brute préférée ( après Daryl de the walking dead ) de la série Sweet Home qui pour le coup joue un personnage complètement différent dans Squid Game,et ,ça fait plaisir à voir. Cependant, quelques points m'ont moins convaincu. Le début de la saison 2 est un peu lent à démarrer ( 2 épisodes ). Paradoxalement ça reste de bon épisodes qui nous replongent dans le bain. 
spoiler: 
On retrouve l'homme en costume ( le recruteur des jeux ) et on découvre un peu plus son personnage et son côté psychopathe camouflé derrière un costume 3 pièces et un beau sourir. Malheureusement pour l'un des hommes de Gi-Hun, on aurait préféré qu'il reste sur les rails à Busan ... 
. Quelques incohérences scénaristique arrivent de temps en temps. Et parfois, le scénario est facile à deviner, soit parce-que la mise en scène aide à deviner la suite, ou soit parce-que c'est spotted de loin. Spoiler : 
spoiler: 
Comme par exemple le numéro 1 où certains addict aux séries pouvaient facilement s'attendre à ce que le joueur numéro 1 soit le maitre du jeu, Oh Il-nam étant décédé. Ou encore, on le sait tous, la père de la fille malade qui va être sauvé par la fille qui fait partit du staff. Et on peut même supposer que le meilleur ami de Gi-Hun est en vie ( mais s'il font ça personnellement ça descendra l'aura de la série à -456 000 000 000. ).
 On peut aussi voir un côté de la série qui tourne un peu en rond. Spoiler :  
spoiler: 
 Le policier qui recherche l'île, ce sont des scène un peu lentes, un peu frustrantes car finalement les scènes ne servent pas à grand chose et n'apportent rien à la série si ce n'est du temps en plus à combler. Même la scène du capitaine, qui finalement s'avère très certainement être quelqu'un qui travaille pour le maitre du jeu, est inintéressante car pas assez creusée, alors qu'elle aurait pu être une nouvelle intrigue à la série...
 La fin de la saison laisse un goût d'inachevé et de frustration 
spoiler: 
 Surtout après la mort tragique du meilleur ami de Gi-Hun. 
. On a pas trop le temps de s'attacher aux nouveaux personnages et pourtant on aimerait bien que certains personnages soient un peu plus travaillés, approfondis. Les épisodes se dévorent comme du pain mais c'est à la fois rapide et pas assez rapide. 
spoiler: 
 7 épisodes pour 3 jeux .... 
. Ils ont voulu terminer la série sur un choc émotionnel mais c'est raté à cause des personnages pas assez approfondis et les questions sans réponses... Malgré ça, la série reste une expérience marquante, et cette saison enrichit l'univers de Squid Game tout en maintenant une qualité globale remarquable."
,"3,5",,"j'ai lu les critiques avant d'écrire la mienne. C'est vrai que c'est dur et sanglant. Mais s'il y a du sang moi je trouve le sujet plus intéressant qu'il ne semble. car quand on creuse que voit on: la nature humaine qui est à chier. On dit être humain j'ai vu l'être je cherche l'humain. De riches oisifs blasés s'amusent à regarder les surendettés obligés à faire des jeux d'enfants transformés en jeux mortels. Et ces joueurs aidés par l'appât d'une coquette somme, se prêter au jeux. Je trouve que le plus terrifiant c'est pas les costumes, les masques, c'est quand ils l'enlèvent et que finalement ils ont un visage comme tout le monde: ce sont des êtres humains. Pourtant tout le monde tient bien le rôle que le système attend d'eux: ceux qui tuent les joueurs perdants, qui évacuent les corps pour le plaisir des riches...Dans la vie cela s'appelle la guerre, faite par les pauvres pour les intérêts et le plaisir des riches. certains sont choqués par le sang, le manque d'humanité etc..;Mais le vernis de la civilisation est très mince; les riches vont en Thailande se payer des gamins et des gamines. Il y a eu l'affaire d'Auxerre ou des riches torturaient des jeunes filles jusqu'à en tuer. Le dossier qui était très volumineux a disparu du tribunal et il n' y a jamais eu d'enquête. Tous les riches ne sont pas à ce point, non mais qui sait si quelque chose de ressemblant ne remplacera pas les guerres un jour. Malgré tout il y a des moments d'humanité chez certains joueurs qui peuvent s entre-aider ou se sacrifier. Il y a ces femmes nues qui sont figées pour que les vip puissent poser leur jambe sur les corps nus: est on si loin de la réalité? Tous servent le système sans états d'âmes: est on loin de la réalité? personnellement je ne prends pas de plaisir à regarder la déshumanisation. Mais quand on regarde notre monde, est il plus humain? Les acteurs jouent comme le font les asiatiques: surjoué en exagérant les gestes, en clignant beaucoup des yeux, ce qui rend les personnages caricaturaux, mais on y trouve toute la tragédie humaine: la trahison, le chacun pour soi, prêt à tout pour gagner une forte somme d'argent et ne pas mourir: et ceux qui organisent le jeux à tous les niveaux avec cette grande froideur, et la voix qui annonce que le jeux va reprendre avec une candeur c'est ce qui fait la particularité de cette série: et savoir jusqu'ou les candidats sont prêts à aller. c'est fascinant et ça fait froid dans le dos. ce n'est pas mon style de série préféré mais il fallait oser montrer la nature humaine crument telle qu'elle peut-être, et ou la richesse ou la pauvreté peuvent nous conduire"
,"1,5",,"Quelle déception ! Les 2 premiers épisodes, d'une durée totale d'1h45, ont tué la série. Ca se réveille à partir de l'épisode 3 mais ça repart en cacahuète dés l'épisode 6. Et que dire du final de l'épisode 7 qui est extrêmement mauvais.La franchise Squid Game est morte, définitivement morte."
,"3,5",,"Bonne série,je trouve que c'est une version soft de battle Royale avec des rebondissements surtout a la fin mais rien qui explique un quelconque succès planétaire."
,"4,5",,"Une série Netflix comme il y en a peu. On est loin des sentiers battus habituels, l’histoire est particulièrement intéressante, l’intrigue et l’ambiance générale nous tiennent en haleine sans s’essouffler, et que dire des acteurs Coréens !! On reconnaît l’esthétique propre a Netflix qui fonctionne bien ☺️"
,"4,0",,"Comme tous le monde j'ai apprit que cette série existait grâce à l'espèce de gigantesques hype qu'elle a suscité sur les réseaux sociaux. Et ça c'est pas une bonne chose, parce plus on me sur-vends un truc moins j'aurai envie de le regarder et moins je vais l'apprécier J'ai donc lancé le première épisode en ayant pas de grosse attente, plus parce que je n'avais rien d'autre à regarder. Premiere épisode que j'ai trouvé bon, pas excellent non plus mais quand même assez réussie. Les 4 épisodes d'après (donc jusqu'au 5) m'ont fait ni chaud ni froid, quelque bonnes idées parce si par la mais rien de fou non plus Puis viens l'épisode 6. C'est simple c'est épisode m'a mit une sacré claqué, c'est l'épisode où il se passe le plus de chose. Les dilemmes moraux prenne aux tripes et la fin est franchement émouvante. De cette épisode jusqu'à la conclusion la série est vraiment excellente sur beaucoup de domaine, pour l'une des rares fois je comprends totalement la hype que la série à suscité. On regrettera juste un début de série mise à part le pilote un peu mou avec des longueurs et une mise en scène parfois bonne mais souvent peu recherche, mais grâce à ses personnage, son scénario et son écriture on a l'a une série plutôt excellente"
,"3,0",,"Bien filmé, bien joué, belles couleurs.Gros problème de rythme dans la série, et certains détails sont totalement invraisemblables, ça saute aux yeux et c'est très gênant : 
spoiler: 
un coup de barre de fer dans le bras du policier c est censé le brisé en morceaux
, c'est le genre de petits détails qui empêche de croire à cette histoire."
,"4,0",,"Tout les épisodes n'ont pas la même intensité, mais ca tapote quand même sec et l'ensemble reste jouissif."
,"3,0",,Rien de bien original. tuer dans un jeu n est pas nouveau.Certaines scènes sont d une naïveté confondante et l infiltration n est juste pas crédible.
,"5,0",,"Quand j'ai vu le thème de la série, je me suis dit ""ça c'est pour moi ! "" En plus, une série coréenne ! Moi qui avais adoré le film ""Parasite"", je n'ai pas hésité une seconde ! J'ai adoré l'univers en plus de l'intrigue. Les couleurs, la musique... Le concept est génial et si malsain ! Vraiment, j'ai adoré !Le seul hic, et j'ai déjà remarqué ça dans le peu de séries asiatiques que j'ai regardées, c'est les longueurs. On sent que le réalisateur mise l'émotion et ça part en dialogues ou monologues qui viennent casser le rythme.Le plus flagrant, c'était ""Alice in Borderland"", là avec ""Squid Game"" ça va encore, je trouve qu'il n'y a pas trop de scènes ""hors jeu"" mais on aurait pu faire plus court sur les blabla.Bref, une très très bonne série (à regarder en VO !!!)Par contre, j'ai peur de la saison 2, pas sûre qu'elle soit à la hauteur de la première mais on verra !"
,"0,5",,"Quelle horreur. J'ai aimé la première saison sans être fan; mais là....: c'est loooooooong, il ne se passe rien. A part apprendre des détails inintéressants sur la vie des personnages, les épisodes sont étirés au maximum, jusqu'à être mal joué. Clairement on s'ennuie ! Seul le dernier épisode redevient croustillant ! Décevant au possible !"
,"1,0",,"La seule manière de s'en sortir avec cette saison 2 après avoir vu la saison 1 c'est d'être dans une forme de déni et de se dire qu'au final c'est une sorte de parodie, je vois que ça."
,"3,5",,Bons débuts qui donnent envie de continuer mais des le 3 ou 4eme épisode ça ralentit fortement voir épisode très lent avec peu d'intérêt malgré des jeux de survie intéressants
,"5,0",,"meilleur série, jai jamais été décu et continue dêtre toujours aussi bonne, jattend saison 3 avec impatience"
,"1,5",,"J'ai terminé la saison hier, cette saison m'a laissé un goût amer.On retrouve Seong Gi-hun dans le rôle du héros qui tente le tout pour le tout pour arrêter ce jeu mortel et sauver un maximum de personne.On retrouve les mêmes ingrédients de la saison 1 avec l'enthousiasme en moins ( certains jeux sont identiques pas de renouveau de ce côté là, le frère du policier qui infiltre le groupe, il manque ce quelque chose qui a fait le succès de la saison 1)Niveau rebondissement c'est tellement prévisible, spoil: Le commandant du bateau qui dès le début est louche avec les questions qu'il pose, tu sens directement qu'il est de mèche avec cette organisation et ça se confirme par la suiteEn ce qui concerne les nouveaux personnages qui font leur entrée (la mère qui est venue participer au jeu pour tenter de gagner la mise et épancher les dettes de son fils, le duo mère/fils est tellement touchant, la fille enceinte j'ai oublié son nom...)Gros fou rire pour le prétendu rappeur sous drogue qui danse en pleine épreuve, plus perché y a pas hahaL'épisode final je suis restée WTF, nous laisser avec une fin de saison pareille c'est un crime.Reste plus qu'à attendre la saison 3 pour voir la suite...Je pense que Seong Gi-hun ne s'en sortira pas vivant et se sacrifiera pour la fille enceinte, ça sera une fin triste mais à la hauteur des enjeux du personnage à savoir sauver une personne et arrêter ce jeu mortel une bonne fois pour toute.Enfin bref grosse deception pour cette nouvelle saison mais j'en attendais pas grand chose et ça sera pareil pour la saison 3 selon moi"
,"4,0",,"Bonne série, cela nous fait réaliser que l'homme est mauvais et qu'il est cruel au point de détruire/trahir son prochain pour satisfaire ses propres besoins. Il y a certains aspects qui me parait incohérent: La police ne se pointe pas sur le sujet alors qu'il y a 
spoiler: 
Des milliers de personnes portées disparu depuis années. Et un policier s'intéresse sur cette affaire seulement parce que son frère a disparu depuis des années et qu'il a retrouvé une carte d'invitation Squid Game? Une critique de l'incompétence policière en générale? 
 J'espère que la suite sera bien !"
,"2,5",,"La saison 2 de Squid Game est une déception tant attendue. Elle reprend trop fidèlement la structure de la première saison : même ambiance, mêmes tournures, mêmes mécaniques de jeu… mais sans la nouveauté ni l’impact.la rébellion, annoncée dès le départ, survient trop tard et sans vraie conclusion : on a l’impression de voir une montée vers rien.La sous-intrigue du bateau (la recherche de l’île) est poussive, traîne en longueur, et n’apporte ni tension ni révélation.Impossible de retrouver la surprise originale de la saison 1 : plus de stress, plus de découverte, plus de mort imprévisible. Tout est devenu prévisible.Les personnages sont plus nombreux, mais sans profondeur : on ne s’attache à quasiment aucun. Et les dialogues sonnent souvent artificiels, par contre on s'attache au 1 malgré que ce soit le front man.L’effet du twist sur le numéro 1 est miné : on comprend trop vite qu’il est le Front Man, cela ôte tout mystère.Le protagoniste principal reste bloqué dans son traumatisme, sans arc significatif — il subit plus qu’il n’agit.La dimension morale, si subtile dans la saison 1, est ici affaiblie. Les positions sont trop manichéennes, sans dilemme nuance.La mise en scène réutilise les mêmes codes visuels, effets sonores, ralentis, sans aucune prise de risque artistique.La narration est explicative : la série nous dit ce qu’on doit ressentir, au lieu de nous le faire vivre. Les jeux en revanche sont vraiment pas mal mais le reste est dommage. 5/10"
,"0,5",,"Saison 2 sans intérêt, les 2 premiers épisodes sont longs et ennuyants. J’ai décroché au 5ème épisode."
,"5,0",,"Après avoir attendu pendant 3 ans la saison 2, je ne suis vraiment pas déçu. Je l'ai regardé d'une traite et ai hâte de voir la saison 3. Ce changement de direction que prend la série en ayant les joueurs qui se vengent est vraiment intéressant. Toujours autant de jeu, toujours autant de traîtrise, toujours autant de fun, j'adore. J'attends la suite avec impatience !!"
,"1,0",,"dans la série une qui était sud coréenne les acteurs était tués,il y avait de l'action, style série américaine, la série deux , série repris par les americains, les acteurs sont badigeonnaient de peinture, ils n'ont aucun sens du réalisme, c'est complètement nul et j'en suis qu'au deuxième épisode, trop de commentaires des soit disant acteur, en fait quand les amerlocs veulent reproduire un film ou une série étrangère il se plantent complétement."
,"4,0",,"D'habitude, j'avoue ne pas m’intéresser à tous ce qui est Coréen mais là, ma copine m'a un peu forcée à regarder et j'avoue avoir été agréablement surpris. J'ai tous de suite accroché au concept. Très bien imaginé, les acteurs, sans grande expérience, ont un jeu d'acteur vraiment très convainquant et l'idée est vraiment perçante. Franchement, je ne m'attendais pas à ça du tout. D'habitude, je ne suis pas très série, mais "" Squid Game "" j'ai vraiment adoré. Que le jeu commence. 8,5/10"
,"4,5",,"Série trés intérésantte à regarder ,les épisodes ne sont pas trop longs et la série n'est pas ennuyante dans l'ensemble et n'est pas compliquée a comprendre .
spoiler: 
(le pont de glace qui explose et qui tue la fille n'était pas obliger)"
,"2,5",,"Trop de longueur, met trop de temps à demarrer, beaucoup moins abouti que la saison 1, un air de deja vu.. dommage.."
,"4,0",,"Trop de longueur, met trop de temps à demarrer, beaucoup moins abouti que la saison 1, un air de deja vu.. dommage.."
,"4,0",,J'adore Squid Game! concept très original et qui sort de l'ordinaire..les séries coréennes sont vraiment top!
,"3,0",,"Pour moi, la puissance de Squid Game ne réside pas que dans l’histoire personnelle de chaque personnage. C’est une œuvre qu’il faut regarder dans son ensemble. Des adultes, qui jouent à des jeux d’enfants dans lesquels la seule issue possible pour 99% des participants est la mort. Ce contraste est assez révélateur de la sournoiserie des créateurs du jeu, mais surtout de la confiance et la détermination des personnages dans leurs propres capacités à pouvoir s’en sortir. Sur le papier cela parait simple, mais une fois le jeu débuté, tout prend une autre tournure [...]J’ai instinctivement su que 
spoiler: 
001
 était un personnage important. De par 
spoiler: 
son âge
 et le numéro qui lui a été attribué, j’ai d’abord pensé qu’il était le gagnant des saisons précédentes et qu’il était en quelque sorte « condamné » à participer à toutes les éditions suivantes de SquidGame jusqu’à ce qu’il meure. Ensuite, l’épisode numéro deux m’a 
spoiler: 
confirmer qu’il était d’une certaine façon impliqué
, car je le trouvais beaucoup trop à l’aise et serein lors des épreuves. 
spoiler: 
001 
représente l’insouciance et la maniaquerie dans une forme sombre et macabre. Je le pense […] lire la suite sur : https://bakirah.blog/"
,"4,0",,"je le conseille vivement première série korean que j'apprécies tout y est action, avanture, suspense, thriller et tout ce qu'on peut imaginer pour faire vivre une actionhttps://vm.tiktok.com/ZMR7u2ysq/"
,"4,0",,"La saison 1 était excellente et a placé la barre très haut. Ce n’est donc pas une surprise, la saison 2 est en dessous, mais pas mauvaise pour autant (certaines critiques sont dures…)Le principal défaut est le caractère exagérément caricatural de certains personnages qui peut agacer. Ce que j’ai aimé en revanche est le fameux 001 (je n’en dirai pas plus) et également l’évolution du personnage principal, endurci par les événements de la 1ere saison.Bref, j’ai personnellement plutôt apprécié cette suite, même si moins que la 1ere saison."
,"5,0",,"Satire d'une société coréenne en extrême souffrance. Que ce soit du sacrifice de l'enfance au profit de la compétitivité (décors enfantins souillés du sang des adultes, symboles du sacrifice de tous ces petits coréens qui passe plus de dix heures par jour à étudier pour être des bêtes à concours), la crise de la dépopulation coréenne qui aggrave la pauvreté des personnes âgées par la baisse de leurs pensions de retraite, critique du système militaire à travers ces gardes masqués, à peine sortis de l'enfance, qui tient leurs semblables sans aucune hésitation si ce sont les ordres (bien évidemment un clin d'œil au service militaire coréen obligatoire)... On pourrait continuer pendant des heures pour disséquer tous les SOS que lance le réalisateur à travers son œuvre pour représenter la douleur du peuple coréen. Je n'avais pas voulu regarder cette série par pédantisme, car on me l'avait vendue comme une série ""trop cool, trop violente"", mais au final j'ai eu sous les yeux un pamphlet touchant sur la crise coréenne."
,"3,5",,"La série est vraiment bien jusqu' àl épisode 8, après ça devient nul.. La fin est vraiment du Grand n importe quoi. C est dommage."
,"4,0",,"Vraiment pas mal ! c'est très original , chaque épisodes est très agréable à regarder, le rythme est très bon tout le long de la série."
,"5,0",,Littéralement choqué de la fin et cette trahison et vraiment horrible mais bon j'avoue pour une série coréen elle et super bien faite bravo Netflix 
,"1,0",,"Grand fan de la saison 1, la saison 2 est une immense déception. Une vraie purge, surtout le dernier épisode. Tout est bourré d’incohérence, de personnages qui surjouent en permanence (rappeur, mère et son fils etc... Les jeux sont nuls, les musiques rendent le tout encore pire. On se désintéresse totalement des personnages, aucune empathie de créée. La première saison nous prenait aux tripes en jouant sur les relations humaines, ici c’est le vide abyssal. Des longueurs à n’en plus finir … Bref, quel gâchis  ☹️"
,"2,0",,"Tout est prévisible, aucune surprise, et c'est lent... certains moment se laissent mieux regarder que d'autres mais dans l'ensemble on est bien loin du niveau de la saison 1...S'ajoute à ça des passages assez désagréables où on a l'impression que le réalisateur veut nous apprendre les bonnes manières et entre autres la tolérance en nous expliquant (à la manière d'un dessin animé pour les enfants) ce qu'est une femme, ce qu'est un trans, etc... Bref, quelques parties suscitent un léger intérêt mais l'ensemble reste malheureusement décevant"
,"4,5",,Moi j'ai adoré mais la question qui reste en suspend [spoiler] ces si la 222 vas survivre car elle est enceinte 擄
,"3,0",,"Mon avis sur la saison 2 de squid game est mitigé. J’avais énormément apprécié la saison 1 pour la découverte de son univers original et mystérieux, la fluidité de son scénario, et pleins d’autre choses encore (les effets visuels, le jeu des personnages). La fin de la saison 1 était assez satisfaisante, et selon moi squid game aurait du s’arrêter à une saison pour la cohérence de son histoire. J’ai été un peu déçu de la deuxième saison, parce que:Premièrement, l’énergie, le “feeling” de la saison est totalement différent. La saison 2 est beaucoup plus comique et drôle alors que la saison 1 était dramatique et choquante (c’était justement ce que j’aimais)Le jeu des acteurs participe énormément à ce changement 
spoiler: 
comme le jeu de Thanos, où de la mère et de son fils. 
L’énergie de la saison est également différente parce que l'intensité mortelle est moins présente. Le fait que le personnage principal ait déjà participé au jeu fait qu’il a l’air intouchable ou immortel parce qu’il a un avantage en plus.De plus, le personnage principal, 
spoiler: 
qui est devenu riche, a formé une équipe de professionnels pour retrouver l’île où les jeux sont organisés, ce qui fait que le personnage peut être sauvé alors que dans la saison 1 il n’avait aucune échappatoire. 
Deuxièmement, pour son caractère répétitif. En effet, on retrouve le même univers: les mêmes personnages, et certains des mêmes jeux ce qui atténue l’effet de surprise qui avait fait le succès de la saison 1.La saison 2 a néanmoins des points positifs :Le casting est d’excellente qualité. J’espère que la saison 3 saura apporter une touche d’originalité."
,"1,0",,"Une saison 2 qui a dû mal a démarrer et au final rien qui égal la saison 1des bon dans la narration inexplicable, les personnage trop mou, des jeux pas terribleCette saison 2 est une saison de trop !"
,"5,0",,"Un chef d'oeuvre, dans le continu de la saison 1 on a hâte de voir la suite!Mentions spéciales aux nouveaux jeux effrayants."
,"5,0",,Je suis devenu totalement fan Voilà c'est rapide et c'est dit.Tout est vraiment super intéressant surtout la fin de la saison 2
,"3,0",,"Déçu...Après avoir entendu parler de cette série en boucle durant un certain temps, je me décide à la regarder, espérant que ça fera comme la casa de papel. Malheureusement, on est selon moi très loin de ce chef d'œuvre.Le début est un peu lent, on se demande si on a cliqué sur la bonne série, mais une fois au bon endroit, les choses deviennent intéressantes. Beaux décors, masques intriguants et bons jeux d'acteurs. Le premier jeu était extra ! 
spoiler: 
La panique puis la résignation des joueurs dont la tension et le stress étaient palpables, on est vraiment dedans, on a limite l'impression de faire le jeu avec eux.
Malheureusement, on a ensuite un gros blanc. Tout s'arrête et on perd clairement du temps pour rien...on veut nous montrer comment est la vie dehors ? D'accord, était-ce nécessaire de prendre tout ce temps pour ça ? Selon moi, non. J'ai hésité à continuer. Mais ensuite dès l'épisode 3 l'intensité monte en flèche, jusqu'à atteindre son apogée dans l'épisode 4 
spoiler: 
avec la grande bagarre dans le dortoir. Cette scène est impressionnante. Cependant...je n'ai toujours pas compris son intérêt. Les joueurs sont là pour jouer et on leur promet une égalité des chances...si les plus forts peuvent massacrer en toute impunité les plus faibles tout le principe est chamboulé. C'est d'ailleurs à compter de cet épisode que le mécanisme change, les joueurs ont limite plus peur du numéro 101 que des jeux...c'est vraiment dommage.
 La suite se laisse regarder jusqu'à un jeu particulièrement cruel et déchirant, un bijou pour le formidable jeu d'acteurs. Mais c'est à compter de l'arrivée des VIP que tout dérape, des scènes franchement inutiles, limites malaisantes, un personnage principal qui passe de fatiguant à réellement insupportable (on a envie de lui mettre des gifles chaque fois qu'il l'ouvre ça gâche vraiment le ""plaisir""). 
spoiler: 
Il ne dit rien lorsque Seong-Woo (218) manipule pour tuer leur allié Ali, mais lorsqu'il pousse sur le jeu du verre trempé un homme qu'ils ne connaissaient pas pour leur sauver la vie à tous les deux, il passe de l'amour à la haine en 2 secondes...pour le réalisme on repassera. Et toute la partie ""1 an plus tard"" est fatiguante...1 an !! Et il est toujours dans un état limite catatonique. Ça valait le coup...et sa réaction finale d'abandonner sa fille pour se lancer en guerre contre l'organisation derrière les jeux....la saison 2 se fera sans moi.
Bref, je mets 3 étoiles pour l'idée scénaristique de la série qui m'a beaucoup attiré, les jeux d'acteurs (sauf la fille insupportable, évidemment), les décors et l'organisation des organisateurs des jeux. On est quand même vite accro, on veut savoir la suite.Dommage que la fin soit si décevante. Même le plot twist final, il aurait pu être vraiment bien s'il avait été beaucoup mieux amené. Là c'est du gâchis.
spoiler: 
Et je n'ai même pas parlé de toute la partie ""Trafic d'organes"", elle n'a servi à rien. Ni de l'infiltration du policier, qui aurait pu être intéressante mais...ça ne débouche sur rien...il meurt, voilà. Pourquoi nous l'avoir tant montré si c'était pour le faire mourir bêtement comme ça ? Il a distrait quelques minutes ""l'Agent"", rien de plus."
,"2,0",,"Franchement, je ne vais pas me prendre la tête à rédiger un avis long, me prenant pour un scénariste…Lorsque j’ai commencé la série, j’ai trouvé l’idée assez bonne mais pas si originale que ça. Les jeux sont banales, c’est mou et tout au long de la série je n’ai jamais été surpris. Je m’attendais à presque tout. Aucun suspens. Bref série extrêmement surcoté, je préfère Alice in Borderland, 30 fois meilleures dans le « même » concept."
,"2,0",,"Je suis tellement en colère que j'ai créé un compte juste pour ça. Quelle immense déception cette deuxième saison!!Attendre 3 ans pour ça ?Cette saison est complètement vide à part 2-3 épisodes, il ne se passe rien d'intéressant.Les nouveaux personnages n'ont aucune profondeur, on a aucunement le temps de s'attacher à eux où même les détester. Et les personnages qu'on connaissait déjà sont intéressants. Les décisions du personnage principal sont de plus en plus stupides, on croirait qu'avec tout le temps et tout l'argent, il aurait mis en place un plan en béton mais faut pas trop lui en demander.
spoiler: 
Je pensais que le personnage du mec à la mallette aurait un développement dans la deuxième saison mais les scénaristes l'ont fait mourrir stupidement
. Il n'y avait même pas de suspense dans la scène.Le frère du maître du jeu est complètement inutile et se fait facilement berner pendant 7 épisodes.Et puis le maître du jeu. Quelles sont ses motivations ? 
spoiler: 
Bouhouu ma femme et mon enfant sont morts et je suis en colère donc je vais tuer les gens parce que je n'ai rien d'autre à faire de ma vie? 
 C'est n'importe quoi. Au moins on savait pourquoi celui de la première le faisait.Aucun suspense, aucune surprise pendant les 6 épisodes, tout est prévisible : le navigateur, qui va mourir, qui va trahir qui. 
spoiler: 
Tout le monde peut prédire que le père de l'enfant malade va survivre car il sera sauvé par la fille au triangle. 
La seule ""surprise"" c'est la nullité de cette fin de saison. La serie a vraiment de la chace d'avoir certains très bons acteurs."
,"2,0",,"Je suis tellement en colère que j'ai créé un compte juste pour ça. Quelle immense déception cette deuxième saison!!Attendre 3 ans pour ça ?Cette saison est complètement vide à part 2-3 épisodes, il ne se passe rien d'intéressant.Les nouveaux personnages n'ont aucune profondeur, on a aucunement le temps de s'attacher à eux où même les détester. Et les personnages qu'on connaissait déjà sont intéressants. Les décisions du personnage principal sont de plus en plus stupides, on croirait qu'avec tout le temps et tout l'argent, il aurait mis en place un plan en béton mais faut pas trop lui en demander.
spoiler: 
Je pensais que le personnage du mec à la mallette aurait un développement dans la deuxième saison mais les scénaristes l'ont fait mourrir stupidement
. Il n'y avait même pas de suspense dans la scène.Le frère du maître du jeu est complètement inutile et se fait facilement berner pendant 7 épisodes.Et puis le maître du jeu. Quelles sont ses motivations ? 
spoiler: 
Bouhouu ma femme et mon enfant sont morts et je suis en colère donc je vais tuer les gens parce que je n'ai rien d'autre à faire de ma vie? 
 C'est n'importe quoi. Au moins on savait pourquoi celui de la première le faisait.Aucun suspense, aucune surprise pendant les 6 épisodes, tout est prévisible : le navigateur, qui va mourir, qui va trahir qui. 
spoiler: 
Tout le monde peut prédire que le père de l'enfant malade va survivre car il sera sauvé par la fille au triangle. 
La seule ""surprise"" c'est la nullité de cette fin de saison. La serie a vraiment de la chace d'avoir certains très bons acteurs."
,"4,0",,"Deuxième saison réussie. Ce qui n’était pas une mince affaire : il fallait équilibrer entre les objectifs de vengeance de Gi-hun sans pour autant verser dans un style classique de guerre de gangs, et la recette ayant fait le succès de la saison 1 sans non plus donner le sentiment de juste refaire des jeux (avec la crainte que le suspense soit négatif, étant donné la volonté de préserver la vie de Gi-hun). Cet équilibre, à mon sens, a été bien trouvé : on retrouve les codes de la saison 1, les traits d’humour malgré le drame qui se joue, et cette dichotomie entre l’état de cupidité « forcé » par la société et ce souhait de préserver son humanité. Malgré des personnages différents, on sent la volonté de reprendre les personnalités du premier volet : 
spoiler: 
[/spoiler[spoiler]] Thanos qui semble être la fusion entre le caractère brutal de Deok-soo et le côté foufou de Mi-Nyeo ; le second n° 001 qui reprend le rôle du premier n° 001 avec la personnalité de Sang-woo ; on retrouve le caractère déterminé de Sae-Byok dans celui de la femme enceinte et de celle qui est engagée parmi l’équipe du jeu
. Le personnage de Hyun-Ju, transexuel dans la série, semble même être une petite référence à celui de Kuina, dans Alice in Borderland, série japonaise qui a beaucoup été comparée à Squid Game. La saison 2 pèche néanmoins par quelques dénouements un peu trop prévisibles : 
spoiler: 
la mort du recruteur (comment aurait-il pu en être autrement vu que Gi-hun allait survivre ?), la trahison du n° 001, les décisions prises par ce dernier notamment au moment des différents votes
 ; voire quelques incompréhensions : 
spoiler: 
le rôle du policier qui s’essouffle complètement au cours de la saison alors qu’on en attendait beaucoup plus, la tentative de guérilla de Gi-hun dont on ne comprend pas très bien comment elle aurait pu vraisemblablement aboutir au vu des moyens colossaux dont bénéficie l’organisation (bien que ce passage sert à éviter que la bagarre générale ne fasse que reprendre le scénario de celle de la saison 1), les deux premiers épisodes qui auraient largement pu être regroupés ensemble pour ne pas que le jeu ne commence qu’à l’épisode 3
. mais globalement c’est une réussite, bravo à toute l’équipe, hâte de voir la suite et fin !"
,"3,5",,"C'est une bonne série mais il y a un problème majeur selon moi : en 9 épisode je ne me suis jamais attachée aux personnages. Lors des morts lâche éventuellement un ""ohhhh"" de déception mais c'est tout. C'est une bonne série mais je l'aurai sûrement oubliée d'ici une semaine..."
,"4,5",,Une série qui fait réfléchir.La série met en scène une multitude de métaphores extrêmement violentes pour dénoncer les inégalités sociales. Elle est très psychologique contrairement à ce que certains peuvent penser ou dire au premier abord. Je la conseille à toutes personnes recherchant une série émotionnelle et psychologique.
,"4,0",,"Très bonne série qui tient le suspens jusqu'au bout .. Bon jeu des acteurs , gore comme il faut  ..A voir"
,"3,0",,"C'est assez incroyable, jusqu'à l'épisode 6 qui est clairement le meilleur de la série, et qui finit sur une apothéose dramatique. Les acteurs sont très bons, même si la folle devient un peu lourde à la longue. Les autres personnages sont attachants et on a vraiment envie de connaître la suite, qui vivra et qui mourra. Tout ça va crescendo jusqu'à la fin de l'épisode 6 déjà cité, et périclite dangereusement vers le bas à partir du début de l'épisode 7, pour s'achever sur une déception digne de la fin de Game of Thrones. La fin de Squid Game n'a pas vraiment de sens, laisse énormément de question sans réponses, en suspens, il y a beaucoup trop d'inconnues qui subsistent, et c'est bien dommage, car ça gâche le plaisir. Le pire étant l'explication finale, le pourquoi du comment de tels jeux ont pu s'organiser, qui m'a vraiment déçue ainsi que mes amis qui ont regardé avec moi. Toutes les critiques de la presse ne sont clairement pas objectives, car elles encensent une série qui excelle sur sa première moitié c'est vrai, mais est vraiment nulle, pauvre scénaristiquement, et ne peut objectivement que décevoir sur la seconde moitié."
,"4,0",,très bonne série nous tiens en haleine du début à la fin de chaque épisode. Série rythmé et vivante on ne dort pas.
,"3,5",,"Squid game ; une série dure et violente et biensur c'est plutot réussi .Dés le premier épisode nous sommes pris par l'intrigue; à travers l' histoire du personnage principal qui fera tout pour rester humain. mais dans ce monde là,les règles du jeu sont mortelles. Alors c'est cruel, sidérant, et à la fin  il ne doit qu'en rester qu un."
,"4,0",,Série plaisante et dérangeante à la fois. Je suis convaincu de son inspiration Kubrickienne tant sur le scénario les décors et la musique
,"3,5",,"Cette série est agréable à regarder car l'esthétique est très bien faite. L'histoire est bien menée mais cependant j'ai eu du mal à comprendre l'engouement mondial pour cette série. Les similitudes avec d'anciens films /séries asiatiques comme: Liar game, Battle royal voir 3% (série brésilienne) qui eux n'ont pas eux cette chance et qui méritent autant... Je ne comprends pas trop.Mais bravo Netflix je regarderai surement la saison 2!"
,"3,5",,"Cette série me fait irrésistiblement penser au premier livre de Stephen King ""Marche ou Crève"". Un de ses meilleurs livres mais tellement noir et cru qu'il n'a jamais été adapté au cinéma.La force de la série comme du livre c'est de jouer sur le voyeurisme morbide du spectateur, ce penchant humain qui nous pousse à ralentir à l'approche d'un accident. Une différence importante de la série avec le livre, c'est que la longue marche du livre est très médiatisée et instrumentalisée par le pouvoir. Le lecteur peut alors se justifier en se disant qu'il s'agit d'une fable sur les dérives d'une société autoritaire et médiatique.Dans la série, le seul spectateur de la mort des concurrents c'est nous, devant nos écrans. Nous acceptons toutes les invraisemblances du ""scénario"" pour le plaisir coupable d'assister aux temps forts que constituent les épreuves avec leur lot d'éliminations sanglantes. Cela nous rappelle que nous ne sommes pas fondamentalement différents des hommes qui assistaient aux jeux du cirques ou aux exécutions publiques. Ce qui évidemment un peu dérangeant..."
,"5,0",,"Squid game est très bien fait les acteurs sont incroyables et il y a toujours de l'action, il mérite d'avoir une bonne note normal que ça soit ma série préférée"
,"4,0",,"Plutot bon, le jeu des verre aurais pu etre changer, ce n'etait pas un jeu d'enfant avec aucune stratégie. Les acteurs sont bons et nous font ressentir toute les emotions a travers cette serie stressante"
,"3,5",,"J'ai regardé cette série car le teaser me donnait bien envie. Au global je l'ai trouvée plutôt bonne. Je ne reviens pas sur les thèmes explorés déjà détaillés dans d'autres critiques que j'ai trouvé intéressants ainsi que les points forts mise en scène, décors, musiques décalées etc..En fait ce qui m'a gêné pas mal c'est la lenteur à certains moments et l'absence de réel intérêt de certaines scènes entre les jeux... la palme pour les VIP. Ces moments donnent envie de les passer en accéléré et je trouve ça bien dommage."
,"1,0",,"Franchement, ce qui m’a vraiment dérangé, c’est que je ne comprends pas pourquoi le personnage principal n’a pas simplement proposé à certains participants, ceux qui ne voulaient pas continuer le jeu, de simuler des disputes et de se rallier temporairement au camp adverse. Cela aurait suffi à donner l’illusion que ceux qui souhaitaient poursuivre étaient majoritaires, au moins jusqu’au lendemain des votes. C’était une solution simple et logique. Mais bien sûr, pour avancer dans l’intrigue, il fallait que le personnage principal soit naïf et que personne n’ait cette idée-là. Résultat : cela rend la série complètement irréaliste. Et en plus, nous laisser sur une fin ouverte sans savoir comment tout se termine, c’est encore plus frustrant. Voilà pourquoi j’ai été déçue"
,"3,0",,"Après 3 ans d'attente je m'attendais à mieux, le début est long malgré l'action qu'il peu y avoir, je trouve que l'on a pas vu beaucoup de jeux, 
spoiler: 
(1,2,3 soleil, les 5 minis jeux et le manège), le 001 on a compris trop vite que c'était le maître du jeu.
 J'espère que la suite m'intéressera plus.Par contre les personnages sont super attachants."
,"2,5",,"Alors en tant que SAISON c'est bof, mais en tant que ""partie 1"" ça passe, d'après ce que j'ai compris la saison 3 sera un film (bouuh nul), alors bonne chance pour répondre a toute les questions qu'on a depuis longtemp: 
spoiler: 

Pourquoi le mec carré en tenu noir n'aide plus triangle 11?
Pourquoi y a du trafic d'organe? Et pourquoi ça a l'air d'être illégal au sein des membres ?
Pourquoi le masque noir joue et a attendu 40 ans avant de tirer sur les gens ?
Comment ça se fait que thanos a t'il pu garder des accesoires alors qu'ils prenent tout a l'arrivé ?
Bref

Il y a beaucoup de risque que le film soit décevant (ou alors il va durer très longtemp mais autant faire une série dans ce cas la).Mais notont que les épisodes sont relativement bons (hormis la lenteur des deux premier épisodes), ils ont instaurés de bons personnages attachant et très différent de la dernière saison (inclusif en plus). Ma note pourrais augmenté si la saison était plus complète, ça manque de continuité (finir sur l'épisode 7 est frustrant et nous laisse avec plus de question qu'à la saison 1). Enfin bon quand même hate pour la ""saison 3"""
,"1,0",,Rien a attendre de cette saison juste pour surfer sur le succès de la première et pouvoir sortir une saison trois. Très très très long à démarrer pour rien
,"2,5",,Une saison 2 qui n’est pas terminer... cest sympa de vouloir faire patienter le public en laissant du suspence mais cetais vraiment pas necessaire
,"0,5",,"Une superbe saison 1, j'ai attendu donc la saison 2 sans surprise comme toute les série netflix cela devient un navet commercial..."
,"4,0",,"Cette saison 2 était superbe , malgré quelque petits défaut comme un acting mauvais chez certains joueurs comme le 007 par exemple mais sinon c était très bien , le clifhanger de la fin est bien réalisé et donne envie de voir la suite, les nouveaux j'eus sont très  très  intéressants  et donne du renouveau à la série. Il ne faut pas écouter les commentaires et se faire son propre avis sur cette saison. Certain dirons que spoiler: 
spoiler: 
les scènes de vote étaient un peu longues et inintéressantes mais elles ont leur utilité  car la saison est basé sur lz choix, et dés le premier épisode on sait à peu près que ça va être sur ce thème avec le recruteur qui fait des propositions aux pauvres. Et puis les votes permettent de diviser lez joueurs pour créer des rivalités. 
zn bref regardez la saison 2 et vous comprendrez"
,"1,0",,"Déçu ! C’était un vrai défi pour moi de terminer cette saison 2. Elle commence par un épisode juste excellent !! On y retrouve quelque chose de nouveau et un vrai caractère dans les personnages. Mais au fur et à mesure des épisodes, le côté illogique de la série ressort ,comme s’ils souhaitaient produire de l’inattendue. C’est raté !! La saison est frustrante, les personnages sont sans vie, on retrouve les fameux dialogues à l’Americaine et les scènes improbables ou encore des scènes de blabla qui peuvent durer jusqu’à 10 minutes ! Très très lent, et la recherche de l’île par le bateau n’a juste aucun sens. Autant retirer cette scène vu ce qu’il se passe par la suite dans les jeux. Parlons des jeux, c’est une catastrophe, aucun suspense, aucune rivalité."
,"4,0",,"J'ai adoré, série prenante un as ""the god will"" mais en mieux qui traite aussi de certain sujet existant, jeu d'acteur tout à fait bien mais sans plus ( merci au doubleurs français )"
,"4,0",,"Premiere oeuvre coréenne que je regarde et c'est un magnifique spectacle, que ce soit dans l'acting qui est très réussi, que ce soit dans les décors qui font glauque et chaleureux à la fois. Bref cette série est une claque, la série n'est pas vraiment gore même si certaine séquence sont durs et un peu longue par moment.Un épisode ma particulièrement touché c'est l'épisode 6 nommé ""Ggambu"", à la fin de l'épisode j'étais vide."
,"4,5",,"Je suis vraiment pas quelqu'un qui regarde de séries généralement après 2 épisodes je décroche car la majorité mette trop de temps a en venir au faits et sont fades. Mais cette fois j'ai accroché car elle est immersive, violente et montre le genre de comportement malsains des gens au pouvoir… comme dans la vraie vie quoi :)On a vite l'impression d'être dans le groupe de personnes et de prendre les décisions en même temps que eux. si vous êtes une personne attentive vous remacérer plein de messages subliminaux qui on une grande importance pour la suite des épisodes 
spoiler: 
dont le principal qui est les murs de la salle ou ils dorment qui a les dessins de tous les jeux contre depuis le départ
. Je n'aurai jamais pensé aimé une série avec au temps de hype. Une série qui ne peut être jugé qu'une fois finie sinon elle perd son sens. D'ailleurs personnellement; une saison 2 n'a pas son intérêt."
,"4,5",,"J'ai bien aimé même si le concept est glauque On y voit tout les traits de chaque personnalité face à la mort. Des rebondissement, une histoire..je regarderai la prochaine saison"
,"1,0",,"Je ne vais pas écrire un roman sur cette série,il s'agit d'une pale copie de Gyakkyou Burai Kaiji : Ultimate Survivor de 2007, pour la touche subjective je dirais avec un soupçon de Death Parade pour les jeux. Cette série est uniquement là pour combler l'ennui quand on a le temps. Pour ceux et celles qui ont aimé - adoré (ce qui n'a pas été mon cas, je vous évite le blabla, les personnes qui ont pu critiquer la série ont relevé tous les points), faites une tentative avec Gyakkyou Burai Kaiji (même si s'agit d'une série d'animation)."
,"4,0",,"On a toujours droit aux sempiternels pseudo-experts nous faire culpabiliser sur notre inculture et nos goûts douteux en matière de films et de séries à chaque fois qu’une œuvre est plébiscitée. La plupart des gens veulent juste se détendre et s’évader après une journée de travail quand ils s’installent devant la télé. Je ne suis pas un grand cinéphile comme certains ici mais j’ai apprécié cette série parce que j’y ai ressenti des émotions, même si je me doute que les ressorts sont vus et revus."
,"1,0",,"Saison 2 très décevante, très peu de jeux, de plus ceux là même sont mal fait, très loin d'être aussi bien que ceux de la saison 1. Des jeux d'acteurs inintéressant, épisodes trop lent, pas assez d'action, et une fin plus que médiocre.Bref absolument rien a envier a la saison 1 qui restera sans aucun doute la vedette !"
,"3,5",,"La saison 1 de Squid Game était plutôt étrange à regarder, mais la morale à la fin est très intéressante et fait réflechir.Je recommande"
,"2,0",,"Saison 1 incroyable mais saison 2 c'est du réchauffé, des incohérences, c'est tiré en longueur et ça essaye plus de teaser une saison 3 que de s'occuper réellement de l'histoire de la saison 2. Déçu."
,"2,0",,"Franchement, je ne trouve pas la série super, c’est un peu le remake de la première saison, l’intrigue il n’y en a pas, on sait à l’avance ce qu’il va se passer.Je trouve que c’est surjoué la plupart du temps, il y a que le recruteur qui sort du lot. On parle du côté social, mouais, personne pourrait nous dire comment ça ce passerait en vrai, on ne peut pas le savoir.Les bons points, ce sont les décors qui sont plutôt beaux, et toujours le contraste enfantin et horrible en même temps.Le problème aujourd’hui, c’est qu’il suffit de faire une bonne communication pour que quelque chose fonctionne et quand je vois des 5 étoiles, cela veut dire que cette série vaut des chefs d’œuvre comme Game of throne, Mindhunter…Après chacun son avis."
,"3,0",,"La série se regarde bien, un univers à la Hunger Games avec des jeux haletants. On apprécie également la VO (les sous titres sont de rigueur) avec un jeu d'acteur très expressif qui change des séries occidentales. Cependant la série comporte beaucoup d'incohérences et le sénario n'est pas toujours réaliste : 
spoiler: 
pourquoi l'organisateur est le frère du flic ? A quoi sert l'infiltration du policier ? Pourquoi acceptent-ils te revenir participer au ""jeu"" malgré la mort certaine qui les attend ? Comment leur famille n'est pas mise au courant de leur disparition ? 
 La pseudo morale à la fin est assez ridicule (
spoiler: 
""l'argent c'est pas bien et peut nous pousser à être méchants
"")."
